Processo;DN;DEALER OFFICIAL NAME;TRANSP CEVA;STATE;CITY;PEDIDO TOTVS (SAC);PEDIDO AUTOWARE (SAC);NF ORIGEM (SAC);LIABILITY;CATEGORIA PROBLEMA (SAC);PROBLEMA DETALHADO (SAC);Dt Reclamação (SAC);Dt Sol. Coleta (SAC);Data NFD (SAC);Nº NFD (SAC);CT-e Origem (VITÓRIA SOUZA);CT-e Devolução (VITÓRIA SOUZA);Coleta Agendada (MONICA SILVA);Coleta Efetuada (MONICA SILVA);Motivo Não Coleta (MONICA SILVA);Recebido XD Diadema (RONALDO RODRIGUES);Enviado Araçariguama (RONALDO RODRIGUES);Recebido Araçariguama (PAULO CRUZ);Conferência (ANTHONY MACHADO);NFD Lançada (ANTHONY MACHADO);Status Automático;Observação;Prazo SLA;Status SLA;Dias sem Atualiz.;Alerta
1;;HRB COMERCIO DE VEICULOS LTDA;TELECARGO;SP;SAO JOSE DO RIO PRETO;;;7639;;;;13/03/2025;13/03/2025;02/05/2025;13/06/2367;;305120;18/03/2025;25/06/2025;;;;30/06/2025;;30/06/2025;NFD Lançada;;02/04/2025;⚠ Concluído Fora do Prazo;–;
2;;TAI MOTORS VEICULOS S/A;CAMILO;ES;Vitória;;;7524;;;;30/03/2025;30/03/2025;08/04/2025;;;299567;02/04/2025;30/04/2025;;23/05/2025;;27/05/2025;;27/05/2025;NFD Lançada;;19/04/2025;⚠ Concluído Fora do Prazo;–;
3;;BARI VEÍCULOS LTDA;TRANSTRY;PR;Guarapuava;;;5690;;;;24/04/2025;24/04/2025;;08/03/2186;;298486;29/04/2025;25/04/2025;;13/05/2025;;15/05/2025;;15/05/2025;NFD Lançada;;14/05/2025;⚠ Concluído Fora do Prazo;–;
4;;CAOA MOTOR DO BRASIL LTDA;TERMACO;BA;Lauro de Freitas;;;2831;;;;25/04/2025;25/04/2025;18/03/2025;;;299384;30/04/2025;25/04/2025;;;;;;;Coleta Efetuada;REALIZANDO BUSCAS;15/05/2025;⚠ Fora do Prazo;447;🔴 Parado + 447 dias
5;;ULSAN COMERCIO DE VEICULOS LTDA;CARVALIMA;RO;Vilhena;;;1488;;;;25/04/2025;25/04/2025;12/03/2025;;;299376;30/04/2025;25/04/2025;;09/06/2025;;12/09/2025;;12/09/2025;NFD Lançada;;15/05/2025;⚠ Concluído Fora do Prazo;–;
6;;ULSAN COMERCIO DE VEICULOS LTDA;CARVALIMA;RO;Vilhena;;;1633;;;;25/04/2025;25/04/2025;13/03/2025;;;299380;30/04/2025;25/04/2025;;09/06/2025;;08/09/2025;;08/09/2025;NFD Lançada;;15/05/2025;⚠ Concluído Fora do Prazo;–;
7;;ULSAN COMERCIO DE VEICULOS LTDA;CARVALIMA;RO;Vilhena;;;2072;;;;25/04/2025;25/04/2025;14/03/2025;;;299377;30/04/2025;25/04/2025;;09/06/2025;;12/09/2025;;12/09/2025;NFD Lançada;;15/05/2025;⚠ Concluído Fora do Prazo;–;
8;;CAOA MOTOR DO BRASIL LTDA;TERMACO;BA;Lauro de Freitas;;;3556;;;;29/04/2025;29/04/2025;29/04/2025;06/01/2200;;299858;02/05/2025;08/05/2025;;;;14/05/2025;;14/05/2025;NFD Lançada;;19/05/2025;✔ Concluído;–;
9;;CAOA MOTOR DO BRASIL LTDA;TERMACO;BA;Lauro de Freitas;;;5014;;;;29/04/2025;29/04/2025;29/04/2025;09/01/2200;;299733;02/05/2025;08/05/2025;;;;14/05/2025;;14/05/2025;NFD Lançada;;19/05/2025;✔ Concluído;–;
10;;HOUSE PARTS-COM. DE PCS. E VEICULOS LTDA;TRANSTRY;RS;Porto Alegre;;;1615;;;;29/04/2025;29/04/2025;13/03/2025;;;299382;02/05/2025;29/04/2025;;13/05/2025;;17/09/2025;;17/09/2025;NFD Lançada;;19/05/2025;⚠ Concluído Fora do Prazo;–;
11;;HOUSE PARTS-COM. DE PCS. E VEICULOS LTDA;TRANSTRY;RS;Porto Alegre;;;2793;;;;29/04/2025;29/04/2025;18/03/2025;;;299410;02/05/2025;29/04/2025;;13/05/2025;;13/05/2025;;13/05/2025;NFD Lançada;;19/05/2025;✔ Concluído;–;
12;;HOUSE PARTS-COM. DE PCS. E VEICULOS LTDA;TRANSTRY;RS;Porto Alegre;;;2819;;;;29/04/2025;29/04/2025;18/03/2025;;;299444;02/05/2025;29/04/2025;;13/05/2025;;12/09/2025;;12/09/2025;NFD Lançada;;19/05/2025;⚠ Concluído Fora do Prazo;–;
13;;CAOA MOTOR DO BRASIL LTDA;TERMACO;BA;Lauro de Freitas;;;8305;;;;30/04/2025;30/04/2025;29/04/2025;29/07/2126;;301834;05/05/2025;20/05/2025;;20/05/2025;;26/05/2025;;26/05/2025;NFD Lançada;;20/05/2025;⚠ Concluído Fora do Prazo;–;
14;;BARI VEICULOS LTDA;TRANSTRY;PR;Guarapuava;;;4199;;;;02/05/2025;02/05/2025;24/04/2025;13/06/2186;;299569;07/05/2025;06/05/2025;;13/05/2025;;13/05/2025;;13/05/2025;NFD Lançada;;22/05/2025;✔ Concluído;–;
15;;CAOA MOTOR DO BRASIL LTDA;TERMACO;BA;Lauro de Freitas;;;3701;;;;02/05/2025;02/05/2025;21/03/2025;;;305817;07/05/2025;02/05/2025;;10/07/2025;;17/09/2025;;17/09/2025;NFD Lançada;;22/05/2025;⚠ Concluído Fora do Prazo;–;
16;;CAOA MOTOR DO BRASIL LTDA;TERMACO;BA;Lauro de Freitas;;;4153;;;;02/05/2025;02/05/2025;24/03/2025;;;300273;07/05/2025;02/05/2025;;11/08/2025;;12/09/2025;;12/09/2025;NFD Lançada;;22/05/2025;⚠ Concluído Fora do Prazo;–;
17;;CAOA MOTOR DO BRASIL LTDA;TERMACO;BA;Lauro de Freitas;;;5008;;;;02/05/2025;02/05/2025;26/03/2025;;;299696;07/05/2025;02/05/2025;;20/05/2025;;01/06/2025;;01/06/2025;NFD Lançada;;22/05/2025;⚠ Concluído Fora do Prazo;–;
18;;HOUSE PARTS-COM. DE PCS. E VEICULOS LTDA;TRANSTRY;RS;Porto Alegre;;;4994;;;;02/05/2025;02/05/2025;26/03/2025;;;299643;07/05/2025;02/05/2025;;20/05/2025;;27/05/2025;;27/05/2025;NFD Lançada;;22/05/2025;⚠ Concluído Fora do Prazo;–;
19;;SEVEC VEICULOS LTDA;TRANSTRY;PR;Curitiba;;;3019;;;;02/05/2025;02/05/2025;19/03/2025;;;300210;07/05/2025;02/05/2025;;20/05/2025;;20/05/2025;;20/05/2025;NFD Lançada;;22/05/2025;✔ Concluído;–;
20;;VETOR AUTOMOVEIS LTDA;TRANSTRY;PR;Cascavel;;;1017;;;;02/05/2025;02/05/2025;04/04/2025;29/03/2198;;299722;07/05/2025;05/05/2025;;13/05/2025;;13/05/2025;;13/05/2025;NFD Lançada;;22/05/2025;✔ Concluído;–;
21;;AMX COM. E SERVICOS DE AUTOMOTORES LTDA;–;–;–;;;2506;;;;05/05/2025;05/05/2025;17/03/2025;;;299703;08/05/2025;05/05/2025;;23/05/2025;;12/09/2025;;12/09/2025;NFD Lançada;;25/05/2025;⚠ Concluído Fora do Prazo;–;
22;;CAOA MOTOR DO BRASIL LTDA;TERMACO;BA;Lauro de Freitas;;;4494;;;;05/05/2025;05/05/2025;24/03/2025;14/03/2200;;299974;08/05/2025;08/05/2025;;;;14/05/2025;;14/05/2025;NFD Lançada;;25/05/2025;✔ Concluído;–;
23;;CAOA MOTOR DO BRASIL LTDA;TERMACO;BA;Lauro de Freitas;;;4692;;;;05/05/2025;05/05/2025;29/04/2025;12/01/2200;;299985;08/05/2025;08/05/2025;;;;13/05/2025;;13/05/2025;NFD Lançada;;25/05/2025;✔ Concluído;–;
24;;CAOA MOTOR DO BRASIL LTDA;TERMACO;BA;Lauro de Freitas;;;4692;;;;05/05/2025;05/05/2025;02/05/2025;25/01/2200;;300200;08/05/2025;08/05/2025;;;;14/05/2025;;14/05/2025;NFD Lançada;;25/05/2025;✔ Concluído;–;
25;;ITAVEMA MOTORS VEICULOS LTDA;CAMILO;RJ;São João de Meriti;;;3104;;;;05/05/2025;05/05/2025;20/03/2025;;;299564;08/05/2025;05/05/2025;;22/05/2025;;17/09/2025;;17/09/2025;NFD Lançada;;25/05/2025;⚠ Concluído Fora do Prazo;–;
26;;LEAUTO RIO HAN VEICULOS LTDA;CAMILO;RJ;Nova Iguaçu;;;1604;;;;05/05/2025;05/05/2025;13/03/2025;;;299640;08/05/2025;05/05/2025;;13/05/2025;;15/08/2025;;15/08/2025;NFD Lançada;;25/05/2025;⚠ Concluído Fora do Prazo;–;
27;;ULSAN COMERCIO DE VEICULOS LTDA;CARVALIMA;RO;Vilhena;;;1486;;;;06/05/2025;06/05/2025;12/03/2025;;;299375;09/05/2025;06/05/2025;;;;;;;Coleta Efetuada;;26/05/2025;⚠ Fora do Prazo;438;🔴 Parado + 438 dias
28;;SEVEC VEICULOS LTDA;TRANSTRY;PR;Curitiba;;;5242;;;;07/05/2025;07/05/2025;27/03/2025;;;300211;12/05/2025;07/05/2025;;03/06/2025;;12/09/2025;;12/09/2025;NFD Lançada;;27/05/2025;⚠ Concluído Fora do Prazo;–;
29;;CAOA MOTOR DO BRASIL LTDA;TERMACO;BA;Lauro de Freitas;;;2914;;;;08/05/2025;08/05/2025;07/05/2025;08/01/2371;;305812;13/05/2025;26/06/2025;;26/06/2025;;12/09/2025;;12/09/2025;NFD Lançada;;28/05/2025;⚠ Concluído Fora do Prazo;–;
30;;CAOA MOTOR DO BRASIL LTDA;TERMACO;BA;Lauro de Freitas;;;3918;;;;08/05/2025;08/05/2025;05/05/2025;29/06/2224;;302109;13/05/2025;28/05/2025;;01/10/2025;;01/10/2025;;01/10/2025;NFD Lançada;;28/05/2025;⚠ Concluído Fora do Prazo;–;
31;;CYCOSA AUTOMOVEIS;TERMACO;AL;Maceió;;;2049;;;;08/05/2025;08/05/2025;08/05/2025;10/11/2548;;302131;13/05/2025;29/05/2025;;23/06/2025;;15/07/2025;;15/07/2025;NFD Lançada;;28/05/2025;⚠ Concluído Fora do Prazo;–;
32;;CYCOSA AUTOMOVEIS;TERMACO;AL;Maceió;;;2056;;;;08/05/2025;08/05/2025;08/05/2025;13/11/2548;;302126;13/05/2025;29/05/2025;;23/06/2025;;15/07/2025;;15/07/2025;NFD Lançada;;28/05/2025;⚠ Concluído Fora do Prazo;–;
33;;CYCOSA AUTOMOVEIS;TERMACO;AL;Maceió;;;4419;;;;08/05/2025;08/05/2025;08/05/2025;14/11/2548;;302132;13/05/2025;29/05/2025;;23/06/2025;;15/07/2025;;15/07/2025;NFD Lançada;;28/05/2025;⚠ Concluído Fora do Prazo;–;
34;;DESTAQUE SEUL DISTRIBUIDORA DE VEICULOS E PEÇAS;XD-DIADEMA;SP;Bragança Paulista;;;10022;;;;09/05/2025;09/05/2025;08/05/2025;10/09/2139;;300213;14/05/2025;12/05/2025;;16/05/2025;;;;;Recebido XD Diadema;EM TRÂNSITO - VERIFICANDO;29/05/2025;⚠ Fora do Prazo;431;🔴 Parado + 431 dias
35;;ULSAN COMERCIO DE VEICULOS LTDA;CARVALIMA;RO;Vilhena;;;22;;;;12/05/2025;12/05/2025;06/05/2025;05/01/2087;;301311;15/05/2025;19/05/2025;;02/07/2025;;04/07/2025;;04/07/2025;NFD Lançada;;01/06/2025;⚠ Concluído Fora do Prazo;–;
36;;ULSAN COMERCIO DE VEICULOS LTDA;CARVALIMA;RO;Vilhena;;;181;;;;12/05/2025;12/05/2025;06/05/2025;04/01/2087;;301311;15/05/2025;19/05/2025;;09/06/2025;;04/07/2025;;04/07/2025;NFD Lançada;;01/06/2025;⚠ Concluído Fora do Prazo;–;
37;;BILLY DISTRIBUIDORA DE VEICULOS LTDA;XD-DIADEMA;SP;Barueri;;;4397;;;;19/05/2025;19/05/2025;16/05/2025;05/07/2570;;301305;22/05/2025;19/05/2025;;19/05/2025;;27/05/2025;;27/05/2025;NFD Lançada;;08/06/2025;✔ Concluído;–;
38;;BILLY DISTRIBUIDORA DE VEICULOS LTDA;XD-DIADEMA;SP;Barueri;;;9314;;;;21/05/2025;21/05/2025;16/05/2025;26/11/2566;;301837;26/05/2025;27/05/2025;;27/05/2025;;;;;Recebido XD Diadema;EM TRÂNSITO - VERIFICANDO;10/06/2025;⚠ Fora do Prazo;420;🔴 Parado + 420 dias
39;;SEVEL VEICULOS LTDA;TERMACO;SE;Aracaju;;;192705;;;;26/05/2025;26/05/2025;13/05/2025;09/08/2427;;302918;29/05/2025;05/06/2025;;27/06/2025;;15/07/2025;;15/07/2025;NFD Lançada;;15/06/2025;⚠ Concluído Fora do Prazo;–;
40;;SEVEL VEICULOS LTDA;TERMACO;SE;Aracaju;;;192912;;;;26/05/2025;26/05/2025;;03/03/2428;;302920;29/05/2025;05/06/2025;;27/06/2025;;27/06/2025;;27/06/2025;NFD Lançada;;15/06/2025;⚠ Concluído Fora do Prazo;–;
41;;BDG AUTOVILLE VEICULOS LTDA;XD BETIM;MG;CONTAGEM;;;3705;;;;27/05/2025;27/05/2025;27/05/2025;03/01/2050;;302746;30/05/2025;29/05/2025;;29/05/2025;;17/09/2025;;17/09/2025;NFD Lançada;;16/06/2025;⚠ Concluído Fora do Prazo;–;
42;;BILLY DISTRIBUIDORA DE VEICULOS LTDA;XD-DIADEMA;SP;Barueri;;;8592;;;;27/05/2025;27/05/2025;27/05/2025;25/02/2570;;302449;30/05/2025;29/05/2025;;29/05/2025;;17/09/2025;;17/09/2025;NFD Lançada;;16/06/2025;⚠ Concluído Fora do Prazo;–;
43;;CAOA MOTOR DO BRASIL LTDA;TERMACO;BA;Lauro de Freitas;;;3767;;;;27/05/2025;27/05/2025;20/05/2025;09/07/2119;;305121;30/05/2025;25/06/2025;;;;30/06/2025;;30/06/2025;NFD Lançada;;16/06/2025;⚠ Concluído Fora do Prazo;–;
44;;SEVEC VEICULOS LTDA;TRANSTRY;PR;Curitiba;;;10684;;;;27/05/2025;27/05/2025;26/05/2025;29/05/2822;;303830;30/05/2025;02/06/2025;;26/06/2025;;27/06/2025;;27/06/2025;NFD Lançada;;16/06/2025;⚠ Concluído Fora do Prazo;–;
45;;BARI VEICULOS LTDA;TRANSTRY;PR;Guarapuava;;;5710;;;;28/05/2025;28/05/2025;27/05/2025;28/09/2257;;303362;02/06/2025;29/05/2025;;22/07/2025;;22/07/2025;;22/07/2025;NFD Lançada;;17/06/2025;⚠ Concluído Fora do Prazo;–;
46;;BDG AUTOVILLE VEICULOS LTDA;XD BETIM;MG;CONTAGEM;;;10550;;;;28/05/2025;28/05/2025;27/05/2025;29/04/2050;;302745;02/06/2025;03/06/2025;;30/05/2025;;17/09/2025;;17/09/2025;NFD Lançada;;17/06/2025;⚠ Concluído Fora do Prazo;–;
47;;BDG AUTOVILLE VEICULOS LTDA;XD BETIM;MG;BELO HORIZONTE;;;12138;;;;28/05/2025;28/05/2025;;06/10/2002;;CANCELADA;02/06/2025;Cancelada;;Cancelada;;Cancelada;;Cancelada;NFD Lançada;;17/06/2025;⚠ Concluído Fora do Prazo;–;
48;;DESTAQUE SEUL DISTRIBUIDORA DE VEICULOS E PEÇAS;XD-DIADEMA;SP;Bragança Paulista;;;1047;;;;28/05/2025;28/05/2025;28/05/2025;13/11/2137;;302292;02/06/2025;29/05/2025;;29/05/2025;;11/06/2025;;11/06/2025;NFD Lançada;;17/06/2025;✔ Concluído;–;
49;;BILLY DISTRIBUIDORA DE VEICULOS LTDA;XD-DIADEMA;SP;Barueri;;;2605;;;;29/05/2025;29/05/2025;28/05/2025;15/02/2573;;302448;03/06/2025;30/05/2025;;30/05/2025;;12/09/2025;;12/09/2025;NFD Lançada;;18/06/2025;⚠ Concluído Fora do Prazo;–;
50;;DESTAQUE SEUL DISTRIBUIDORA DE VEICULOS E PEÇAS;XD-DIADEMA;SP;Bragança Paulista;;;2942;;;;29/05/2025;29/05/2025;28/05/2025;06/12/2137;;302574;03/06/2025;03/06/2025;;03/06/2025;;12/09/2025;;12/09/2025;NFD Lançada;;18/06/2025;⚠ Concluído Fora do Prazo;–;
51;;DESTAQUE SEUL DISTRIBUIDORA DE VEICULOS E PEÇAS;XD-DIADEMA;SP;Bragança Paulista;;;5409;;;;29/05/2025;29/05/2025;28/05/2025;02/12/2137;;302450;03/06/2025;03/06/2025;;03/06/2025;;11/06/2025;;11/06/2025;NFD Lançada;;18/06/2025;✔ Concluído;–;
52;;BARI VEICULOS LTDA;TRANSTRY;PR;Guarapuava;;;12623;;;;30/05/2025;30/05/2025;30/05/2025;17/05/2257;;302580;04/06/2025;02/06/2025;;10/06/2025;;10/06/2025;;10/06/2025;NFD Lançada;;19/06/2025;✔ Concluído;–;
53;;CAOA MOTOR DO BRASIL LTDA;TERMACO;BA;Lauro de Freitas;;;7095;;;;30/05/2025;30/05/2025;;02/10/2201;;CANCELADA;04/06/2025;CANCELADA;;;;CANCELADA;;CANCELADA;NFD Lançada;;19/06/2025;⚠ Concluído Fora do Prazo;–;
54;;CAOA MOTOR DO BRASIL LTDA;TERMACO;BA;Lauro de Freitas;;;11455;;;;30/05/2025;30/05/2025;;02/10/2201;;CANCELADA;04/06/2025;Cancelada;;Cancelada;;Cancelada;;Cancelada;NFD Lançada;;19/06/2025;⚠ Concluído Fora do Prazo;–;
55;;GAMBATO H1 VEICULOS LTDA;TRANSTRY;SC;CHAPECO;;;11285;;;;30/05/2025;30/05/2025;28/05/2025;29/11/2131;;302928;04/06/2025;02/06/2025;;10/06/2025;;12/09/2025;;12/09/2025;NFD Lançada;;19/06/2025;⚠ Concluído Fora do Prazo;–;
56;;BARI VEICULOS LTDA;TRANSTRY;PR;Guarapuava;;;5113;;;;03/06/2025;03/06/2025;02/06/2025;01/02/2126;;303360;06/06/2025;05/06/2025;;15/07/2025;;23/07/2025;;23/07/2025;NFD Lançada;;23/06/2025;⚠ Concluído Fora do Prazo;–;
57;;CAOA MOTOR DO BRASIL LTDA;TERMACO;BA;Lauro de Freitas;;;12024;;;;03/06/2025;03/06/2025;02/06/2025;20/05/2105;;302921;06/06/2025;05/06/2025;;29/07/2025;;17/09/2025;;17/09/2025;NFD Lançada;;23/06/2025;⚠ Concluído Fora do Prazo;–;
58;;CYCOSA AUTOMOVEIS;TERMACO;AL;Maceió;;;5981;;;;03/06/2025;03/06/2025;02/06/2025;16/02/2553;;303660;06/06/2025;12/06/2025;;01/07/2025;;17/09/2025;;17/09/2025;NFD Lançada;;23/06/2025;⚠ Concluído Fora do Prazo;–;
59;;VETOR AUTOMOVEIS LTDA;TRANSTRY;PR;Cascavel;;;10023;;;;03/06/2025;03/06/2025;03/06/2025;11/02/2205;;303668;06/06/2025;06/06/2025;;26/06/2025;;27/06/2025;;27/06/2025;NFD Lançada;;23/06/2025;⚠ Concluído Fora do Prazo;–;
60;;BARI VEICULOS LTDA;TRANSTRY;PR;Guarapuava;;;18742;;;;04/06/2025;04/06/2025;;10/05/2258;;302922;09/06/2025;05/06/2025;;22/07/2025;;22/07/2025;;22/07/2025;NFD Lançada;;24/06/2025;⚠ Concluído Fora do Prazo;–;
61;;BDG AUTOVILLE VEICULOS LTDA;XD BETIM;MG;CONTAGEM;;;1230;;;;04/06/2025;04/06/2025;03/06/2025;18/12/2051;;303453;09/06/2025;10/06/2025;;06/07/2025;;29/09/2025;;29/09/2025;NFD Lançada;;24/06/2025;⚠ Concluído Fora do Prazo;–;
62;;BDG AUTOVILLE VEICULOS LTDA;XD BETIM;MG;CONTAGEM;;;12138;;;;04/06/2025;04/06/2025;28/05/2025;13/12/2002;;303451;09/06/2025;10/06/2025;;13/06/2025;;12/09/2025;;12/09/2025;NFD Lançada;;24/06/2025;⚠ Concluído Fora do Prazo;–;
63;;BDG AUTOVILLE VEICULOS LTDA;XD BETIM;MG;CONTAGEM;;;12546;;;;04/06/2025;04/06/2025;03/06/2025;21/12/2051;;303452;09/06/2025;10/06/2025;;06/07/2025;;17/09/2025;;17/09/2025;NFD Lançada;;24/06/2025;⚠ Concluído Fora do Prazo;–;
64;;BARI VEICULOS LTDA;TRANSTRY;PR;Guarapuava;;;1897;;;;05/06/2025;05/06/2025;04/06/2025;03/04/2126;;303948;10/06/2025;16/06/2025;;22/07/2025;;12/09/2025;;12/09/2025;NFD Lançada;;25/06/2025;⚠ Concluído Fora do Prazo;–;
65;;BARI VEICULOS LTDA;TRANSTRY;PR;Guarapuava;;;8500;;;;05/06/2025;05/06/2025;04/06/2025;02/04/2126;;303945;10/06/2025;16/06/2025;;22/07/2025;;23/07/2025;;23/07/2025;NFD Lançada;;25/06/2025;⚠ Concluído Fora do Prazo;–;
66;;DHC COMERCIO DE VEICULOS E PECAS LTDA;MVT;SP;Bauru;;;13552;;;;05/06/2025;05/06/2025;04/06/2025;27/11/2383;;307341;10/06/2025;17/07/2025;;;;21/07/2025;;21/07/2025;NFD Lançada;;25/06/2025;⚠ Concluído Fora do Prazo;–;
67;;GOLDEN MOTORS VEICULOS LTDA;MVT;SP;Vila Santa Maria;;;5661;;;;05/06/2025;05/06/2025;28/03/2025;;;302932;10/06/2025;05/06/2025;;30/06/2025;;04/07/2025;;04/07/2025;NFD Lançada;;25/06/2025;⚠ Concluído Fora do Prazo;–;
68;;GOLDEN MOTORS VEICULOS LTDA;MVT;SP;Vila Santa Maria;;;12687;;;;05/06/2025;05/06/2025;24/05/2025;;;302931;10/06/2025;05/06/2025;;30/06/2025;;04/07/2025;;04/07/2025;NFD Lançada;;25/06/2025;⚠ Concluído Fora do Prazo;–;
69;;BARI VEÍCULOS LTDA;TRANSTRY;PR;Guarapuava;;;8187;;;;06/06/2025;06/06/2025;06/06/2025;20/10/2252;;304079;11/06/2025;06/06/2025;;08/08/2025;;12/09/2025;;12/09/2025;NFD Lançada;;26/06/2025;⚠ Concluído Fora do Prazo;–;
70;;SAINT LAND COMERCIO DE VEICULOS LTDA;TERMACO;CE;Juazeiro do Norte;;;12677;;;;06/06/2025;06/06/2025;28/05/2025;18/10/1912;;304422;11/06/2025;20/06/2025;;31/07/2025;;14/08/2025;;14/08/2025;NFD Lançada;;26/06/2025;⚠ Concluído Fora do Prazo;–;
71;;BDG AUTOVILLE VEICULOS LTDA;XD BETIM;MG;CONTAGEM;;;11300;;;;09/06/2025;09/06/2025;09/06/2025;23/11/2052;;304081;12/06/2025;17/06/2025;;18/06/2025;;11/06/2025;;11/06/2025;NFD Lançada;;29/06/2025;✔ Concluído;–;
72;;DESTAQUE SEUL DISTRIBUIDORA DE VEICULOS E PEÇAS;XD-DIADEMA;SP;Bragança Paulista;;;13805;;;;09/06/2025;09/06/2025;09/06/2025;08/03/2139;;305884;12/06/2025;13/06/2025;;13/06/2025;;17/09/2025;;17/09/2025;NFD Lançada;;29/06/2025;⚠ Concluído Fora do Prazo;–;
73;;ANDRETTA II DISTRIBUIDORA DE VEICULOS LTDA;XD-DIADEMA;SP;CAMPINAS;;;7644;;;;10/06/2025;10/06/2025;10/06/2025;16/03/2539;;304258;13/06/2025;17/06/2025;;17/06/2025;;17/09/2025;;17/09/2025;NFD Lançada;;30/06/2025;⚠ Concluído Fora do Prazo;–;
74;;BARI VEICULOS LTDA;TRANSTRY;PR;Guarapuava;;;7605;;;;10/06/2025;10/06/2025;09/06/2025;09/06/2126;;303666;13/06/2025;13/06/2025;;22/07/2025;;22/07/2025;;22/07/2025;NFD Lançada;;30/06/2025;⚠ Concluído Fora do Prazo;–;
75;;BARI VEICULOS LTDA;TRANSTRY;PR;Guarapuava;;;25894;;;;10/06/2025;10/06/2025;;28/02/2258;;303601;13/06/2025;12/06/2025;;26/06/2025;;27/06/2025;;27/06/2025;NFD Lançada;;30/06/2025;✔ Concluído;–;
76;;BARI VEICULOS LTDA;TRANSTRY;PR;Guarapuava;;;129231;;;;10/06/2025;10/06/2025;;27/05/2258;;303667;13/06/2025;13/06/2025;;22/07/2025;;05/08/2025;;05/08/2025;NFD Lançada;;30/06/2025;⚠ Concluído Fora do Prazo;–;
77;;CHS MOTORS VEICULOS PECAS E SERVICOS LTDA;XD-DIADEMA;SP;São Paulo;;;14133;;;;10/06/2025;10/06/2025;09/06/2025;21/11/2339;;305821;13/06/2025;17/06/2025;;17/06/2025;;15/07/2025;;15/07/2025;NFD Lançada;;30/06/2025;⚠ Concluído Fora do Prazo;–;
78;;JPG MOTORS COMERCIO DE VEICULOS LTDA;CARVALIMA;MS;Campo Grande;;;7557;;;;10/06/2025;10/06/2025;16/06/2025;30/01/2061;;303944;13/06/2025;17/06/2025;;24/06/2025;;08/09/2025;;08/09/2025;NFD Lançada;;30/06/2025;⚠ Concluído Fora do Prazo;–;
79;;MASTER COMERCIAL DE VEICULOS LTDA;TERMACO;BA;BARREIRAS;;;8685;;;;10/06/2025;10/06/2025;13/05/2025;20/11/2007;;305681;13/06/2025;01/07/2025;;22/07/2025;;14/08/2025;;14/08/2025;NFD Lançada;;30/06/2025;⚠ Concluído Fora do Prazo;–;
80;;VETOR AUTOMOVEIS LTDA;TRANSTRY;PR;Cascavel;;;1063;;;;10/06/2025;10/06/2025;10/06/2025;06/12/2205;;303949;13/06/2025;12/06/2025;;24/06/2025;;07/07/2025;;07/07/2025;NFD Lançada;;30/06/2025;⚠ Concluído Fora do Prazo;–;
81;;VETOR AUTOMOVEIS LTDA;TRANSTRY;PR;Cascavel;;;1063;;;;10/06/2025;10/06/2025;10/06/2025;07/12/2205;;303888;13/06/2025;12/06/2025;;26/06/2025;;27/06/2025;;27/06/2025;NFD Lançada;;30/06/2025;✔ Concluído;–;
82;;VETOR AUTOMOVEIS LTDA;TRANSTRY;PR;Cascavel;;;5024;;;;10/06/2025;10/06/2025;10/06/2025;03/01/2206;;303950;13/06/2025;12/06/2025;;24/06/2025;;07/07/2025;;07/07/2025;NFD Lançada;;30/06/2025;⚠ Concluído Fora do Prazo;–;
83;;BARI VEICULOS LTDA;TRANSTRY;PR;Guarapuava;;;13917;;;;11/06/2025;11/06/2025;11/06/2025;03/07/2126;;305658;16/06/2025;25/06/2025;;24/06/2025;;12/09/2025;;12/09/2025;NFD Lançada;;01/07/2025;⚠ Concluído Fora do Prazo;–;
84;;BARI VEICULOS LTDA;TRANSTRY;PR;Guarapuava;;;13984;;;;11/06/2025;11/06/2025;11/06/2025;02/07/2126;;305658;16/06/2025;25/06/2025;;11/08/2025;;12/09/2025;;12/09/2025;NFD Lançada;;01/07/2025;⚠ Concluído Fora do Prazo;–;
85;;TAI MOTORS VEICULOS S/A;CAMILO;ES;Vitória;;;12931;;;;11/06/2025;11/06/2025;24/05/2025;;;303590;16/06/2025;11/06/2025;;18/07/2025;;17/09/2025;;17/09/2025;NFD Lançada;;01/07/2025;⚠ Concluído Fora do Prazo;–;
86;;VETOR AUTOMOVEIS LTDA;TRANSTRY;PR;Cascavel;;;1063;;;;11/06/2025;11/06/2025;11/06/2025;27/01/2206;;303889;16/06/2025;12/06/2025;;26/06/2025;;27/06/2025;;27/06/2025;NFD Lançada;;01/07/2025;✔ Concluído;–;
87;;VETOR AUTOMOVEIS LTDA;TRANSTRY;PR;Cascavel;;;4291;;;;11/06/2025;11/06/2025;11/06/2025;13/02/2206;;303890;16/06/2025;13/06/2025;;24/06/2025;;07/07/2025;;07/07/2025;NFD Lançada;;01/07/2025;⚠ Concluído Fora do Prazo;–;
88;;SAGA KOREA COMERCIO DE VEICULOS PECAS E SERVI;CARVALIMA;MT;VARZEA GRANDE;;;9921;;;;12/06/2025;12/06/2025;11/06/2025;29/09/2516;;305653;17/06/2025;24/06/2025;;11/07/2025;;15/07/2025;;15/07/2025;NFD Lançada;;02/07/2025;⚠ Concluído Fora do Prazo;–;
89;;CAOA MOTOR DO BRASIL LTDA;TERMACO;BA;Lauro de Freitas;;;2011;;;;13/06/2025;13/06/2025;13/06/2025;19/04/2020;;304256;18/06/2025;16/06/2025;;24/06/2025;;27/06/2025;;27/06/2025;NFD Lançada;;03/07/2025;✔ Concluído;–;
90;;CYCOSA AUTOMOVEIS;TERMACO;AL;Maceió;;;9998;;;;13/06/2025;13/06/2025;30/06/2025;05/08/2554;;305314;18/06/2025;27/06/2025;;14/07/2025;;14/08/2025;;14/08/2025;NFD Lançada;;03/07/2025;⚠ Concluído Fora do Prazo;–;
91;;CAOA MOTOR DO BRASIL LTDA;TERMACO;BA;Lauro de Freitas;;;14512;;;;16/06/2025;16/06/2025;16/06/2025;08/10/2128;;305819;19/06/2025;25/06/2025;;25/06/2025;;12/09/2025;;12/09/2025;NFD Lançada;;06/07/2025;⚠ Concluído Fora do Prazo;–;
92;;CARWAY SUL VEICULOS LTDA;TRANSTRY;RS;Porto Alegre;;;13307;;;;17/06/2025;17/06/2025;16/06/2025;22/03/2620;;304423;20/06/2025;18/06/2025;;24/06/2025;;15/07/2025;;15/07/2025;NFD Lançada;;07/07/2025;⚠ Concluído Fora do Prazo;–;
93;;CAOA MOTOR DO BRASIL LTDA;TERMACO;BA;Lauro de Freitas;;;14668;;;;20/06/2025;20/06/2025;12/06/2025;04/10/2262;;305118;25/06/2025;26/06/2025;;26/06/2025;;15/07/2025;;15/07/2025;NFD Lançada;;10/07/2025;⚠ Concluído Fora do Prazo;–;
94;;MASTER COMERCIAL DE VEICULOS LTDA;TERMACO;BA;BARREIRAS;;;14473;;;;20/06/2025;20/06/2025;20/06/2025;05/08/2009;;304777;25/06/2025;02/07/2025;;22/07/2025;;27/08/2025;;27/08/2025;NFD Lançada;;10/07/2025;⚠ Concluído Fora do Prazo;–;
95;;NISA COMRCIAL DE VEIC AUTOMOTORES LTDA;RIO VERMLEHO;GO;GOIANIA;;;14927;;;;20/06/2025;20/06/2025;09/06/2025;;;304420;25/06/2025;23/06/2025;;16/07/2025;;13/10/2025;;13/10/2025;NFD Lançada;;10/07/2025;⚠ Concluído Fora do Prazo;–;
96;;NOBRE DISTRIBUIDORA DE VEICULOS E PECAS LTDA;MVT;SP;Aparecida;;;14623;;;;20/06/2025;20/06/2025;17/06/2025;06/06/2547;;305652;25/06/2025;30/06/2025;;30/06/2025;;;;;Recebido XD Diadema;EM TRÂNSITO - VERIFICANDO;10/07/2025;⚠ Fora do Prazo;386;🔴 Parado + 386 dias
97;;PATEO COMERCIO DE VEICULOS S/A;TERMACO;PE;OLINDA;;;12957;;;;20/06/2025;20/06/2025;19/06/2025;09/12/2301;;304588;25/06/2025;23/06/2025;;10/07/2025;;16/07/2025;;16/07/2025;NFD Lançada;;10/07/2025;⚠ Concluído Fora do Prazo;–;
98;;CAOA MOTOR DO BRASIL LTDA;TERMACO;BA;Lauro de Freitas;;;4591;;;;23/06/2025;23/06/2025;20/06/2025;19/12/2228;;304776;26/06/2025;25/06/2025;;02/07/2025;;21/07/2025;;21/07/2025;NFD Lançada;;13/07/2025;⚠ Concluído Fora do Prazo;–;
99;;CAOA MOTOR DO BRASIL LTDA;TERMACO;BA;Lauro de Freitas;;;13092;;;;23/06/2025;23/06/2025;23/06/2025;22/05/2018;;304583;26/06/2025;01/07/2025;;24/09/2025;;26/09/2025;;26/09/2025;NFD Lançada;;13/07/2025;⚠ Concluído Fora do Prazo;–;
100;;CAOA MOTOR DO BRASIL LTDA;TERMACO;BA;Lauro de Freitas;;;13509;;;;23/06/2025;23/06/2025;23/06/2025;21/05/2018;;304587;26/06/2025;01/07/2025;;15/07/2025;;17/09/2025;;17/09/2025;NFD Lançada;;13/07/2025;⚠ Concluído Fora do Prazo;–;
101;;CYCOSA AUTOMOVEIS;TERMACO;AL;Maceió;;;12949;;;;23/06/2025;23/06/2025;20/06/2025;17/12/2555;;304578;26/06/2025;30/06/2025;;10/07/2025;;16/07/2025;;16/07/2025;NFD Lançada;;13/07/2025;⚠ Concluído Fora do Prazo;–;
102;;H-CAMINHO AUTOMOVEIS LTDA;TELECARGO;SP;LIMEIRA;;;13104;;;;23/06/2025;23/06/2025;20/06/2025;09/02/2184;;305649;26/06/2025;27/06/2025;;;;07/07/2025;;07/07/2025;NFD Lançada;;13/07/2025;✔ Concluído;–;
103;;H-CAMINHO AUTOMOVEIS LTDA;TELECARGO;SP;LIMEIRA;;;14909;;;;23/06/2025;23/06/2025;20/06/2025;23/02/2184;;305822;26/06/2025;07/07/2025;;;;07/07/2025;;07/07/2025;NFD Lançada;;13/07/2025;✔ Concluído;–;
104;;PATEO COMERCIO DE VEICULOS S/A;TERMACO;MA;SAO LUIS;;;11512;;;;23/06/2025;23/06/2025;23/06/2025;27/10/2318;;304580;26/06/2025;26/06/2025;;08/07/2025;;17/09/2025;;17/09/2025;NFD Lançada;;13/07/2025;⚠ Concluído Fora do Prazo;–;
105;;RIO GRANDE MOTORS LTDA;XD BETIM;MG;Passos;;;7119;;;;23/06/2025;23/06/2025;11/06/2025;19/06/1998;;305885;26/06/2025;02/07/2025;;17/07/2025;;27/08/2025;;27/08/2025;NFD Lançada;;13/07/2025;⚠ Concluído Fora do Prazo;–;
106;;NISA COMRCIAL DE VEIC AUTOMOTORES LTDA;RIO VERMLEHO;GO;GOAIANIA;;;1603;;;;24/06/2025;24/06/2025;23/06/2025;27/03/2412;;305871;27/06/2025;02/07/2025;;23/07/2025;;27/08/2025;;27/08/2025;NFD Lançada;;14/07/2025;⚠ Concluído Fora do Prazo;–;
107;;NISA COMRCIAL DE VEIC AUTOMOTORES LTDA;RIO VERMLEHO;GO;GOAIANIA;;;7659;;;;24/06/2025;24/06/2025;23/06/2025;14/04/2412;;305877;27/06/2025;02/07/2025;;23/07/2025;;27/08/2025;;27/08/2025;NFD Lançada;;14/07/2025;⚠ Concluído Fora do Prazo;–;
108;;NISA COMRCIAL DE VEIC AUTOMOTORES LTDA;RIO VERMLEHO;GO;GOAIANIA;;;11452;;;;24/06/2025;24/06/2025;23/06/2025;15/04/2412;;305835;27/06/2025;02/07/2025;;23/07/2025;;17/09/2025;;17/09/2025;NFD Lançada;;14/07/2025;⚠ Concluído Fora do Prazo;–;
109;;CAOA MOTOR DO BRASIL LTDA;TERMACO;BA;Lauro de Freitas;;;13503;;;;26/06/2025;26/06/2025;23/06/2025;11/09/2107;;305820;01/07/2025;30/06/2025;;29/07/2025;;;;;Recebido XD Diadema;EM TRÂNSITO - VERIFICANDO;16/07/2025;⚠ Fora do Prazo;357;🔴 Parado + 357 dias
110;;CAOA MOTOR DO BRASIL LTDA;TERMACO;BA;Lauro de Freitas;;;6558;;;;27/06/2025;27/06/2025;18/06/2025;22/01/2119;;305775;02/07/2025;30/06/2025;;15/07/2025;;23/07/2025;;23/07/2025;NFD Lançada;;17/07/2025;⚠ Concluído Fora do Prazo;–;
111;;CAOA MOTOR DO BRASIL LTDA;TERMACO;BA;Lauro de Freitas;;;16066;;;;27/06/2025;27/06/2025;25/06/2025;26/02/2129;;305805;02/07/2025;30/06/2025;;30/06/2025;;15/07/2025;;15/07/2025;NFD Lançada;;17/07/2025;✔ Concluído;–;
112;;CHS MOTORS VEICULOS PECAS E SERVICOS LTDA;XD-DIADEMA;SP;São Paulo;;;11097;;;;27/06/2025;27/06/2025;26/06/2025;05/06/2343;;314874;02/07/2025;30/08/2025;;30/08/2025;;08/09/2025;;08/09/2025;NFD Lançada;;17/07/2025;⚠ Concluído Fora do Prazo;–;
113;;ANDRETA II DISTRIBUIDORA DE VEICULOS LTDA;XD-DIADEMA;SP;Campinas;;;11391;;;;30/06/2025;30/06/2025;27/06/2025;22/03/2432;;305809;03/07/2025;;;;;29/09/2025;;29/09/2025;NFD Lançada;;20/07/2025;⚠ Concluído Fora do Prazo;–;
114;;BARI VEICULOS LTDA;TRANSTRY;PR;Guarapuava;;;14290;;;;30/06/2025;30/06/2025;27/06/2025;14/07/2127;;305803;03/07/2025;01/07/2025;;11/08/2025;;12/09/2025;;12/09/2025;NFD Lançada;;20/07/2025;⚠ Concluído Fora do Prazo;–;
115;;PATEO COMERCIO DE VEICULOS S/A;NORTEX;AM;MANAUS;;;13478;;;;30/06/2025;30/06/2025;18/06/2025;17/11/2161;;305704;03/07/2025;01/07/2025;;30/07/2025;;14/08/2025;;14/08/2025;NFD Lançada;;20/07/2025;⚠ Concluído Fora do Prazo;–;
116;;SEVEL VEICULOS LTDA;TERMACO;SE;Aracaju;;;13469;;;;30/06/2025;30/06/2025;17/06/2025;27/12/2430;;305651;03/07/2025;10/07/2025;;05/08/2025;;05/08/2025;;05/08/2025;NFD Lançada;;20/07/2025;⚠ Concluído Fora do Prazo;–;
117;;CAOA MOTOR DO BRASIL LTDA;TERMACO;BA;Lauro de Freitas;;;16294;;;;01/07/2025;01/07/2025;;09/10/2126;;;04/07/2025;;;;;;;;Motivo Não Coleta;;21/07/2025;⚠ Fora do Prazo;382;🔴 Parado + 382 dias
118;;CARWAY SUL VEICULOS LTDA;TRANSTRY;RS;Porto Alegre;;;16067;;;;01/07/2025;01/07/2025;17/06/2025;;;306215;04/07/2025;01/07/2025;;22/07/2025;;12/09/2025;;12/09/2025;NFD Lançada;;21/07/2025;⚠ Concluído Fora do Prazo;–;
119;;CHS MOTORS VEICULOS PECAS E SERVICOS LTDA;XD-DIADEMA;SP;São Paulo;;;7880;;;;01/07/2025;01/07/2025;26/06/2025;02/07/2344;;314874;04/07/2025;;;;;08/09/2025;;08/09/2025;NFD Lançada;;21/07/2025;⚠ Concluído Fora do Prazo;–;
120;;GRANDE COREIA COMERCIO DE VEICULOS LTDA;CARVALIMA;PA;Belém;;;12945;;;;01/07/2025;01/07/2025;25/06/2025;04/06/2098;;306219;04/07/2025;04/07/2025;;11/07/2025;;10/11/2025;;10/11/2025;NFD Lançada;;21/07/2025;⚠ Concluído Fora do Prazo;–;
121;;GRANDE COREIA COMERCIO DE VEICULOS LTDA;CARVALIMA;PA;Belém;;;15369;;;;01/07/2025;01/07/2025;25/06/2025;17/06/2098;;306219;04/07/2025;04/07/2025;;11/07/2025;;08/09/2025;;08/09/2025;NFD Lançada;;21/07/2025;⚠ Concluído Fora do Prazo;–;
122;;VETOR AUTOMOVEIS LTDA;TRANSTRY;PR;Cascavel;;;7332;;;;01/07/2025;01/07/2025;30/06/2025;20/01/2208;;305890;04/07/2025;07/07/2025;;15/07/2025;;23/07/2025;;23/07/2025;NFD Lançada;;21/07/2025;⚠ Concluído Fora do Prazo;–;
123;;BDG AUTOVILLE VEICULOS LTDA;XD BETIM;MG;CONTAGEM;;;3301;;;;02/07/2025;02/07/2025;01/07/2025;14/08/2057;;305816;07/07/2025;16/07/2025;;14/08/2025;;26/08/2025;;26/08/2025;NFD Lançada;;22/07/2025;⚠ Concluído Fora do Prazo;–;
124;;BDG AUTOVILLE VEICULOS LTDA;XD BETIM;MG;CONTAGEM;;;15154;;;;02/07/2025;02/07/2025;01/07/2025;16/08/2057;;306209;07/07/2025;16/07/2025;;17/07/2025;;27/08/2025;;27/08/2025;NFD Lançada;;22/07/2025;⚠ Concluído Fora do Prazo;–;
125;;AUTOTRAC VEICULOS LTDA;TERMACO;PE;PETROLINA;;;16385;;;;04/07/2025;04/07/2025;18/06/2025;;;306095;09/07/2025;04/07/2025;;21/07/2025;;27/08/2025;;27/08/2025;NFD Lançada;;24/07/2025;⚠ Concluído Fora do Prazo;–;
126;;CAOA MOTOR DO BRASIL LTDA;TERMACO;BA;Lauro de Freitas;;;9535;;;;04/07/2025;04/07/2025;03/07/2025;26/11/2108;;306105;09/07/2025;07/07/2025;;15/10/2025;;15/10/2025;;15/10/2025;NFD Lançada;;24/07/2025;⚠ Concluído Fora do Prazo;–;
127;;PRIME CACHOEIRO VEICULOS LTDA;CAMILO;ES;Cachoeiro de Itapemirim;;;13344;;;;04/07/2025;04/07/2025;04/07/2025;17/09/2194;;309875;09/07/2025;08/07/2025;;26/09/2025;;26/09/2025;;26/09/2025;NFD Lançada;;24/07/2025;⚠ Concluído Fora do Prazo;–;
128;;SEVEL VEICULOS LTDA;TERMACO;SE;Aracaju;;;16474;;;;04/07/2025;04/07/2025;04/07/2025;20/07/2432;;306096;09/07/2025;14/07/2025;;11/08/2025;;08/09/2025;;08/09/2025;NFD Lançada;;24/07/2025;⚠ Concluído Fora do Prazo;–;
129;;BDG AUTOVILLE VEICULOS LTDA;XD BETIM;MG;CONTAGEM;;;15901;;;;07/07/2025;07/07/2025;01/07/2025;13/03/2058;;311224;10/07/2025;31/07/2025;;16/09/2025;;17/09/2025;;17/09/2025;NFD Lançada;;27/07/2025;⚠ Concluído Fora do Prazo;–;
130;;CAOA MOTOR DO BRASIL LTDA;TERMACO;BA;Lauro de Freitas;;;10136;;;;07/07/2025;07/07/2025;27/06/2025;06/09/2064;;306682;10/07/2025;09/07/2025;;05/08/2025;;05/08/2025;;05/08/2025;NFD Lançada;;27/07/2025;⚠ Concluído Fora do Prazo;–;
131;;CYCOSA AUTOMOVEIS;TERMACO;AL;Maceió;;;14278;;;;07/07/2025;07/07/2025;07/07/2025;21/07/2558;;306210;10/07/2025;10/07/2025;;EXTRAVIO;;EXTRAVIO;;EXTRAVIO;NFD Lançada;;27/07/2025;⚠ Concluído Fora do Prazo;–;
132;;GOLDEN MOTORS VEICULOS LTDA;MVT;SP;Vila Santa Maria;;;16406;;;;07/07/2025;07/07/2025;18/06/2025;;;306214;10/07/2025;07/07/2025;;28/07/2025;;08/09/2025;;08/09/2025;NFD Lançada;;27/07/2025;⚠ Concluído Fora do Prazo;–;
133;;SAGA KOREA COMERCIO DE VEICULOS PECAS E SERVI;CARVALIMA;RO;PORTO VELHO;;;13332;;;;07/07/2025;07/07/2025;03/07/2025;26/08/2189;;306482;10/07/2025;10/07/2025;;23/07/2025;;27/08/2025;;27/08/2025;NFD Lançada;;27/07/2025;⚠ Concluído Fora do Prazo;–;
134;;SAGA KOREA COMERCIO DE VEICULOS PECAS E SERVI;CARVALIMA;RO;PORTO VELHO;;;16361;;;;07/07/2025;07/07/2025;03/07/2025;27/08/2189;;306491;10/07/2025;10/07/2025;;23/07/2025;;27/08/2025;;27/08/2025;NFD Lançada;;27/07/2025;⚠ Concluído Fora do Prazo;–;
135;;ULSAN COMERCIO DE VEICULOS LTDA;CARVALIMA;RO;Vilhena;;;14250;;;;07/07/2025;07/07/2025;04/07/2025;24/08/2089;;306810;10/07/2025;10/07/2025;;30/07/2025;;;;;Recebido XD Diadema;EM TRÂNSITO - VERIFICANDO;27/07/2025;⚠ Fora do Prazo;356;🔴 Parado + 356 dias
136;;GALA COMERCIO DE VEICULOS LTDA;TRANSTRY;RS;Pelotas;;;16533;;;;08/07/2025;08/07/2025;03/07/2025;14/02/2177;;306624;11/07/2025;09/07/2025;;22/07/2025;;23/07/2025;;23/07/2025;NFD Lançada;;28/07/2025;✔ Concluído;–;
137;;AUTORAC VEICULOS LTDA;TERMACO;PE;Caruaru;;;15213;;;;10/07/2025;10/07/2025;11/06/2025;;;306348;15/07/2025;10/07/2025;;05/08/2025;;14/08/2025;;14/08/2025;NFD Lançada;;30/07/2025;⚠ Concluído Fora do Prazo;–;
138;;BDG AUTOVILLE VEICULOS LTDA;XD BETIM;MG;CONTAGEM;;;1559;;;;10/07/2025;10/07/2025;01/07/2025;06/08/2057;;311224;15/07/2025;31/07/2025;;16/09/2025;;17/09/2025;;17/09/2025;NFD Lançada;;30/07/2025;⚠ Concluído Fora do Prazo;–;
139;;BDG AUTOVILLE VEICULOS LTDA;XD BETIM;MG;CONTAGEM;;;14309;;;;10/07/2025;10/07/2025;01/07/2025;03/08/2057;;311224;15/07/2025;31/07/2025;;16/09/2025;;17/09/2025;;17/09/2025;NFD Lançada;;30/07/2025;⚠ Concluído Fora do Prazo;–;
140;;BDG AUTOVILLE VEICULOS LTDA;XD BETIM;MG;CONTAGEM;;;14990;;;;10/07/2025;10/07/2025;01/07/2025;17/11/2058;;311224;15/07/2025;31/07/2025;;16/09/2025;;17/09/2025;;17/09/2025;NFD Lançada;;30/07/2025;⚠ Concluído Fora do Prazo;–;
141;;LOVAT VEICULOS S/A;TRANSTRY;PR;Londrina;;;11974;;;;10/07/2025;10/07/2025;08/07/2025;08/05/2428;;306963;15/07/2025;11/07/2025;;24/07/2025;;17/09/2025;;17/09/2025;NFD Lançada;;30/07/2025;⚠ Concluído Fora do Prazo;–;
142;;SAGA KOREA COMERCIO DE VEICULOS PECAS E SERVI;TERMACO;BA;BARREIRAS;;;4383;;;;10/07/2025;10/07/2025;24/03/2025;;;306345;15/07/2025;10/07/2025;;;;04/11/2025;;04/11/2025;NFD Lançada;;30/07/2025;⚠ Concluído Fora do Prazo;–;
143;;CAOA MOTOR DO BRASIL LTDA;TERMACO;BA;Lauro de Freitas;;;17167;;;;11/07/2025;11/07/2025;03/07/2025;19/11/2108;;306489;16/07/2025;14/07/2025;;22/08/2025;;26/08/2025;;26/08/2025;NFD Lançada;;31/07/2025;⚠ Concluído Fora do Prazo;–;
144;;CHINHAN AUTOMOVEIS LTDA.;TRANSTRY;RS;Erechim;;;3713;;;;11/07/2025;11/07/2025;21/03/2025;;;306668;16/07/2025;11/07/2025;;22/07/2025;;14/08/2025;;14/08/2025;NFD Lançada;;31/07/2025;⚠ Concluído Fora do Prazo;–;
145;;PATEO COMERCIO DE VEICULOS S/A;TERMACO;BA;FEIRA DE SANTANA;;;14232;;;;11/07/2025;11/07/2025;09/07/2025;19/10/2130;;306494;16/07/2025;21/07/2025;;15/08/2025;;26/08/2025;;26/08/2025;NFD Lançada;;31/07/2025;⚠ Concluído Fora do Prazo;–;
146;;PATEO COMERCIO DE VEICULOS S/A;TERMACO;BA;FEIRA DE SANTANA;;;15967;;;;11/07/2025;11/07/2025;09/07/2025;18/10/2130;;306492;16/07/2025;21/07/2025;;15/08/2025;;26/08/2025;;26/08/2025;NFD Lançada;;31/07/2025;⚠ Concluído Fora do Prazo;–;
147;;BDG AUTOVILLE VEICULOS LTDA;XD BETIM;MG;CONTAGEM;;;2660;;;;14/07/2025;14/07/2025;01/07/2025;18/08/2059;;311224;17/07/2025;31/07/2025;;16/09/2025;;17/09/2025;;17/09/2025;NFD Lançada;;03/08/2025;⚠ Concluído Fora do Prazo;–;
148;;BDG AUTOVILLE VEICULOS LTDA;XD BETIM;MG;CONTAGEM;;;2775;;;;14/07/2025;14/07/2025;01/07/2025;15/06/2059;;311224;17/07/2025;31/07/2025;;16/09/2025;;17/09/2025;;17/09/2025;NFD Lançada;;03/08/2025;⚠ Concluído Fora do Prazo;–;
149;;BDG AUTOVILLE VEICULOS LTDA;XD BETIM;MG;CONTAGEM;;;3011;;;;14/07/2025;14/07/2025;01/07/2025;12/08/2059;;311224;17/07/2025;31/07/2025;;16/09/2025;;10/10/2025;;10/10/2025;NFD Lançada;;03/08/2025;⚠ Concluído Fora do Prazo;–;
150;;BDG AUTOVILLE VEICULOS LTDA;XD BETIM;MG;CONTAGEM;;;3720;;;;14/07/2025;14/07/2025;11/07/2025;19/12/2059;;313874;17/07/2025;16/08/2025;;23/09/2025;;23/09/2025;;23/09/2025;NFD Lançada;;03/08/2025;⚠ Concluído Fora do Prazo;–;
151;;BDG AUTOVILLE VEICULOS LTDA;XD BETIM;MG;CONTAGEM;;;6130;;;;14/07/2025;14/07/2025;11/07/2025;05/08/2059;;313874;17/07/2025;16/07/2025;;23/09/2025;;23/09/2025;;23/09/2025;NFD Lançada;;03/08/2025;⚠ Concluído Fora do Prazo;–;
152;;BDG AUTOVILLE VEICULOS LTDA;XD BETIM;MG;CONTAGEM;;;7717;;;;14/07/2025;14/07/2025;01/07/2025;09/08/2059;;311224;17/07/2025;31/07/2025;;16/09/2025;;17/09/2025;;17/09/2025;NFD Lançada;;03/08/2025;⚠ Concluído Fora do Prazo;–;
153;;BDG AUTOVILLE VEICULOS LTDA;XD BETIM;MG;CONTAGEM;;;7724;;;;14/07/2025;14/07/2025;01/07/2025;10/08/2059;;311224;17/07/2025;31/07/2025;;16/09/2025;;17/09/2025;;17/09/2025;NFD Lançada;;03/08/2025;⚠ Concluído Fora do Prazo;–;
154;;BDG AUTOVILLE VEICULOS LTDA;XD BETIM;MG;CONTAGEM;;;8017;;;;14/07/2025;14/07/2025;11/07/2025;10/10/2008;;311223;17/07/2025;31/07/2025;;23/09/2025;;23/09/2025;;23/09/2025;NFD Lançada;;03/08/2025;⚠ Concluído Fora do Prazo;–;
155;;BDG AUTOVILLE VEICULOS LTDA;XD BETIM;MG;CONTAGEM;;;10142;;;;14/07/2025;14/07/2025;01/07/2025;20/12/2059;;311224;17/07/2025;31/07/2025;;16/09/2025;;17/09/2025;;17/09/2025;NFD Lançada;;03/08/2025;⚠ Concluído Fora do Prazo;–;
156;;BDG AUTOVILLE VEICULOS LTDA;XD BETIM;MG;CONTAGEM;;;11717;;;;14/07/2025;14/07/2025;11/07/2025;07/10/2059;;307650;17/07/2025;16/07/2025;;14/08/2025;;17/09/2025;;17/09/2025;NFD Lançada;;03/08/2025;⚠ Concluído Fora do Prazo;–;
157;;BDG AUTOVILLE VEICULOS LTDA;XD BETIM;MG;CONTAGEM;;;12176;;;;14/07/2025;14/07/2025;01/07/2025;29/09/2059;;311224;17/07/2025;31/07/2025;;16/09/2025;;17/09/2025;;17/09/2025;NFD Lançada;;03/08/2025;⚠ Concluído Fora do Prazo;–;
158;;BDG AUTOVILLE VEICULOS LTDA;XD BETIM;MG;CONTAGEM;;;12746;;;;14/07/2025;14/07/2025;11/07/2025;01/10/2059;;307648;17/07/2025;16/07/2025;;14/08/2025;;26/08/2025;;26/08/2025;NFD Lançada;;03/08/2025;⚠ Concluído Fora do Prazo;–;
159;;BDG AUTOVILLE VEICULOS LTDA;XD BETIM;MG;CONTAGEM;;;14049;;;;14/07/2025;14/07/2025;11/07/2025;08/10/2059;;306827;17/07/2025;31/07/2025;;16/09/2025;;17/09/2025;;17/09/2025;NFD Lançada;;03/08/2025;⚠ Concluído Fora do Prazo;–;
160;;BDG AUTOVILLE VEICULOS LTDA;XD BETIM;MG;CONTAGEM;;;17012;;;;14/07/2025;14/07/2025;01/07/2025;28/09/2059;;311224;17/07/2025;31/07/2025;;16/09/2025;;17/09/2025;;17/09/2025;NFD Lançada;;03/08/2025;⚠ Concluído Fora do Prazo;–;
161;;GRANDE COREIA COMERCIO DE VEICULOS LTDA;CARVALIMA;PA;Belém;;;17084;;;;14/07/2025;14/07/2025;10/07/2025;13/10/2099;;307989;17/07/2025;16/07/2025;;11/08/2025;;13/11/2025;;13/11/2025;NFD Lançada;;03/08/2025;⚠ Concluído Fora do Prazo;–;
162;;NOBRE DISTRIBUIDORA DE VEICULOS E PECAS LTDA;MVT;SP;Aparecida;;;16638;;;;14/07/2025;14/07/2025;14/07/2025;05/03/2551;;307994;17/07/2025;22/07/2025;;;;25/07/2025;;25/07/2025;NFD Lançada;;03/08/2025;✔ Concluído;–;
163;;NOBRE DISTRIBUIDORA DE VEICULOS E PECAS LTDA;MVT;SP;Aparecida;;;16777;;;;14/07/2025;14/07/2025;12/07/2025;21/02/2551;;307996;17/07/2025;22/07/2025;;;;25/07/2025;;25/07/2025;NFD Lançada;;03/08/2025;✔ Concluído;–;
164;;PRIME CACHOEIRO VEICULOS LTDA;CAMILO;ES;Cachoeiro de Itapemirim;;;15460;;;;14/07/2025;14/07/2025;11/07/2025;15/03/2195;;306814;17/07/2025;14/07/2025;;07/08/2025;;17/09/2025;;17/09/2025;NFD Lançada;;03/08/2025;⚠ Concluído Fora do Prazo;–;
165;;PRIME CACHOEIRO VEICULOS LTDA;CAMILO;ES;Cachoeiro de Itapemirim;;;16453;;;;14/07/2025;14/07/2025;11/07/2025;14/03/2195;;306677;17/07/2025;14/07/2025;;07/08/2025;;26/09/2025;;26/09/2025;NFD Lançada;;03/08/2025;⚠ Concluído Fora do Prazo;–;
166;;AUTOTRAC VEICULOS LTDA;TERMACO;PE;PETROLINA;;;17971;;;;15/07/2025;15/07/2025;28/06/2025;;;306822;18/07/2025;15/07/2025;;11/08/2025;;11/08/2025;;11/08/2025;NFD Lançada;;04/08/2025;⚠ Concluído Fora do Prazo;–;
167;;AUTOTRAC VEICULOS LTDA;TERMACO;PE;PETROLINA;;;18117;;;;15/07/2025;15/07/2025;28/06/2025;;;306823;18/07/2025;15/07/2025;;11/08/2025;;11/08/2025;;11/08/2025;NFD Lançada;;04/08/2025;⚠ Concluído Fora do Prazo;–;
168;;GALA COMERCIO DE VEICULOS LTDA;TRANSTRY;RS;Pelotas;;;8852;;;;15/07/2025;15/07/2025;14/07/2025;07/12/2177;;309839;18/07/2025;16/07/2025;;16/07/2025;;12/09/2025;;12/09/2025;NFD Lançada;;04/08/2025;⚠ Concluído Fora do Prazo;–;
169;;GALA COMERCIO DE VEICULOS LTDA;TRANSTRY;RS;Pelotas;;;18090;;;;15/07/2025;15/07/2025;14/07/2025;19/11/2177;;309824;18/07/2025;16/07/2025;;22/07/2025;;23/07/2025;;23/07/2025;NFD Lançada;;04/08/2025;✔ Concluído;–;
170;;TAI MOTORS VEICULOS S/A;CAMILO;ES;Vitória;;;13916;;;;15/07/2025;15/07/2025;29/05/2025;;;306967;18/07/2025;15/07/2025;;29/07/2025;;17/09/2025;;17/09/2025;NFD Lançada;;04/08/2025;⚠ Concluído Fora do Prazo;–;
171;;TAI MOTORS VEICULOS S/A;CAMILO;ES;Vitória;;;14050;;;;15/07/2025;15/07/2025;02/06/2025;;;306958;18/07/2025;15/07/2025;;29/07/2025;;17/09/2025;;17/09/2025;NFD Lançada;;04/08/2025;⚠ Concluído Fora do Prazo;–;
172;;BARI VEICULOS LTDA;TRANSTRY;PR;Guarapuava;;;16493;;;;16/07/2025;16/07/2025;15/07/2025;12/07/2128;;307658;21/07/2025;18/07/2025;;05/08/2025;;12/09/2025;;12/09/2025;NFD Lançada;;05/08/2025;⚠ Concluído Fora do Prazo;–;
173;;BARI VEICULOS LTDA;TRANSTRY;PR;Guarapuava;;;17842;;;;16/07/2025;16/07/2025;15/07/2025;05/07/2128;;307799;21/07/2025;18/07/2025;;05/08/2025;;07/08/2025;;07/08/2025;NFD Lançada;;05/08/2025;⚠ Concluído Fora do Prazo;–;
174;;BARI VEICULOS LTDA;TRANSTRY;PR;Guarapuava;;;18073;;;;16/07/2025;16/07/2025;15/07/2025;06/07/2128;;307794;21/07/2025;18/07/2025;;05/08/2025;;07/08/2025;;07/08/2025;NFD Lançada;;05/08/2025;⚠ Concluído Fora do Prazo;–;
175;;BDG AUTOVILLE VEICULOS LTDA;XD BETIM;MG;CONTAGEM;;;18955;;;;16/07/2025;16/07/2025;01/07/2025;09/06/2060;;311224;21/07/2025;31/07/2025;;16/09/2025;;17/09/2025;;17/09/2025;NFD Lançada;;05/08/2025;⚠ Concluído Fora do Prazo;–;
176;;CAOA MOTOR DO BRASIL LTDA;TERMACO;BA;Lauro de Freitas;;;17135;;;;16/07/2025;16/07/2025;15/07/2025;18/12/2109;;308753;21/07/2025;17/07/2025;;22/08/2025;;26/08/2025;;26/08/2025;NFD Lançada;;05/08/2025;⚠ Concluído Fora do Prazo;–;
177;;CARWAY SUL VEICULOS LTDA;TRANSTRY;RS;Porto Alegre;;;16765;;;;16/07/2025;16/07/2025;16/07/2025;24/03/2625;;308446;21/07/2025;24/07/2025;;08/08/2025;;11/08/2025;;11/08/2025;NFD Lançada;;05/08/2025;⚠ Concluído Fora do Prazo;–;
178;;PATEO COMERCIO DE VEICULOS S/A;TERMACO;PB;JOAO PESSOA;;;16543;;;;16/07/2025;16/07/2025;03/07/2025;25/11/2128;;307137;21/07/2025;24/07/2025;;31/07/2025;;14/08/2025;;14/08/2025;NFD Lançada;;05/08/2025;⚠ Concluído Fora do Prazo;–;
179;;PRIME CACHOEIRO VEICULOS LTDA;CAMILO;ES;Cachoeiro de Itapemirim;;;16241;;;;16/07/2025;16/07/2025;17/06/2025;;;307139;21/07/2025;16/07/2025;;02/12/2025;;02/12/2025;;02/12/2025;NFD Lançada;;05/08/2025;⚠ Concluído Fora do Prazo;–;
180;;PRIME CACHOEIRO VEICULOS LTDA;CAMILO;ES;Cachoeiro de Itapemirim;;;16325;;;;16/07/2025;16/07/2025;17/06/2025;;;307139;21/07/2025;16/07/2025;;02/12/2025;;02/12/2025;;02/12/2025;NFD Lançada;;05/08/2025;⚠ Concluído Fora do Prazo;–;
181;;PRIME CACHOEIRO VEICULOS LTDA;CAMILO;ES;Cachoeiro de Itapemirim;;;16630;;;;16/07/2025;16/07/2025;17/06/2025;;;307139;21/07/2025;16/07/2025;;02/12/2025;;02/12/2025;;02/12/2025;NFD Lançada;;05/08/2025;⚠ Concluído Fora do Prazo;–;
182;;PRIME CACHOEIRO VEICULOS LTDA;CAMILO;ES;Cachoeiro de Itapemirim;;;16632;;;;16/07/2025;16/07/2025;17/06/2025;;;307139;21/07/2025;16/07/2025;;02/12/2025;;02/12/2025;;02/12/2025;NFD Lançada;;05/08/2025;⚠ Concluído Fora do Prazo;–;
183;;SEVEC VEICULOS LTDA;TRANSTRY;PR;Curitiba;;;15735;;;;16/07/2025;16/07/2025;;08/07/2832;;340597;21/07/2025;16/07/2025;;24/07/2025;;24/07/2025;;24/07/2025;NFD Lançada;;05/08/2025;✔ Concluído;–;
184;;CYCOSA AUTOMOVEIS LTDA;TERMACO;AL;Maceió;;;18397;;;;17/07/2025;17/07/2025;15/07/2025;06/02/2560;;307342;22/07/2025;22/07/2025;;05/08/2025;;14/08/2025;;14/08/2025;NFD Lançada;;06/08/2025;⚠ Concluído Fora do Prazo;–;
185;;GALA COMERCIO DE VEICULOS LTDA;TRANSTRY;RS;Pelotas;;;10234;;;;17/07/2025;17/07/2025;16/07/2025;30/01/2178;;309841;22/07/2025;18/07/2025;;16/07/2025;;07/08/2025;;07/08/2025;NFD Lançada;;06/08/2025;⚠ Concluído Fora do Prazo;–;
186;;NOBRE DISTRIBUIDORA DE VEICULOS E PECAS LTDA;MVT;SP;Aparecida;;;4405;;;;17/07/2025;17/07/2025;15/07/2025;20/11/2070;;309113;22/07/2025;01/08/2025;;01/08/2025;;17/11/2025;;17/11/2025;NFD Lançada;;06/08/2025;⚠ Concluído Fora do Prazo;–;
187;;BDG AUTOVILLE VEICULOS LTDA;XD BETIM;MG;CONTAGEM;;;16001;;;;18/07/2025;18/07/2025;16/07/2025;19/07/2060;;314638;23/07/2025;22/07/2025;;01/09/2025;;23/09/2025;;23/09/2025;NFD Lançada;;07/08/2025;⚠ Concluído Fora do Prazo;–;
188;;CAOA MOTOR DO BRASIL LTDA;TERMACO;BA;Lauro de Freitas;;;17645;;;;18/07/2025;18/07/2025;15/07/2025;21/12/2109;;307500;23/07/2025;23/07/2025;;15/10/2025;;15/10/2025;;15/10/2025;NFD Lançada;;07/08/2025;⚠ Concluído Fora do Prazo;–;
189;;L.R. COMERCIO DE VEICULOS LTDA;TRANSTRY;SC;São José;;;18756;;;;18/07/2025;18/07/2025;17/07/2025;29/09/2895;;307797;23/07/2025;18/07/2025;;11/08/2025;;08/08/2025;;08/08/2025;NFD Lançada;;07/08/2025;⚠ Concluído Fora do Prazo;–;
190;;AIKON VEICULOS LTDA;TERMACO;BA;Vitória da Conquista;;;15051;;;;21/07/2025;21/07/2025;23/07/2025;18/11/2060;;307791;24/07/2025;24/07/2025;;11/08/2025;;11/08/2025;;11/08/2025;NFD Lançada;;10/08/2025;⚠ Concluído Fora do Prazo;–;
191;;BDG AUTOVILLE VEICULOS LTDA;XD BETIM;MG;CONTAGEM;;;7845;;;;21/07/2025;21/07/2025;11/07/2025;07/08/2059;;311059;24/07/2025;31/07/2025;;16/09/2025;;17/09/2025;;17/09/2025;NFD Lançada;;10/08/2025;⚠ Concluído Fora do Prazo;–;
192;;BDG AUTOVILLE VEICULOS LTDA;XD BETIM;MG;CONTAGEM;;;7849;;;;21/07/2025;21/07/2025;;08/08/2059;;311364;24/07/2025;31/07/2025;;29/08/2025;;29/09/2025;;29/09/2025;NFD Lançada;;10/08/2025;⚠ Concluído Fora do Prazo;–;
193;;BILLY DISTRIBUIDORA DE VEICULOS LTDA;XD-DIADEMA;SP;Barueri;;;13746;;;;21/07/2025;21/07/2025;15/07/2025;22/01/2586;;308148;24/07/2025;22/07/2025;;;;29/09/2025;;29/09/2025;NFD Lançada;;10/08/2025;⚠ Concluído Fora do Prazo;–;
194;;BILLY DISTRIBUIDORA DE VEICULOS LTDA;XD-DIADEMA;SP;Barueri;;;17866;;;;21/07/2025;21/07/2025;17/07/2025;11/11/2586;;307995;24/07/2025;22/07/2025;;;;29/09/2025;;29/09/2025;NFD Lançada;;10/08/2025;⚠ Concluído Fora do Prazo;–;
195;;CHS MOTORS VEICULOS PECAS E SERVICOS LTDA;XD-DIADEMA;SP;São Paulo;;;19482;;;;21/07/2025;21/07/2025;21/07/2025;25/12/2347;;307991;24/07/2025;22/07/2025;;;;25/07/2025;;25/07/2025;NFD Lançada;;10/08/2025;✔ Concluído;–;
196;;GRANDE COREIA COMERCIO DE VEICULOS LTDA;CARVALIMA;PA;Belém;;;18046;;;;21/07/2025;21/07/2025;16/07/2025;30/04/2100;;308306;24/07/2025;23/07/2025;;11/08/2025;;08/09/2025;;08/09/2025;NFD Lançada;;10/08/2025;⚠ Concluído Fora do Prazo;–;
197;;JPN PATOS COMERCIO DE VEICULOS LTDA;TERMACO;PB;Patos;;;17620;;;;21/07/2025;21/07/2025;16/07/2025;16/08/1921;;307652;24/07/2025;29/07/2025;;25/08/2025;;26/08/2025;;26/08/2025;NFD Lançada;;10/08/2025;⚠ Concluído Fora do Prazo;–;
198;;JPN PATOS COMERCIO DE VEICULOS LTDA;TERMACO;PB;Patos;;;17851;;;;21/07/2025;21/07/2025;16/07/2025;15/08/1921;;307655;24/07/2025;29/07/2025;;25/08/2025;;26/08/2025;;26/08/2025;NFD Lançada;;10/08/2025;⚠ Concluído Fora do Prazo;–;
199;;BARI VEICULOS LTDA;TRANSTRY;PR;Guarapuava;;;17495;;;;22/07/2025;22/07/2025;21/07/2025;23/03/2262;;309371;25/07/2025;23/07/2025;;05/08/2025;;07/08/2025;;07/08/2025;NFD Lançada;;11/08/2025;✔ Concluído;–;
200;;BARI VEICULOS LTDA;TRANSTRY;PR;Guarapuava;;;17744;;;;22/07/2025;22/07/2025;21/07/2025;25/03/2262;;308448;25/07/2025;25/07/2025;;31/07/2025;;10/04/2026;;10/04/2026;NFD Lançada;;11/08/2025;⚠ Concluído Fora do Prazo;–;
201;;BARI VEICULOS LTDA;TRANSTRY;PR;Guarapuava;;;17796;;;;22/07/2025;22/07/2025;21/07/2025;24/03/2262;;308442;25/07/2025;23/07/2025;;31/07/2025;;31/07/2025;;31/07/2025;NFD Lançada;;11/08/2025;✔ Concluído;–;
202;;CAOA MOTOR DO BRASIL LTDA;TERMACO;BA;Lauro de Freitas;;;16580;;;;22/07/2025;22/07/2025;21/07/2025;19/05/2019;;307800;25/07/2025;01/08/2025;;15/10/2025;;15/10/2025;;15/10/2025;NFD Lançada;;11/08/2025;⚠ Concluído Fora do Prazo;–;
203;;CAOA MOTOR DO BRASIL LTDA;TERMACO;BA;Lauro de Freitas;;;16821;;;;22/07/2025;22/07/2025;21/07/2025;21/05/2019;;308276;25/07/2025;01/08/2025;;03/09/2025;;08/09/2025;;08/09/2025;NFD Lançada;;11/08/2025;⚠ Concluído Fora do Prazo;–;
204;;CAOA MOTOR DO BRASIL LTDA;TERMACO;BA;Lauro de Freitas;;;17244;;;;22/07/2025;22/07/2025;17/07/2025;28/05/2110;;308742;25/07/2025;25/07/2025;;22/08/2025;;26/08/2025;;26/08/2025;NFD Lançada;;11/08/2025;⚠ Concluído Fora do Prazo;–;
205;;CAOA MOTOR DO BRASIL LTDA;TERMACO;BA;Lauro de Freitas;;;18103;;;;22/07/2025;22/07/2025;21/07/2025;20/05/2019;;308162;25/07/2025;01/08/2025;;28/08/2025;;08/09/2025;;08/09/2025;NFD Lançada;;11/08/2025;⚠ Concluído Fora do Prazo;–;
206;;PATEO COMERCIO DE VEICULOS S/A;TERMACO;MA;SAO LUIS;;;16417;;;;22/07/2025;22/07/2025;17/07/2025;19/03/1971;;307798;25/07/2025;25/07/2025;;05/08/2025;;14/08/2025;;14/08/2025;NFD Lançada;;11/08/2025;⚠ Concluído Fora do Prazo;–;
207;;BDG AUTOVILLE VEICULOS LTDA;XD BETIM;MG;CONTAGEM;;;448;;;;23/07/2025;23/07/2025;11/07/2025;11/08/2059;;308898;28/07/2025;31/07/2025;;14/08/2025;;26/08/2025;;26/08/2025;NFD Lançada;;12/08/2025;⚠ Concluído Fora do Prazo;–;
208;;BDG AUTOVILLE VEICULOS LTDA;XD BETIM;MG;CONTAGEM;;;14231;;;;23/07/2025;23/07/2025;30/06/2025;11/03/2057;;308904;28/07/2025;31/07/2025;;14/08/2025;;26/08/2025;;26/08/2025;NFD Lançada;;12/08/2025;⚠ Concluído Fora do Prazo;–;
209;;BDG AUTOVILLE VEICULOS LTDA;XD BETIM;MG;CONTAGEM;;;17742;;;;23/07/2025;23/07/2025;16/07/2025;23/07/2060;;308895;28/07/2025;31/07/2025;;14/08/2025;;26/08/2025;;26/08/2025;NFD Lançada;;12/08/2025;⚠ Concluído Fora do Prazo;–;
210;;BDG AUTOVILLE VEICULOS LTDA;XD BETIM;MG;CONTAGEM;;;22739;;;;23/07/2025;23/07/2025;21/07/2025;10/06/2061;;309449;28/07/2025;31/07/2025;;14/08/2025;;17/09/2025;;17/09/2025;NFD Lançada;;12/08/2025;⚠ Concluído Fora do Prazo;–;
211;;CAOA MOTOR DO BRASIL LTDA;TERMACO;BA;Lauro de Freitas;;;3295;;;;23/07/2025;23/07/2025;21/07/2025;04/12/2199;;309233;28/07/2025;24/07/2025;;;;26/07/2025;;26/07/2025;NFD Lançada;;12/08/2025;✔ Concluído;–;
212;;CAOA MOTOR DO BRASIL LTDA;TERMACO;BA;Lauro de Freitas;;;8124;;;;23/07/2025;23/07/2025;21/07/2025;06/12/2199;;309225;28/07/2025;24/07/2025;;;;28/07/2025;;28/07/2025;NFD Lançada;;12/08/2025;✔ Concluído;–;
213;;CAOA MOTOR DO BRASIL LTDA;TERMACO;BA;Lauro de Freitas;;;8488;;;;23/07/2025;23/07/2025;21/07/2025;09/12/2199;;309228;28/07/2025;24/07/2025;;;;26/07/2025;;26/07/2025;NFD Lançada;;12/08/2025;✔ Concluído;–;
214;;CAOA MOTOR DO BRASIL LTDA;TERMACO;BA;Lauro de Freitas;;;8932;;;;23/07/2025;23/07/2025;21/07/2025;08/12/2199;;309231;28/07/2025;24/07/2025;;;;28/07/2025;;28/07/2025;NFD Lançada;;12/08/2025;✔ Concluído;–;
215;;CAOA MOTOR DO BRASIL LTDA;TERMACO;BA;Lauro de Freitas;;;11605;;;;23/07/2025;23/07/2025;21/07/2025;07/12/2199;;309232;28/07/2025;24/07/2025;;;;26/07/2025;;26/07/2025;NFD Lançada;;12/08/2025;✔ Concluído;–;
216;;CAOA MOTOR DO BRASIL LTDA;TERMACO;BA;Lauro de Freitas;;;14291;;;;23/07/2025;23/07/2025;21/07/2025;05/12/2199;;309230;28/07/2025;24/07/2025;;;;08/09/2025;;08/09/2025;NFD Lançada;;12/08/2025;⚠ Concluído Fora do Prazo;–;
217;;CAOA MOTOR DO BRASIL LTDA;TERMACO;BA;Lauro de Freitas;;;19162;;;;23/07/2025;23/07/2025;23/07/2025;05/06/2120;;308906;28/07/2025;24/07/2025;;11/08/2025;;12/09/2025;;12/09/2025;NFD Lançada;;12/08/2025;⚠ Concluído Fora do Prazo;–;
218;;CAOA MOTOR DO BRASIL LTDA;TERMACO;BA;Lauro de Freitas;;;19224;;;;23/07/2025;23/07/2025;22/07/2025;03/10/2110;;310235;28/07/2025;28/07/2025;;22/08/2025;;26/08/2025;;26/08/2025;NFD Lançada;;12/08/2025;⚠ Concluído Fora do Prazo;–;
219;;FAZZA MOTORS COMERCIO DE VEICULOS LTDA;TERMACO;BA;Salvador;;;12141;;;;23/07/2025;23/07/2025;19/07/2025;30/12/2755;;308150;28/07/2025;28/07/2025;;08/07/2025;;05/08/2025;;05/08/2025;NFD Lançada;;12/08/2025;✔ Concluído;–;
220;;BDG AUTOVILLE VEICULOS LTDA;XD BETIM;MG;CONTAGEM;;;14843;;;;24/07/2025;24/07/2025;22/07/2025;23/09/2061;;308894;29/07/2025;31/07/2025;;14/08/2025;;17/09/2025;;17/09/2025;NFD Lançada;;13/08/2025;⚠ Concluído Fora do Prazo;–;
221;;JPN PATOS COMERCIO DE VEICULOS LTDA;TERMACO;PB;Patos;;;18214;;;;24/07/2025;24/07/2025;23/07/2025;17/10/1921;;308158;29/07/2025;01/08/2025;;;;27/11/2025;;27/11/2025;NFD Lançada;;13/08/2025;⚠ Concluído Fora do Prazo;–;
222;;VITAL COMERCIO DE VEICULOS LTDA;XD BETIM;MG;Governador Valadares;;;15880;;;;24/07/2025;24/07/2025;23/07/2025;29/12/2033;;314027;29/07/2025;30/07/2025;;23/09/2025;;23/09/2025;;23/09/2025;NFD Lançada;;13/08/2025;⚠ Concluído Fora do Prazo;–;
223;;CAOA MOTOR DO BRASIL LTDA;TERMACO;BA;Lauro de Freitas;;;9023;;;;25/07/2025;25/07/2025;24/07/2025;03/05/2358;;309234;30/07/2025;01/08/2025;;;;07/08/2025;;07/08/2025;NFD Lançada;;14/08/2025;✔ Concluído;–;
224;;L.R. COMERCIO DE VEICULOS LTDA;TRANSTRY;SC;São José;;;15200;;;;25/07/2025;25/07/2025;23/07/2025;16/10/2896;;308755;30/07/2025;28/07/2025;;11/08/2025;;11/08/2025;;11/08/2025;NFD Lançada;;14/08/2025;✔ Concluído;–;
225;;BARI VEICULOS LTDA;TRANSTRY;PR;Guarapuava;;;18115;;;;28/07/2025;28/07/2025;25/07/2025;21/10/2262;;309106;31/07/2025;30/07/2025;;05/08/2025;;06/08/2025;;06/08/2025;NFD Lançada;;17/08/2025;✔ Concluído;–;
226;;BARI VEICULOS LTDA;TRANSTRY;PR;Guarapuava;;;20282;;;;28/07/2025;28/07/2025;28/07/2025;07/12/2262;;308581;31/07/2025;29/07/2025;;08/08/2025;;08/08/2025;;08/08/2025;NFD Lançada;;17/08/2025;✔ Concluído;–;
227;;GALA COMERCIO DE VEICULOS LTDA;TRANSTRY;RS;Pelotas;;;17881;;;;28/07/2025;28/07/2025;18/07/2025;22/01/1933;;309364;31/07/2025;31/07/2025;;;;12/09/2025;;12/09/2025;NFD Lançada;;17/08/2025;⚠ Concluído Fora do Prazo;–;
228;;GALA COMERCIO DE VEICULOS LTDA;TRANSTRY;RS;Pelotas;;;18604;;;;28/07/2025;28/07/2025;18/07/2025;25/01/1933;;309361;31/07/2025;31/07/2025;;12/08/2025;;12/09/2025;;12/09/2025;NFD Lançada;;17/08/2025;⚠ Concluído Fora do Prazo;–;
229;;L.R. COMERCIO DE VEICULOS LTDA;TRANSTRY;SC;São José;;;16739;;;;28/07/2025;28/07/2025;21/07/2025;12/04/2896;;308888;31/07/2025;28/07/2025;;05/08/2025;;06/08/2025;;06/08/2025;NFD Lançada;;17/08/2025;✔ Concluído;–;
230;;L.R. COMERCIO DE VEICULOS LTDA;TRANSTRY;SC;São José;;;16740;;;;28/07/2025;28/07/2025;21/07/2025;11/04/2896;;308754;31/07/2025;28/07/2025;;12/08/2025;;11/08/2025;;11/08/2025;NFD Lançada;;17/08/2025;✔ Concluído;–;
231;;L.R. COMERCIO DE VEICULOS LTDA;TRANSTRY;SC;São José;;;16742;;;;28/07/2025;28/07/2025;21/07/2025;12/02/2896;;309850;31/07/2025;28/07/2025;;11/08/2025;;11/08/2025;;11/08/2025;NFD Lançada;;17/08/2025;✔ Concluído;–;
232;;BARI VEICULOS LTDA;TRANSTRY;PR;Guarapuava;;;19021;;;;29/07/2025;29/07/2025;28/07/2025;06/12/2262;;308890;01/08/2025;30/07/2025;;08/08/2025;;08/08/2025;;08/08/2025;NFD Lançada;;18/08/2025;✔ Concluído;–;
233;;BARI VEICULOS LTDA;TRANSTRY;PR;Guarapuava;;;19284;;;;29/07/2025;29/07/2025;28/07/2025;01/12/2262;;308891;01/08/2025;30/07/2025;;08/08/2025;;08/08/2025;;08/08/2025;NFD Lançada;;18/08/2025;✔ Concluído;–;
234;;CAOA MOTOR DO BRASIL LTDA;TERMACO;BA;Lauro de Freitas;;;1040;;;;29/07/2025;29/07/2025;21/07/2025;02/01/2200;;309235;01/08/2025;30/07/2025;;;;01/08/2025;;01/08/2025;NFD Lançada;;18/08/2025;✔ Concluído;–;
235;;CAOA MOTOR DO BRASIL LTDA;TERMACO;BA;Lauro de Freitas;;;17244;;;;29/07/2025;29/07/2025;16/07/2025;05/03/2110;;309873;01/08/2025;31/07/2025;;22/08/2025;;26/08/2025;;26/08/2025;NFD Lançada;;18/08/2025;⚠ Concluído Fora do Prazo;–;
236;;ORIENT AUTOMOVEIS LTDA;TERMACO;RN;Parnamirim;;;19333;;;;29/07/2025;29/07/2025;11/07/2025;;;308451;01/08/2025;29/07/2025;;19/08/2025;;26/08/2025;;26/08/2025;NFD Lançada;;18/08/2025;⚠ Concluído Fora do Prazo;–;
237;;CAOA MOTOR DO BRASIL LTDA;TERMACO;BA;Lauro de Freitas;;;18064;;;;30/07/2025;30/07/2025;08/07/2025;14/02/1964;;308748;04/08/2025;31/07/2025;;;;04/08/2025;;04/08/2025;NFD Lançada;;19/08/2025;✔ Concluído;–;
238;;CAOA MOTOR DO BRASIL LTDA;TERMACO;BA;Lauro de Freitas;;;20416;;;;30/07/2025;30/07/2025;28/07/2025;24/07/2111;;308744;04/08/2025;31/07/2025;;26/09/2025;;26/09/2025;;26/09/2025;NFD Lançada;;19/08/2025;⚠ Concluído Fora do Prazo;–;
239;;GALA COMERCIO DE VEICULOS LTDA;TRANSTRY;RS;Pelotas;;;20390;;;;30/07/2025;30/07/2025;18/07/2025;;;308752;04/08/2025;30/07/2025;;08/08/2025;;12/09/2025;;12/09/2025;NFD Lançada;;19/08/2025;⚠ Concluído Fora do Prazo;–;
240;;BARI VEICULOS LTDA;TRANSTRY;PR;Guarapuava;;;16386;;;;01/08/2025;01/08/2025;30/07/2025;06/05/2263;;309362;06/08/2025;04/08/2025;;12/08/2025;;12/09/2025;;12/09/2025;NFD Lançada;;21/08/2025;⚠ Concluído Fora do Prazo;–;
241;;BARI VEICULOS LTDA;TRANSTRY;PR;Guarapuava;;;17797;;;;01/08/2025;01/08/2025;30/07/2025;13/03/2263;;310005;06/08/2025;04/08/2025;;12/08/2025;;12/09/2025;;12/09/2025;NFD Lançada;;21/08/2025;⚠ Concluído Fora do Prazo;–;
242;;CAOA MOTOR DO BRASIL LTDA;TERMACO;BA;Lauro de Freitas;;;5462;;;;01/08/2025;01/08/2025;28/07/2025;20/12/2307;;309823;06/08/2025;05/08/2025;;;;08/09/2025;;08/09/2025;NFD Lançada;;21/08/2025;⚠ Concluído Fora do Prazo;–;
243;;CAOA MOTOR DO BRASIL LTDA;TERMACO;BA;Lauro de Freitas;;;19501;;;;01/08/2025;01/08/2025;29/07/2025;19/10/2111;;309877;06/08/2025;06/08/2025;;22/08/2025;;26/08/2025;;26/08/2025;NFD Lançada;;21/08/2025;⚠ Concluído Fora do Prazo;–;
244;;CAOA MOTOR DO BRASIL LTDA;TERMACO;BA;Lauro de Freitas;;;20202;;;;01/08/2025;01/08/2025;30/07/2025;30/11/2111;;309878;06/08/2025;06/08/2025;;22/08/2025;;26/08/2025;;26/08/2025;NFD Lançada;;21/08/2025;⚠ Concluído Fora do Prazo;–;
245;;CYCOSA AUTOMOVEIS LTDA;TERMACO;AL;Maceió;;;10044;;;;01/08/2025;01/08/2025;31/07/2025;01/12/2562;;309107;06/08/2025;05/08/2025;;19/08/2025;;26/08/2025;;26/08/2025;NFD Lançada;;21/08/2025;⚠ Concluído Fora do Prazo;–;
246;;GAMBATO H1 VEICULOS LTDA;TRANSTRY;RS;PASSO FUNDO;;;532;;;;01/08/2025;01/08/2025;01/08/2025;16/06/2042;;310008;06/08/2025;06/08/2025;;11/08/2025;;12/08/2025;;12/08/2025;NFD Lançada;;21/08/2025;✔ Concluído;–;
247;;GAMBATO H1 VEICULOS LTDA;TRANSTRY;RS;PASSO FUNDO;;;13121;;;;01/08/2025;01/08/2025;01/08/2025;14/06/2042;;310007;06/08/2025;06/08/2025;;12/08/2025;;12/08/2025;;12/08/2025;NFD Lançada;;21/08/2025;✔ Concluído;–;
248;;GAMBATO H1 VEICULOS LTDA;TRANSTRY;RS;PASSO FUNDO;;;16114;;;;01/08/2025;01/08/2025;01/08/2025;15/06/2042;;309995;06/08/2025;05/08/2025;;12/08/2025;;12/08/2025;;12/08/2025;NFD Lançada;;21/08/2025;✔ Concluído;–;
249;;BARI VEICULOS LTDA;TRANSTRY;PR;Guarapuava;;;20388;;;;04/08/2025;04/08/2025;01/08/2025;31/08/2263;;309454;07/08/2025;06/08/2025;;11/08/2025;;14/08/2025;;14/08/2025;NFD Lançada;;24/08/2025;✔ Concluído;–;
250;;BDG AUTOVILLE VEICULOS LTDA;XD BETIM;MG;CONTAGEM;;;20966;;;;04/08/2025;04/08/2025;04/08/2025;11/04/2064;;313486;07/08/2025;13/08/2025;;23/09/2025;;23/09/2025;;23/09/2025;NFD Lançada;;24/08/2025;⚠ Concluído Fora do Prazo;–;
251;;BDG AUTOVILLE VEICULOS LTDA;XD BETIM;MG;CONTAGEM;;;21107;;;;04/08/2025;04/08/2025;04/08/2025;10/04/2064;;313483;07/08/2025;13/08/2025;;23/09/2025;;23/09/2025;;23/09/2025;NFD Lançada;;24/08/2025;⚠ Concluído Fora do Prazo;–;
252;;BILLY DISTRIBUIDORA DE VEICULOS LTDA;XD-DIADEMA;SP;Barueri;;;20572;;;;04/08/2025;04/08/2025;01/08/2025;16/02/2586;;309820;07/08/2025;06/08/2025;;;;16/08/2025;;16/08/2025;NFD Lançada;;24/08/2025;✔ Concluído;–;
253;;BILLY DISTRIBUIDORA DE VEICULOS LTDA;XD-DIADEMA;SP;Barueri;;;20606;;;;04/08/2025;04/08/2025;04/08/2025;14/06/2586;;309705;07/08/2025;06/08/2025;;;;16/08/2025;;16/08/2025;NFD Lançada;;24/08/2025;✔ Concluído;–;
254;;BILLY DISTRIBUIDORA DE VEICULOS LTDA;XD-DIADEMA;SP;Barueri;;;20609;;;;04/08/2025;04/08/2025;01/08/2025;17/02/2586;;309717;07/08/2025;06/08/2025;;;;16/08/2025;;16/08/2025;NFD Lançada;;24/08/2025;✔ Concluído;–;
255;;CAOA MOTOR DO BRASIL LTDA;TERMACO;BA;Lauro de Freitas;;;10708;;;;04/08/2025;04/08/2025;30/07/2025;24/10/2232;;309220;07/08/2025;05/08/2025;;14/08/2025;;26/08/2025;;26/08/2025;NFD Lançada;;24/08/2025;⚠ Concluído Fora do Prazo;–;
256;;DESTAQUE SEUL DISTRIBUIDORA DE VEICULOS E PEÇAS;XD-DIADEMA;SP;Bragança Paulista;;;20688;;;;04/08/2025;04/08/2025;04/08/2025;09/02/2147;;309494;07/08/2025;06/08/2025;;;;08/08/2025;;08/08/2025;NFD Lançada;;24/08/2025;✔ Concluído;–;
257;;L.R. COMERCIO DE VEICULOS LTDA;TRANSTRY;SC;São José;;;17539;;;;04/08/2025;04/08/2025;01/08/2025;11/03/2899;;309710;07/08/2025;06/08/2025;;11/08/2025;;14/08/2025;;14/08/2025;NFD Lançada;;24/08/2025;✔ Concluído;–;
258;;L.R. COMERCIO DE VEICULOS LTDA;TRANSTRY;SC;São José;;;20744;;;;04/08/2025;04/08/2025;01/08/2025;28/03/2899;;309708;07/08/2025;06/08/2025;;11/08/2025;;11/08/2025;;11/08/2025;NFD Lançada;;24/08/2025;✔ Concluído;–;
259;;PATEO COMERCIO DE VEICULOS S/A;NORTEX;AM;MANAUS;;;18062;;;;04/08/2025;04/08/2025;17/07/2025;18/03/1971;;309218;07/08/2025;08/08/2025;;05/08/2025;;17/09/2025;;17/09/2025;NFD Lançada;;24/08/2025;⚠ Concluído Fora do Prazo;–;
260;;PATEO COMERCIO DE VEICULOS S/A;NORTEX;AM;MANAUS;;;23978;;;;04/08/2025;04/08/2025;01/08/2025;20/01/2164;;310021;07/08/2025;06/08/2025;;26/09/2025;;30/09/2025;;30/09/2025;NFD Lançada;;24/08/2025;⚠ Concluído Fora do Prazo;–;
261;;ANDRETA II DISTRIBUIDORA DE VEICULOS LTDA;XD-DIADEMA;SP;Campinas;;;9222;;;;05/08/2025;05/08/2025;05/08/2025;03/11/2083;;309493;08/08/2025;06/08/2025;;;;08/09/2025;;08/09/2025;NFD Lançada;;25/08/2025;⚠ Concluído Fora do Prazo;–;
262;;ANDRETA II DISTRIBUIDORA DE VEICULOS LTDA;XD-DIADEMA;SP;Campinas;;;11335;;;;05/08/2025;05/08/2025;05/08/2025;02/11/2083;;309821;08/08/2025;06/08/2025;;;;08/09/2025;;08/09/2025;NFD Lançada;;25/08/2025;⚠ Concluído Fora do Prazo;–;
263;;BARI VEICULOS LTDA;TRANSTRY;PR;Guarapuava;;;19804;;;;05/08/2025;05/08/2025;05/08/2025;21/02/2262;;309714;08/08/2025;06/08/2025;;;;11/08/2025;;11/08/2025;NFD Lançada;;25/08/2025;✔ Concluído;–;
264;;BILLY DISTRIBUIDORA DE VEICULOS LTDA;XD-DIADEMA;SP;Barueri;;;19504;;;;05/08/2025;05/08/2025;04/08/2025;26/01/2592;;309492;08/08/2025;07/08/2025;;;;08/09/2025;;08/09/2025;NFD Lançada;;25/08/2025;⚠ Concluído Fora do Prazo;–;
265;;CAOA MOTOR DO BRASIL LTDA;TERMACO;BA;Lauro de Freitas;;;18617;;;;05/08/2025;05/08/2025;04/08/2025;22/02/2258;;309879;08/08/2025;08/08/2025;;26/09/2025;;26/09/2025;;26/09/2025;NFD Lançada;;25/08/2025;⚠ Concluído Fora do Prazo;–;
266;;CAOA MOTOR DO BRASIL LTDA;TERMACO;BA;Lauro de Freitas;;;18954;;;;05/08/2025;05/08/2025;04/08/2025;16/05/2200;;309703;08/08/2025;06/08/2025;;;;08/08/2025;;08/08/2025;NFD Lançada;;25/08/2025;✔ Concluído;–;
267;;CAOA MOTOR DO BRASIL LTDA;TERMACO;BA;Lauro de Freitas;;;21736;;;;05/08/2025;05/08/2025;04/08/2025;17/05/2200;;309227;08/08/2025;06/08/2025;;;;08/08/2025;;08/08/2025;NFD Lançada;;25/08/2025;✔ Concluído;–;
268;;JPN PATOS COMERCIO DE VEICULOS LTDA;TERMACO;PB;Patos;;;20168;;;;05/08/2025;05/08/2025;04/08/2025;11/03/1922;;309236;08/08/2025;19/08/2025;;28/08/2025;;08/09/2025;;08/09/2025;NFD Lançada;;25/08/2025;⚠ Concluído Fora do Prazo;–;
269;;TAI MOTORS VEICULOS S/A;CAMILO;ES;Vitória;;;21613;;;;05/08/2025;05/08/2025;28/07/2025;;;309237;08/08/2025;05/08/2025;;26/09/2025;;26/09/2025;;26/09/2025;NFD Lançada;;25/08/2025;⚠ Concluído Fora do Prazo;–;
270;;TOKSU-COMERCIO DE VEICULOS LTDA;XD BETIM;MG;POUSO ALEGRE;;;15270;;;;05/08/2025;05/08/2025;22/07/2025;29/04/2003;;311226;08/08/2025;13/08/2025;;23/09/2025;;23/09/2025;;23/09/2025;NFD Lançada;;25/08/2025;⚠ Concluído Fora do Prazo;–;
271;;AIKON VEICULOS LTDA;TERMACO;BA;Vitória da Conquista;;;20405;;;;06/08/2025;06/08/2025;06/08/2025;16/03/2062;;309486;11/08/2025;08/08/2025;;19/08/2025;;17/09/2025;;17/09/2025;NFD Lançada;;26/08/2025;⚠ Concluído Fora do Prazo;–;
272;;ANDRETA II DISTRIBUIDORA DE VEICULOS LTDA;XD-DIADEMA;SP;Campinas;;;19454;;;;06/08/2025;06/08/2025;06/08/2025;27/09/2437;;309704;11/08/2025;07/08/2025;;;;08/09/2025;;08/09/2025;NFD Lançada;;26/08/2025;⚠ Concluído Fora do Prazo;–;
273;;CAOA MOTOR DO BRASIL LTDA;TERMACO;BA;Lauro de Freitas;;;19084;;;;06/08/2025;06/08/2025;05/08/2025;25/06/2266;;309716;11/08/2025;08/08/2025;;;;08/09/2025;;08/09/2025;NFD Lançada;;26/08/2025;⚠ Concluído Fora do Prazo;–;
274;;NAZARETH VEICULOS LTDA;TRANSTRY;RS;Ijuí;;;19775;;;;06/08/2025;06/08/2025;01/08/2025;13/11/1908;;310421;11/08/2025;08/08/2025;;15/08/2025;;08/10/2025;;08/10/2025;NFD Lançada;;26/08/2025;⚠ Concluído Fora do Prazo;–;
275;;CAOA MOTOR DO BRASIL LTDA;TERMACO;BA;Lauro de Freitas;;;11246;;;;07/08/2025;07/08/2025;07/08/2025;03/10/2493;;309876;12/08/2025;11/08/2025;;;;08/09/2025;;08/09/2025;NFD Lançada;;27/08/2025;⚠ Concluído Fora do Prazo;–;
276;;BARI VEICULOS LTDA;TRANSTRY;PR;Guarapuava;;;21236;;;;08/08/2025;08/08/2025;06/08/2025;18/08/2261;;310011;13/08/2025;11/08/2025;;15/08/2025;;12/09/2025;;12/09/2025;NFD Lançada;;28/08/2025;⚠ Concluído Fora do Prazo;–;
277;;CAOA MOTOR DO BRASIL LTDA;TERMACO;BA;Lauro de Freitas;;;16132;;;;08/08/2025;08/08/2025;05/08/2025;29/10/2112;;309870;13/08/2025;13/08/2025;;26/09/2025;;26/09/2025;;26/09/2025;NFD Lançada;;28/08/2025;⚠ Concluído Fora do Prazo;–;
278;;CAOA MOTOR DO BRASIL LTDA;TERMACO;BA;Lauro de Freitas;;;20998;;;;08/08/2025;08/08/2025;24/07/2025;;;309715;13/08/2025;08/08/2025;;;;12/09/2025;;12/09/2025;NFD Lançada;;28/08/2025;⚠ Concluído Fora do Prazo;–;
279;;CAOA MOTOR DO BRASIL LTDA;TERMACO;BA;Lauro de Freitas;;;21357;;;;08/08/2025;08/08/2025;28/07/2025;;;309869;13/08/2025;08/08/2025;;;;12/09/2025;;12/09/2025;NFD Lançada;;28/08/2025;⚠ Concluído Fora do Prazo;–;
280;;CAOA MOTOR DO BRASIL LTDA;TERMACO;BA;Lauro de Freitas;;;21772;;;;08/08/2025;08/08/2025;29/07/2025;;;309863;13/08/2025;08/08/2025;;;;12/09/2025;;12/09/2025;NFD Lançada;;28/08/2025;⚠ Concluído Fora do Prazo;–;
281;;CAOA MOTOR DO BRASIL LTDA;TERMACO;BA;Lauro de Freitas;;;21808;;;;08/08/2025;08/08/2025;28/07/2025;;;309869;13/08/2025;08/08/2025;;;;12/09/2025;;12/09/2025;NFD Lançada;;28/08/2025;⚠ Concluído Fora do Prazo;–;
282;;CAOA MOTOR DO BRASIL LTDA;TERMACO;BA;Lauro de Freitas;;;22233;;;;08/08/2025;08/08/2025;;;;307867;13/08/2025;08/08/2025;;;;12/09/2025;;12/09/2025;NFD Lançada;;28/08/2025;⚠ Concluído Fora do Prazo;–;
283;;CAOA MOTOR DO BRASIL LTDA;TERMACO;BA;Lauro de Freitas;;;22365;;;;08/08/2025;08/08/2025;24/07/2025;;;309715;13/08/2025;08/08/2025;;;;12/09/2025;;12/09/2025;NFD Lançada;;28/08/2025;⚠ Concluído Fora do Prazo;–;
284;;CAOA MOTOR DO BRASIL LTDA;TERMACO;BA;Lauro de Freitas;;;22367;;;;08/08/2025;08/08/2025;24/07/2025;;;309715;13/08/2025;08/08/2025;;;;12/09/2025;;12/09/2025;NFD Lançada;;28/08/2025;⚠ Concluído Fora do Prazo;–;
285;;CAOA MOTOR DO BRASIL LTDA;TERMACO;BA;Lauro de Freitas;;;22629;;;;08/08/2025;08/08/2025;24/07/2025;;;309715;13/08/2025;08/08/2025;;28/08/2025;;12/09/2025;;12/09/2025;NFD Lançada;;28/08/2025;⚠ Concluído Fora do Prazo;–;
286;;CAOA MOTOR DO BRASIL LTDA;TERMACO;BA;Lauro de Freitas;;;22947;;;;08/08/2025;08/08/2025;28/07/2025;;;309869;13/08/2025;08/08/2025;;;;12/09/2025;;12/09/2025;NFD Lançada;;28/08/2025;⚠ Concluído Fora do Prazo;–;
287;;CAOA MOTOR DO BRASIL LTDA;TERMACO;BA;Lauro de Freitas;;;22976;;;;08/08/2025;08/08/2025;28/07/2025;;;309869;13/08/2025;08/08/2025;;;;12/09/2025;;12/09/2025;NFD Lançada;;28/08/2025;⚠ Concluído Fora do Prazo;–;
288;;SEVEC VEICULOS LTDA;TRANSTRY;PR;Curitiba;;;21920;;;;08/08/2025;08/08/2025;07/08/2025;07/11/2837;;310018;13/08/2025;11/08/2025;;;;12/09/2025;;12/09/2025;NFD Lançada;;28/08/2025;⚠ Concluído Fora do Prazo;–;
289;;BARI VEICULOS LTDA;TRANSTRY;PR;Guarapuava;;;23578;;;;11/08/2025;11/08/2025;08/08/2025;27/02/2130;;310427;14/08/2025;14/08/2025;;;;28/08/2025;;28/08/2025;NFD Lançada;;31/08/2025;✔ Concluído;–;
290;;BDG AUTOVILLE VEICULOS LTDA;XD BETIM;MG;CONTAGEM;;;21688;;;;11/08/2025;11/08/2025;08/08/2025;14/06/2065;;311231;14/08/2025;12/08/2025;;16/09/2025;;17/09/2025;;17/09/2025;NFD Lançada;;31/08/2025;⚠ Concluído Fora do Prazo;–;
291;;BDG AUTOVILLE VEICULOS LTDA;XD BETIM;MG;CONTAGEM;;;22895;;;;11/08/2025;11/08/2025;09/08/2025;21/07/2065;;311232;14/08/2025;12/08/2025;;16/09/2025;;17/09/2025;;17/09/2025;NFD Lançada;;31/08/2025;⚠ Concluído Fora do Prazo;–;
292;;CAOA MOTOR DO BRASIL LTDA;TERMACO;BA;Lauro de Freitas;;;22479;;;;11/08/2025;11/08/2025;08/08/2025;12/08/2200;;310220;14/08/2025;13/08/2025;;;;15/08/2025;;15/08/2025;NFD Lançada;;31/08/2025;✔ Concluído;–;
293;;FAZZA MOTORS COMERCIO DE VEICULOS LTDA;TERMACO;BA;Salvador;;;;;;;11/08/2025;11/08/2025;29/07/2025;19/04/2230;;309874;14/08/2025;11/08/2025;;19/08/2025;;26/08/2025;;26/08/2025;NFD Lançada;;31/08/2025;✔ Concluído;–;
294;;BARI VEICULOS LTDA;TRANSTRY;PR;Guarapuava;;;19111;;;;12/08/2025;12/08/2025;10/08/2025;27/06/2262;;310022;15/08/2025;14/08/2025;;;;28/08/2025;;28/08/2025;NFD Lançada;;01/09/2025;✔ Concluído;–;
295;;BARI VEICULOS LTDA;TRANSTRY;PR;Guarapuava;;;25418;;;;12/08/2025;12/08/2025;08/08/2025;25/06/2262;;310426;15/08/2025;14/08/2025;;;;28/08/2025;;28/08/2025;NFD Lançada;;01/09/2025;✔ Concluído;–;
296;;DESTAQUE SEUL DISTRIBUIDORA DE VEICULOS E PEÇAS;XD-DIADEMA;SP;Bragança Paulista;;;21514;;;;12/08/2025;12/08/2025;11/08/2025;20/04/2146;;310422;15/08/2025;14/08/2025;;;;08/09/2025;;08/09/2025;NFD Lançada;;01/09/2025;⚠ Concluído Fora do Prazo;–;
297;;ITAVEMA MOTORS VEICULOS LTDA;CAMILO;RJ;São João de Meriti;;;22646;;;;12/08/2025;12/08/2025;01/08/2025;;;310017;15/08/2025;12/08/2025;;26/09/2025;;26/09/2025;;26/09/2025;NFD Lançada;;01/09/2025;⚠ Concluído Fora do Prazo;–;
298;;LEAUTO RIO HAN VEICULOS LTDA;CAMILO;RJ;Nova Iguaçu;;;4997;;;;12/08/2025;12/08/2025;08/08/2025;19/11/1931;;310261;15/08/2025;15/08/2025;;07/11/2025;;27/11/2025;;27/11/2025;NFD Lançada;;01/09/2025;⚠ Concluído Fora do Prazo;–;
299;;TAI MOTORS VEICULOS S/A;CAMILO;ES;Vitória;;;22534;;;;12/08/2025;12/08/2025;01/08/2025;;;310016;15/08/2025;12/08/2025;;26/09/2025;;26/09/2025;;26/09/2025;NFD Lançada;;01/09/2025;⚠ Concluído Fora do Prazo;–;
300;;BDG AUTOVILLE VEICULOS LTDA;XD BETIM;MG;CONTAGEM;;;2243;;;;13/08/2025;13/08/2025;13/08/2025;01/03/2066;;310700;18/08/2025;18/08/2025;;16/09/2025;;17/09/2025;;17/09/2025;NFD Lançada;;02/09/2025;⚠ Concluído Fora do Prazo;–;
301;;BDG AUTOVILLE VEICULOS LTDA;XD BETIM;MG;CONTAGEM;;;17379;;;;13/08/2025;13/08/2025;13/08/2025;28/02/2066;;310562;18/08/2025;18/08/2025;;16/09/2025;;17/09/2025;;17/09/2025;NFD Lançada;;02/09/2025;⚠ Concluído Fora do Prazo;–;
302;;BDG AUTOVILLE VEICULOS LTDA;XD BETIM;MG;CONTAGEM;;;22879;;;;13/08/2025;13/08/2025;13/08/2025;03/03/2066;;310706;18/08/2025;18/08/2025;;16/09/2025;;17/09/2025;;17/09/2025;NFD Lançada;;02/09/2025;⚠ Concluído Fora do Prazo;–;
303;;CAOA MOTOR DO BRASIL LTDA;TERMACO;BA;Lauro de Freitas;;;23364;;;;13/08/2025;13/08/2025;13/08/2025;22/04/2494;;310428;18/08/2025;15/08/2025;;;;19/08/2025;;19/08/2025;NFD Lançada;;02/09/2025;✔ Concluído;–;
304;;DESTAQUE SEUL DISTRIBUIDORA DE VEICULOS E PEÇAS;XD-DIADEMA;SP;Bragança Paulista;;;22144;;;;13/08/2025;13/08/2025;13/08/2025;31/07/2146;;311557;18/08/2025;25/08/2025;;;;03/09/2025;;03/09/2025;NFD Lançada;;02/09/2025;⚠ Concluído Fora do Prazo;–;
305;;ITAVEMA MOTORS VEICULOS LTDA;CAMILO;RJ;São João de Meriti;;;22530;;;;13/08/2025;13/08/2025;01/08/2025;;;310158;18/08/2025;13/08/2025;;26/09/2025;;26/09/2025;;26/09/2025;NFD Lançada;;02/09/2025;⚠ Concluído Fora do Prazo;–;
306;;ITAVEMA MOTORS VEICULOS LTDA;CAMILO;RJ;São João de Meriti;;;22621;;;;13/08/2025;13/08/2025;01/08/2025;;;310158;18/08/2025;13/08/2025;;26/09/2025;;26/09/2025;;26/09/2025;NFD Lançada;;02/09/2025;⚠ Concluído Fora do Prazo;–;
307;;LEAUTO RIO HAN VEICULOS LTDA;CAMILO;RJ;Nova Iguaçu;;;16009;;;;13/08/2025;13/08/2025;08/08/2025;28/11/1931;;313823;18/08/2025;02/09/2025;;26/09/2025;;26/09/2025;;26/09/2025;NFD Lançada;;02/09/2025;⚠ Concluído Fora do Prazo;–;
308;;CAOA MOTOR DO BRASIL LTDA;TERMACO;BA;Lauro de Freitas;;;20368;;;;14/08/2025;14/08/2025;18/07/2025;;;310252;19/08/2025;13/08/2025;;;;08/09/2025;;08/09/2025;NFD Lançada;;03/09/2025;⚠ Concluído Fora do Prazo;–;
309;;CAOA MOTOR DO BRASIL LTDA;TERMACO;BA;Lauro de Freitas;;;20400;;;;14/08/2025;14/08/2025;18/07/2025;;;310252;19/08/2025;13/08/2025;;;;08/09/2025;;08/09/2025;NFD Lançada;;03/09/2025;⚠ Concluído Fora do Prazo;–;
310;;CAOA MOTOR DO BRASIL LTDA;TERMACO;BA;Lauro de Freitas;;;20633;;;;14/08/2025;14/08/2025;18/07/2025;;;310252;19/08/2025;13/08/2025;;;;08/09/2025;;08/09/2025;NFD Lançada;;03/09/2025;⚠ Concluído Fora do Prazo;–;
311;;SAGA KOREA COMERCIO DE VEICULOS PECAS E SERVI;CARVALIMA;MT;VARZEA GRANDE;;;3912;;;;14/08/2025;14/08/2025;11/08/2025;12/03/2527;;310707;19/08/2025;15/08/2025;;01/09/2025;;17/09/2025;;17/09/2025;NFD Lançada;;03/09/2025;⚠ Concluído Fora do Prazo;–;
312;;SAGA KOREA COMERCIO DE VEICULOS PECAS E SERVI;RIO VERMELHO;GO;GOIANIA;;;13910;;;;14/08/2025;14/08/2025;28/07/2025;19/04/2556;;311383;19/08/2025;22/08/2025;;19/09/2025;;;;;Recebido XD Diadema;EM TRÂNSITO - VERIFICANDO;03/09/2025;⚠ Fora do Prazo;305;🔴 Parado + 305 dias
313;;SAGA KOREA COMERCIO DE VEICULOS PECAS E SERVI;CARVALIMA;MT;VARZEA GRANDE;;;16147;;;;14/08/2025;14/08/2025;11/08/2025;14/03/2527;;311552;19/08/2025;18/08/2025;;01/09/2025;;17/09/2025;;17/09/2025;NFD Lançada;;03/09/2025;⚠ Concluído Fora do Prazo;–;
314;;SAGA KOREA COMERCIO DE VEICULOS PECAS E SERVI;CARVALIMA;MT;VARZEA GRANDE;;;16397;;;;14/08/2025;14/08/2025;11/08/2025;15/03/2527;;311554;19/08/2025;18/08/2025;;01/09/2025;;17/09/2025;;17/09/2025;NFD Lançada;;03/09/2025;⚠ Concluído Fora do Prazo;–;
315;;SAGA KOREA COMERCIO DE VEICULOS PECAS E SERVI;CARVALIMA;MT;VARZEA GRANDE;;;18061;;;;14/08/2025;14/08/2025;11/08/2025;13/03/2527;;311550;19/08/2025;18/08/2025;;01/09/2025;;17/09/2025;;17/09/2025;NFD Lançada;;03/09/2025;⚠ Concluído Fora do Prazo;–;
316;;SAGA KOREA COMERCIO DE VEICULOS PECAS E SERVI;RIO VERMELHO;GO;GOIANIA;;;19186;;;;14/08/2025;14/08/2025;28/07/2025;04/03/2556;;311384;19/08/2025;22/08/2025;;;;17/09/2025;;17/09/2025;NFD Lançada;;03/09/2025;⚠ Concluído Fora do Prazo;–;
317;;BARI VEICULOS LTDA;TRANSTRY;PR;Guarapuava;;;21587;;;;15/08/2025;15/08/2025;14/08/2025;07/10/2262;;311379;20/08/2025;19/08/2025;;25/08/2025;;28/08/2025;;28/08/2025;NFD Lançada;;04/09/2025;✔ Concluído;–;
318;;BARI VEICULOS LTDA;TRANSTRY;PR;Guarapuava;;;21729;;;;15/08/2025;15/08/2025;14/08/2025;06/10/2262;;311377;20/08/2025;19/08/2025;;25/08/2025;;28/08/2025;;28/08/2025;NFD Lançada;;04/09/2025;✔ Concluído;–;
319;;BDG AUTOVILLE VEICULOS LTDA;XD BETIM;MG;CONTAGEM;;;21132;;;;15/08/2025;15/08/2025;04/08/2025;04/08/2066;;313486;20/08/2025;20/08/2025;;23/09/2025;;23/09/2025;;23/09/2025;NFD Lançada;;04/09/2025;⚠ Concluído Fora do Prazo;–;
320;;BDG AUTOVILLE VEICULOS LTDA;XD BETIM;MG;CONTAGEM;;;21286;;;;15/08/2025;15/08/2025;04/08/2025;09/08/2066;;313483;20/08/2025;20/08/2025;;23/09/2025;;23/09/2025;;23/09/2025;NFD Lançada;;04/09/2025;⚠ Concluído Fora do Prazo;–;
321;;BDG AUTOVILLE VEICULOS LTDA;XD BETIM;MG;CONTAGEM;;;21935;;;;15/08/2025;15/08/2025;04/08/2025;05/08/2066;;313483;20/08/2025;20/08/2025;;23/09/2025;;23/09/2025;;23/09/2025;NFD Lançada;;04/09/2025;⚠ Concluído Fora do Prazo;–;
322;;BDG AUTOVILLE VEICULOS LTDA;XD BETIM;MG;CONTAGEM;;;21995;;;;15/08/2025;15/08/2025;04/08/2025;07/08/2066;;313486;20/08/2025;20/08/2025;;23/09/2025;;23/09/2025;;23/09/2025;NFD Lançada;;04/09/2025;⚠ Concluído Fora do Prazo;–;
323;;BDG AUTOVILLE VEICULOS LTDA;XD BETIM;MG;CONTAGEM;;;22736;;;;15/08/2025;15/08/2025;04/08/2025;28/07/2066;;313486;20/08/2025;20/08/2025;;23/09/2025;;23/09/2025;;23/09/2025;NFD Lançada;;04/09/2025;⚠ Concluído Fora do Prazo;–;
324;;BDG AUTOVILLE VEICULOS LTDA;XD BETIM;MG;CONTAGEM;;;22928;;;;15/08/2025;15/08/2025;04/08/2025;02/08/2066;;313486;20/08/2025;20/08/2025;;23/09/2025;;06/07/2026;;06/07/2026;NFD Lançada;;04/09/2025;⚠ Concluído Fora do Prazo;–;
325;;BDG AUTOVILLE VEICULOS LTDA;XD BETIM;MG;CONTAGEM;;;23374;;;;15/08/2025;15/08/2025;04/08/2025;30/09/2066;;313483;20/08/2025;20/08/2025;;23/09/2025;;23/09/2025;;23/09/2025;NFD Lançada;;04/09/2025;⚠ Concluído Fora do Prazo;–;
326;;CAOA MOTOR DO BRASIL LTDA;TERMACO;BA;Lauro de Freitas;;;22832;;;;15/08/2025;15/08/2025;04/08/2025;;;310425;20/08/2025;15/08/2025;;;;28/08/2025;;28/08/2025;NFD Lançada;;04/09/2025;✔ Concluído;–;
327;;CAOA MOTOR DO BRASIL LTDA;TERMACO;BA;Lauro de Freitas;;;23780;;;;15/08/2025;15/08/2025;14/08/2025;04/07/2494;;310713;20/08/2025;19/08/2025;;;;26/08/2025;;26/08/2025;NFD Lançada;;04/09/2025;✔ Concluído;–;
328;;GALA COMERCIO DE VEICULOS LTDA;TRANSTRY;RS;Pelotas;;;22508;;;;15/08/2025;15/08/2025;01/08/2025;;;310423;20/08/2025;15/08/2025;;;;28/08/2025;;28/08/2025;NFD Lançada;;04/09/2025;✔ Concluído;–;
329;;MASTER COMERCIAL DE VEICULOS LTDA;TERMACO;BA;BARREIRAS;;;20987;;;;15/08/2025;15/08/2025;24/07/2025;;;310424;20/08/2025;15/08/2025;;02/09/2025;;08/09/2025;;08/09/2025;NFD Lançada;;04/09/2025;⚠ Concluído Fora do Prazo;–;
330;;CAOA MOTOR DO BRASIL LTDA;TERMACO;BA;Lauro de Freitas;;;13621;;;;18/08/2025;18/08/2025;15/08/2025;17/12/2113;;313677;21/08/2025;21/08/2025;;26/09/2025;;26/09/2025;;26/09/2025;NFD Lançada;;07/09/2025;⚠ Concluído Fora do Prazo;–;
331;;CAOA MOTOR DO BRASIL LTDA;TERMACO;BA;Lauro de Freitas;;;17855;;;;18/08/2025;18/08/2025;15/08/2025;01/01/2201;;311067;21/08/2025;20/08/2025;;;;26/08/2025;;26/08/2025;NFD Lançada;;07/09/2025;✔ Concluído;–;
332;;CAOA MOTOR DO BRASIL LTDA;TERMACO;BA;Lauro de Freitas;;;17977;;;;18/08/2025;18/08/2025;15/08/2025;30/12/2200;;311228;21/08/2025;21/08/2025;;;;26/08/2025;;26/08/2025;NFD Lançada;;07/09/2025;✔ Concluído;–;
333;;CAOA MOTOR DO BRASIL LTDA;TERMACO;BA;Lauro de Freitas;;;18102;;;;18/08/2025;18/08/2025;15/08/2025;31/12/2200;;311053;21/08/2025;20/08/2025;;;;26/08/2025;;26/08/2025;NFD Lançada;;07/09/2025;✔ Concluído;–;
334;;CAOA MOTOR DO BRASIL LTDA;TERMACO;BA;Lauro de Freitas;;;18210;;;;18/08/2025;18/08/2025;15/08/2025;11/12/2113;;314418;21/08/2025;21/08/2025;;15/10/2025;;15/10/2025;;15/10/2025;NFD Lançada;;07/09/2025;⚠ Concluído Fora do Prazo;–;
335;;CAOA MOTOR DO BRASIL LTDA;TERMACO;BA;Lauro de Freitas;;;20167;;;;18/08/2025;18/08/2025;15/08/2025;02/01/2201;;311066;21/08/2025;20/08/2025;;;;26/08/2025;;26/08/2025;NFD Lançada;;07/09/2025;✔ Concluído;–;
336;;CAOA MOTOR DO BRASIL LTDA;TERMACO;BA;Lauro de Freitas;;;20228;;;;18/08/2025;18/08/2025;15/08/2025;04/01/2201;;311058;21/08/2025;20/08/2025;;;;26/08/2025;;26/08/2025;NFD Lançada;;07/09/2025;✔ Concluído;–;
337;;CAOA MOTOR DO BRASIL LTDA;TERMACO;BA;Lauro de Freitas;;;20292;;;;18/08/2025;18/08/2025;15/08/2025;03/01/2201;;311056;21/08/2025;20/08/2025;;;;26/08/2025;;26/08/2025;NFD Lançada;;07/09/2025;✔ Concluído;–;
338;;CAOA MOTOR DO BRASIL LTDA;TERMACO;BA;Lauro de Freitas;;;21145;;;;18/08/2025;18/08/2025;14/08/2025;12/05/2313;;311556;21/08/2025;19/08/2025;;08/09/2025;;17/09/2025;;17/09/2025;NFD Lançada;;07/09/2025;⚠ Concluído Fora do Prazo;–;
339;;CAOA MOTOR DO BRASIL LTDA;TERMACO;BA;Lauro de Freitas;;;21581;;;;18/08/2025;18/08/2025;15/08/2025;09/12/2113;;313491;21/08/2025;21/08/2025;;15/10/2025;;15/10/2025;;15/10/2025;NFD Lançada;;07/09/2025;⚠ Concluído Fora do Prazo;–;
340;;CAOA MOTOR DO BRASIL LTDA;TERMACO;BA;Lauro de Freitas;;;21606;;;;18/08/2025;18/08/2025;15/08/2025;14/12/2113;;313678;21/08/2025;21/08/2025;;26/09/2025;;26/09/2025;;26/09/2025;NFD Lançada;;07/09/2025;⚠ Concluído Fora do Prazo;–;
341;;CAOA MOTOR DO BRASIL LTDA;TERMACO;BA;Lauro de Freitas;;;21996;;;;18/08/2025;18/08/2025;15/08/2025;10/12/2113;;312955;21/08/2025;03/09/2025;;15/10/2025;;15/10/2025;;15/10/2025;NFD Lançada;;07/09/2025;⚠ Concluído Fora do Prazo;–;
342;;CAOA MOTOR DO BRASIL LTDA;TERMACO;BA;Lauro de Freitas;;;22651;;;;18/08/2025;18/08/2025;15/08/2025;16/12/2113;;312944;21/08/2025;25/08/2025;;26/09/2025;;26/09/2025;;26/09/2025;NFD Lançada;;07/09/2025;⚠ Concluído Fora do Prazo;–;
343;;DESTAQUE SEUL DISTRIBUIDORA DE VEICULOS E PEÇAS;XD-DIADEMA;SP;Bragança Paulista;;;20324;;;;18/08/2025;18/08/2025;18/08/2025;08/08/2059;;311361;21/08/2025;21/08/2025;;;;26/08/2025;;26/08/2025;NFD Lançada;;07/09/2025;✔ Concluído;–;
344;;DESTAQUE SEUL DISTRIBUIDORA DE VEICULOS E PEÇAS;XD-DIADEMA;SP;Bragança Paulista;;;20527;;;;18/08/2025;18/08/2025;18/08/2025;09/08/2059;;312195;21/08/2025;21/08/2025;;;;17/09/2025;;17/09/2025;NFD Lançada;;07/09/2025;⚠ Concluído Fora do Prazo;–;
345;;JPN COMERCIO DE AUTOMOVEIS LTDA;TERMACO;PE;GARANHUNS;;;21738;;;;18/08/2025;18/08/2025;13/08/2025;30/07/2003;;310557;21/08/2025;12/09/2025;;26/09/2025;;30/09/2025;;30/09/2025;NFD Lançada;;07/09/2025;⚠ Concluído Fora do Prazo;–;
346;;L.R. COMERCIO DE VEICULOS LTDA;TRANSTRY;SC;São José;;;21556;;;;18/08/2025;18/08/2025;18/08/2025;13/05/2901;;310844;21/08/2025;18/08/2025;;;;28/08/2025;;28/08/2025;NFD Lançada;;07/09/2025;✔ Concluído;–;
347;;TRIAUTO KOREA AUTOMOVEIS LTDA;RIO VERMELHO;GO;Catalão;;;6984;;;;18/08/2025;18/08/2025;13/08/2025;21/01/1923;;314639;21/08/2025;16/09/2025;;04/11/2025;;27/11/2025;;27/11/2025;NFD Lançada;;07/09/2025;⚠ Concluído Fora do Prazo;–;
348;;VITAL COMERCIO DE VEICULOS LTDA;XD BETIM;MG;Governador Valadares;;;20614;;;;18/08/2025;18/08/2025;23/07/2025;17/09/2034;;314027;21/08/2025;22/08/2025;;23/09/2025;;23/09/2025;;23/09/2025;NFD Lançada;;07/09/2025;⚠ Concluído Fora do Prazo;–;
349;;DESTAQUE SEUL DISTRIBUIDORA DE VEICULOS E PEÇAS;XD-DIADEMA;SP;Bragança Paulista;;;2140;;;;19/08/2025;19/08/2025;04/08/2025;10/02/2147;;311230;22/08/2025;21/08/2025;;;;26/08/2025;;26/08/2025;NFD Lançada;;08/09/2025;✔ Concluído;–;
350;;PATEO COMERCIO DE VEICULOS S/A;TERMACO;PE;RECIFE;;;21580;;;;19/08/2025;19/08/2025;07/08/2025;27/09/3020;;310846;22/08/2025;22/08/2025;;03/09/2025;;08/09/2025;;08/09/2025;NFD Lançada;;08/09/2025;✔ Concluído;–;
351;;VIA BRASIL AUTOMOVEIS LTDA;CAMILO;ES;Serra;;;;;;;19/08/2025;19/08/2025;14/08/2025;23/05/2541;;312206;22/08/2025;28/08/2025;;26/09/2025;;26/09/2025;;26/09/2025;NFD Lançada;;08/09/2025;⚠ Concluído Fora do Prazo;–;
352;;BDG AUTOVILLE VEICULOS LTDA;XD BETIM;MG;CONTAGEM;;;5872;;;;20/08/2025;20/08/2025;;;;299376;25/08/2025;29/10/2025;;;;12/09/2025;;12/09/2025;NFD Lançada;;09/09/2025;⚠ Concluído Fora do Prazo;–;
353;;CAOA MOTOR DO BRASIL LTDA;TERMACO;BA;Lauro de Freitas;;;21800;;;;20/08/2025;20/08/2025;18/08/2025;21/07/2455;;310850;25/08/2025;25/08/2025;;03/09/2025;;08/09/2025;;08/09/2025;NFD Lançada;;09/09/2025;✔ Concluído;–;
354;;CHS MOTORS VEICULOS PECAS E SERVICOS LTDA;XD-DIADEMA;SP;São Paulo;;;2418;;;;20/08/2025;20/08/2025;18/08/2025;20/03/2193;;312204;25/08/2025;29/08/2025;;;;03/09/2025;;03/09/2025;NFD Lançada;;09/09/2025;✔ Concluído;–;
355;;CHS MOTORS VEICULOS PECAS E SERVICOS LTDA;XD-DIADEMA;SP;São Paulo;;;3045;;;;20/08/2025;20/08/2025;18/08/2025;09/05/2353;;311376;25/08/2025;22/08/2025;;;;26/08/2025;;26/08/2025;NFD Lançada;;09/09/2025;✔ Concluído;–;
356;;CHS MOTORS VEICULOS PECAS E SERVICOS LTDA;XD-DIADEMA;SP;São Paulo;;;7711;;;;20/08/2025;20/08/2025;18/08/2025;21/09/1948;;311381;25/08/2025;22/08/2025;;;;26/08/2025;;26/08/2025;NFD Lançada;;09/09/2025;✔ Concluído;–;
357;;CHS MOTORS VEICULOS PECAS E SERVICOS LTDA;XD-DIADEMA;SP;São Paulo;;;7712;;;;20/08/2025;20/08/2025;18/08/2025;22/09/1948;;311381;25/08/2025;22/08/2025;;;;26/08/2025;;26/08/2025;NFD Lançada;;09/09/2025;✔ Concluído;–;
358;;CHS MOTORS VEICULOS PECAS E SERVICOS LTDA;XD-DIADEMA;SP;São Paulo;;;9093;;;;20/08/2025;20/08/2025;18/08/2025;21/03/2193;;312369;25/08/2025;29/08/2025;;;;03/09/2025;;03/09/2025;NFD Lançada;;09/09/2025;✔ Concluído;–;
359;;CHS MOTORS VEICULOS PECAS E SERVICOS LTDA;XD-DIADEMA;SP;São Paulo;;;13022;;;;20/08/2025;20/08/2025;18/08/2025;17/02/1933;;311380;25/08/2025;22/08/2025;;;;26/08/2025;;26/08/2025;NFD Lançada;;09/09/2025;✔ Concluído;–;
360;;CHS MOTORS VEICULOS PECAS E SERVICOS LTDA;XD-DIADEMA;SP;São Paulo;;;13023;;;;20/08/2025;20/08/2025;18/08/2025;30/04/2353;;311376;25/08/2025;22/08/2025;;;;26/08/2025;;26/08/2025;NFD Lançada;;09/09/2025;✔ Concluído;–;
361;;CHS MOTORS VEICULOS PECAS E SERVICOS LTDA;XD-DIADEMA;SP;São Paulo;;;13115;;;;20/08/2025;20/08/2025;18/08/2025;26/05/2353;;311376;25/08/2025;22/08/2025;;;;26/08/2025;;26/08/2025;NFD Lançada;;09/09/2025;✔ Concluído;–;
362;;CHS MOTORS VEICULOS PECAS E SERVICOS LTDA;XD-DIADEMA;SP;São Paulo;;;13631;;;;20/08/2025;20/08/2025;18/08/2025;27/05/2353;;311376;25/08/2025;22/08/2025;;;;26/08/2025;;26/08/2025;NFD Lançada;;09/09/2025;✔ Concluído;–;
363;;CHS MOTORS VEICULOS PECAS E SERVICOS LTDA;XD-DIADEMA;SP;São Paulo;;;13649;;;;20/08/2025;20/08/2025;18/08/2025;26/03/2193;5;312369;25/08/2025;29/08/2025;;;;03/09/2025;;03/09/2025;NFD Lançada;;09/09/2025;✔ Concluído;–;
364;;CHS MOTORS VEICULOS PECAS E SERVICOS LTDA;XD-DIADEMA;SP;São Paulo;;;13651;;;;20/08/2025;20/08/2025;18/08/2025;23/03/2193;;314026;25/08/2025;16/09/2025;;;;18/09/2025;;18/09/2025;NFD Lançada;;09/09/2025;⚠ Concluído Fora do Prazo;–;
365;;CHS MOTORS VEICULOS PECAS E SERVICOS LTDA;XD-DIADEMA;SP;São Paulo;;;13651;;;;20/08/2025;20/08/2025;18/08/2025;27/03/2193;;312369;25/08/2025;29/08/2025;;;;03/09/2025;;03/09/2025;NFD Lançada;;09/09/2025;✔ Concluído;–;
366;;CHS MOTORS VEICULOS PECAS E SERVICOS LTDA;XD-DIADEMA;SP;São Paulo;;;13758;;;;20/08/2025;20/08/2025;18/08/2025;28/05/2353;;311376;25/08/2025;22/08/2025;;;;26/08/2025;;26/08/2025;NFD Lançada;;09/09/2025;✔ Concluído;–;
367;;CHS MOTORS VEICULOS PECAS E SERVICOS LTDA;XD-DIADEMA;SP;São Paulo;;;13760;;;;20/08/2025;20/08/2025;18/08/2025;06/05/2353;;311386;25/08/2025;22/08/2025;;;;26/08/2025;;26/08/2025;NFD Lançada;;09/09/2025;✔ Concluído;–;
368;;CHS MOTORS VEICULOS PECAS E SERVICOS LTDA;XD-DIADEMA;SP;São Paulo;;;13765;;;;20/08/2025;20/08/2025;18/08/2025;29/05/2353;;311376;25/08/2025;22/08/2025;;;;26/08/2025;;26/08/2025;NFD Lançada;;09/09/2025;✔ Concluído;–;
369;;CHS MOTORS VEICULOS PECAS E SERVICOS LTDA;XD-DIADEMA;SP;São Paulo;;;13963;;;;20/08/2025;20/08/2025;18/08/2025;24/03/2193;;314028;25/08/2025;16/09/2025;;;;19/09/2025;;19/09/2025;NFD Lançada;;09/09/2025;⚠ Concluído Fora do Prazo;–;
370;;CHS MOTORS VEICULOS PECAS E SERVICOS LTDA;XD-DIADEMA;SP;São Paulo;;;13971;;;;20/08/2025;20/08/2025;18/08/2025;28/03/2193;;312366;25/08/2025;29/08/2025;;;;03/09/2025;;03/09/2025;NFD Lançada;;09/09/2025;✔ Concluído;–;
371;;CHS MOTORS VEICULOS PECAS E SERVICOS LTDA;XD-DIADEMA;SP;São Paulo;;;13973;;;;20/08/2025;20/08/2025;18/08/2025;29/03/2193;;312369;25/08/2025;29/08/2025;;;;03/09/2025;;03/09/2025;NFD Lançada;;09/09/2025;✔ Concluído;–;
372;;CHS MOTORS VEICULOS PECAS E SERVICOS LTDA;XD-DIADEMA;SP;São Paulo;;;14065;;;;20/08/2025;20/08/2025;18/08/2025;31/05/2353;;311692;25/08/2025;26/08/2025;;;;08/09/2025;;08/09/2025;NFD Lançada;;09/09/2025;✔ Concluído;–;
373;;CHS MOTORS VEICULOS PECAS E SERVICOS LTDA;XD-DIADEMA;SP;São Paulo;;;16049;;;;20/08/2025;20/08/2025;26/06/2025;01/06/2353;;314874;25/08/2025;26/09/2025;;Entrega Direto;;;;;Recebido XD Diadema;SAC VERIFICANDO - SOLICITADO NOVA COLETA;09/09/2025;⚠ Fora do Prazo;298;🔴 Parado + 298 dias
374;;CHS MOTORS VEICULOS PECAS E SERVICOS LTDA;XD-DIADEMA;SP;São Paulo;;;16082;;;;20/08/2025;20/08/2025;18/08/2025;04/05/2353;;311376;25/08/2025;22/08/2025;;;;26/08/2025;;26/08/2025;NFD Lançada;;09/09/2025;✔ Concluído;–;
375;;CHS MOTORS VEICULOS PECAS E SERVICOS LTDA;XD-DIADEMA;SP;São Paulo;;;16146;;;;20/08/2025;20/08/2025;18/08/2025;12/05/2353;;311376;25/08/2025;22/08/2025;;;;26/08/2025;;26/08/2025;NFD Lançada;;09/09/2025;✔ Concluído;–;
376;;CHS MOTORS VEICULOS PECAS E SERVICOS LTDA;XD-DIADEMA;SP;São Paulo;;;16304;;;;20/08/2025;20/08/2025;;17/05/2353;;314725;25/08/2025;Cancelada;;Cancelada;;Cancelada;;Cancelada;NFD Lançada;;09/09/2025;⚠ Concluído Fora do Prazo;–;
377;;CHS MOTORS VEICULOS PECAS E SERVICOS LTDA;XD-DIADEMA;SP;São Paulo;;;16356;;;;20/08/2025;20/08/2025;18/08/2025;18/02/1933;;311380;25/08/2025;22/08/2025;;;;26/08/2025;;26/08/2025;NFD Lançada;;09/09/2025;✔ Concluído;–;
378;;CHS MOTORS VEICULOS PECAS E SERVICOS LTDA;XD-DIADEMA;SP;São Paulo;;;16480;;;;20/08/2025;20/08/2025;18/08/2025;08/05/2353;;311825;25/08/2025;27/08/2025;;;;29/09/2025;;29/09/2025;NFD Lançada;;09/09/2025;⚠ Concluído Fora do Prazo;–;
379;;CHS MOTORS VEICULOS PECAS E SERVICOS LTDA;XD-DIADEMA;SP;São Paulo;;;17728;;;;20/08/2025;20/08/2025;18/08/2025;22/03/2193;;314727;25/08/2025;26/09/2025;;;;11/12/2025;;11/12/2025;NFD Lançada;;09/09/2025;⚠ Concluído Fora do Prazo;–;
380;;CHS MOTORS VEICULOS PECAS E SERVICOS LTDA;XD-DIADEMA;SP;São Paulo;;;17880;;;;20/08/2025;20/08/2025;18/08/2025;11/05/2353;;311376;25/08/2025;22/08/2025;;;;26/08/2025;;26/08/2025;NFD Lançada;;09/09/2025;✔ Concluído;–;
381;;CHS MOTORS VEICULOS PECAS E SERVICOS LTDA;XD-DIADEMA;SP;São Paulo;;;19478;;;;20/08/2025;20/08/2025;18/08/2025;25/03/2193;;312202;25/08/2025;29/08/2025;;;;19/09/2025;;19/09/2025;NFD Lançada;;09/09/2025;⚠ Concluído Fora do Prazo;–;
382;;DESTAQUE SEUL DISTRIBUIDORA DE VEICULOS E PEÇAS;XD-DIADEMA;SP;Bragança Paulista;;;9666;;;;20/08/2025;20/08/2025;;10/05/2148;;314616;25/08/2025;17/09/2025;;;;29/09/2025;;29/09/2025;NFD Lançada;;09/09/2025;⚠ Concluído Fora do Prazo;–;
383;;GOLDEN MOTORS VEICULOS LTDA;MVT;SP;Vila Santa Maria;;;24917;;;;20/08/2025;20/08/2025;;;;310979;25/08/2025;;;;;13/11/2025;;13/11/2025;NFD Lançada;;09/09/2025;⚠ Concluído Fora do Prazo;–;
384;;HYMAX DISTRIBUIDORA DE VEICULOS LTDA;MVT;SP;Mogi-Guacu;;;12358;;;;20/08/2025;20/08/2025;19/08/2025;02/10/2228;;314039;25/08/2025;16/09/2025;;;;19/09/2025;;19/09/2025;NFD Lançada;;09/09/2025;⚠ Concluído Fora do Prazo;–;
385;;HYMAX DISTRIBUIDORA DE VEICULOS LTDA;MVT;SP;Mogi-Guacu;;;12358;;;;20/08/2025;20/08/2025;19/08/2025;03/10/2228;;314039;25/08/2025;16/09/2025;;;;19/09/2025;;19/09/2025;NFD Lançada;;09/09/2025;⚠ Concluído Fora do Prazo;–;
386;;ORIENT AUTOMOVEIS LTDA;TERMACO;RN;Parnamirim;;;1472;;;;20/08/2025;20/08/2025;12/03/2025;;;310849;25/08/2025;20/08/2025;;05/09/2025;;17/09/2025;;17/09/2025;NFD Lançada;;09/09/2025;⚠ Concluído Fora do Prazo;–;
387;;ORIENT AUTOMOVEIS LTDA;TERMACO;RN;Parnamirim;;;2778;;;;20/08/2025;20/08/2025;12/03/2025;;;310849;25/08/2025;20/08/2025;;05/09/2025;;17/09/2025;;17/09/2025;NFD Lançada;;09/09/2025;⚠ Concluído Fora do Prazo;–;
388;;SAGA KOREA COMERCIO DE VEICULOS PECAS E SERVI;RIO VERMELHO;GO;GOIANIA;;;17716;;;;20/08/2025;20/08/2025;28/07/2025;21/03/2556;;311676;25/08/2025;26/08/2025;;17/10/2025;;27/10/2025;;27/10/2025;NFD Lançada;;09/09/2025;⚠ Concluído Fora do Prazo;–;
389;;SEVEL VEICULOS LTDA;TERMACO;SE;Aracaju;;;21043;;;;20/08/2025;20/08/2025;18/08/2025;25/12/2436;;311051;25/08/2025;22/08/2025;;05/09/2025;;17/09/2025;;17/09/2025;NFD Lançada;;09/09/2025;⚠ Concluído Fora do Prazo;–;
390;;CAOA MOTOR DO BRASIL LTDA;TERMACO;BA;Lauro de Freitas;;;21811;;;;21/08/2025;21/08/2025;20/08/2025;12/09/2455;;311070;26/08/2025;26/08/2025;;03/09/2025;;08/09/2025;;08/09/2025;NFD Lançada;;10/09/2025;✔ Concluído;–;
391;;CAOA MOTOR DO BRASIL LTDA;TERMACO;BA;Lauro de Freitas;;;23572;;;;21/08/2025;21/08/2025;20/08/2025;17/05/2114;;314570;26/08/2025;26/08/2025;;15/10/2025;;15/10/2025;;15/10/2025;NFD Lançada;;10/09/2025;⚠ Concluído Fora do Prazo;–;
392;;SAGA KOREA COMERCIO DE VEICULOS PECAS E SERVI;RIO VERMELHO;GO;GOIANIA;;;12235;;;;22/08/2025;22/08/2025;14/08/2025;27/07/2561;;314643;27/08/2025;16/09/2025;;;;27/11/2025;;27/11/2025;NFD Lançada;;11/09/2025;⚠ Concluído Fora do Prazo;–;
393;;URCA MOTORS VEICULOS LTDA;RIO VERMELHO;GO;Rio Verde;;;3512;;;;22/08/2025;22/08/2025;20/08/2025;04/09/2642;;314041;27/08/2025;26/08/2025;;23/09/2025;;23/09/2025;;23/09/2025;NFD Lançada;;11/09/2025;⚠ Concluído Fora do Prazo;–;
394;;BDG AUTOVILLE VEICULOS LTDA;XD BETIM;MG;CONTAGEM;;;16093;;;;25/08/2025;25/08/2025;11/07/2025;06/08/2068;;313874;28/08/2025;28/08/2025;;23/09/2025;;23/09/2025;;23/09/2025;NFD Lançada;;14/09/2025;⚠ Concluído Fora do Prazo;–;
395;;BDG AUTOVILLE VEICULOS LTDA;XD BETIM;MG;CONTAGEM;;;24502;;;;25/08/2025;25/08/2025;15/08/2025;;;314581;28/08/2025;25/08/2025;;;;12/09/2025;;12/09/2025;NFD Lançada;;14/09/2025;✔ Concluído;–;
396;;BDG AUTOVILLE VEICULOS LTDA;XD BETIM;MG;CONTAGEM;;;24580;;;;25/08/2025;25/08/2025;15/08/2025;;;314581;28/08/2025;25/08/2025;;;;12/09/2025;;12/09/2025;NFD Lançada;;14/09/2025;✔ Concluído;–;
397;;BDG AUTOVILLE VEICULOS LTDA;XD BETIM;MG;CONTAGEM;;;24739;;;;25/08/2025;25/08/2025;15/08/2025;;;314581;28/08/2025;25/08/2025;;;;12/09/2025;;12/09/2025;NFD Lançada;;14/09/2025;✔ Concluído;–;
398;;CYCOSA AUTOMOVEIS LTDA;TERMACO;AL;Maceió;;;23945;;;;25/08/2025;25/08/2025;23/08/2025;28/07/2566;;311558;28/08/2025;29/08/2025;;16/09/2025;;23/09/2025;;23/09/2025;NFD Lançada;;14/09/2025;⚠ Concluído Fora do Prazo;–;
399;;FAZZA MOTORS COMERCIO DE VEICULOS LTDA;TERMACO;BA;Salvador;;;;;;;25/08/2025;25/08/2025;19/08/2025;27/08/2232;;311691;28/08/2025;27/08/2025;;05/09/2025;;17/09/2025;;17/09/2025;NFD Lançada;;14/09/2025;⚠ Concluído Fora do Prazo;–;
400;;FAZZA MOTORS COMERCIO DE VEICULOS LTDA;TERMACO;BA;Salvador;;;;;;;25/08/2025;25/08/2025;19/08/2025;28/08/2232;;311677;28/08/2025;27/08/2025;;05/09/2025;;17/09/2025;;17/09/2025;NFD Lançada;;14/09/2025;⚠ Concluído Fora do Prazo;–;
401;;GALA COMERCIO DE VEICULOS LTDA;TRANSTRY;RS;Pelotas;;;22060;;;;25/08/2025;25/08/2025;25/08/2025;24/01/2181;;313479;28/08/2025;29/08/2025;;;;26/09/2025;;26/09/2025;NFD Lançada;;14/09/2025;⚠ Concluído Fora do Prazo;–;
402;;HOUSE PARTS-COM. DE PCS. E VEICULOS LTDA;TERMACO;MA;SAO LUIS;;;13600;;;;25/08/2025;25/08/2025;22/08/2025;21/03/2416;;313481;28/08/2025;29/08/2025;;;;26/09/2025;;26/09/2025;NFD Lançada;;14/09/2025;⚠ Concluído Fora do Prazo;–;
403;;HOUSE PARTS-COM. DE PCS. E VEICULOS LTDA;TERMACO;MA;SAO LUIS;;;13610;;;;25/08/2025;25/08/2025;22/08/2025;27/03/2416;;313481;28/08/2025;29/08/2025;;;;26/09/2025;;26/09/2025;NFD Lançada;;14/09/2025;⚠ Concluído Fora do Prazo;–;
404;;HOUSE PARTS-COM. DE PCS. E VEICULOS LTDA;TERMACO;MA;SAO LUIS;;;16167;;;;25/08/2025;25/08/2025;22/08/2025;28/03/2416;;313481;28/08/2025;29/08/2025;;;;26/09/2025;;26/09/2025;NFD Lançada;;14/09/2025;⚠ Concluído Fora do Prazo;–;
405;;BDG AUTOVILLE VEICULOS LTDA;XD BETIM;MG;CONTAGEM;;;23245;;;;26/08/2025;26/08/2025;11/07/2025;21/09/2068;;313874;29/08/2025;28/08/2025;;23/09/2025;;23/09/2025;;23/09/2025;NFD Lançada;;15/09/2025;⚠ Concluído Fora do Prazo;–;
406;;BDG AUTOVILLE VEICULOS LTDA;XD BETIM;MG;CONTAGEM;;;23275;;;;26/08/2025;26/08/2025;11/07/2025;18/09/2068;;313874;29/08/2025;28/08/2025;;23/09/2025;;23/09/2025;;23/09/2025;NFD Lançada;;15/09/2025;⚠ Concluído Fora do Prazo;–;
407;;BDG AUTOVILLE VEICULOS LTDA;XD BETIM;MG;CONTAGEM;;;23470;;;;26/08/2025;26/08/2025;11/07/2025;10/10/2068;;313874;29/08/2025;28/08/2025;;23/09/2025;;23/09/2025;;23/09/2025;NFD Lançada;;15/09/2025;⚠ Concluído Fora do Prazo;–;
408;;BDG AUTOVILLE VEICULOS LTDA;XD BETIM;MG;CONTAGEM;;;23564;;;;26/08/2025;26/08/2025;11/07/2025;11/10/2068;;313874;29/08/2025;28/08/2025;;23/09/2025;;23/09/2025;;23/09/2025;NFD Lançada;;15/09/2025;⚠ Concluído Fora do Prazo;–;
409;;BDG AUTOVILLE VEICULOS LTDA;XD BETIM;MG;CONTAGEM;;;23638;;;;26/08/2025;26/08/2025;11/07/2025;04/08/2068;;313874;29/08/2025;28/08/2025;;23/09/2025;;23/09/2025;;23/09/2025;NFD Lançada;;15/09/2025;⚠ Concluído Fora do Prazo;–;
410;;BDG AUTOVILLE VEICULOS LTDA;XD BETIM;MG;CONTAGEM;;;24097;;;;26/08/2025;26/08/2025;11/07/2025;05/08/2068;;313874;29/08/2025;28/08/2025;;23/09/2025;;23/09/2025;;23/09/2025;NFD Lançada;;15/09/2025;⚠ Concluído Fora do Prazo;–;
411;;CAOA MOTOR DO BRASIL LTDA;TERMACO;BA;Lauro de Freitas;;;20720;;;;26/08/2025;26/08/2025;22/07/2025;;;311565;29/08/2025;26/08/2025;;;;03/09/2025;;03/09/2025;NFD Lançada;;15/09/2025;✔ Concluído;–;
412;;CAOA MOTOR DO BRASIL LTDA;TERMACO;BA;Lauro de Freitas;;;24246;;;;26/08/2025;26/08/2025;26/08/2025;14/10/2259;;314229;29/08/2025;29/08/2025;;26/09/2025;;26/09/2025;;26/09/2025;NFD Lançada;;15/09/2025;⚠ Concluído Fora do Prazo;–;
413;;GALA COMERCIO DE VEICULOS LTDA;TRANSTRY;RS;Pelotas;;;23803;;;;26/08/2025;26/08/2025;11/08/2025;;;311561;29/08/2025;26/08/2025;;;;01/10/2025;;01/10/2025;NFD Lançada;;15/09/2025;⚠ Concluído Fora do Prazo;–;
414;;URCA MOTORS VEICULOS LTDA;RIO VERMELHO;GO;Rio Verde;;;23123;;;;26/08/2025;26/08/2025;25/08/2025;07/10/2176;;314032;29/08/2025;02/09/2025;;23/09/2025;;23/09/2025;;23/09/2025;NFD Lançada;;15/09/2025;⚠ Concluído Fora do Prazo;–;
415;;CAOA MOTOR DO BRASIL LTDA;TERMACO;BA;Lauro de Freitas;;;7265;;;;27/08/2025;27/08/2025;27/08/2025;29/12/2114;;312949;01/09/2025;01/09/2025;;15/10/2025;;15/10/2025;;15/10/2025;NFD Lançada;;16/09/2025;⚠ Concluído Fora do Prazo;–;
416;;CAOA MOTOR DO BRASIL LTDA;TERMACO;BA;Lauro de Freitas;;;7311;;;;27/08/2025;27/08/2025;27/08/2025;28/12/2114;;312947;01/09/2025;01/09/2025;;15/10/2025;;15/10/2025;;15/10/2025;NFD Lançada;;16/09/2025;⚠ Concluído Fora do Prazo;–;
417;;CAOA MOTOR DO BRASIL LTDA;TERMACO;BA;Lauro de Freitas;;;7509;;;;27/08/2025;27/08/2025;27/08/2025;30/12/2114;;312954;01/09/2025;01/09/2025;;15/10/2025;;15/10/2025;;15/10/2025;NFD Lançada;;16/09/2025;⚠ Concluído Fora do Prazo;–;
418;;CAOA MOTOR DO BRASIL LTDA;TERMACO;BA;Lauro de Freitas;;;20010;;;;27/08/2025;27/08/2025;16/07/2025;;;311689;01/09/2025;26/08/2025;;;;07/10/2025;;07/10/2025;NFD Lançada;;16/09/2025;⚠ Concluído Fora do Prazo;–;
419;;CAOA MOTOR DO BRASIL LTDA;TERMACO;BA;Lauro de Freitas;;;20151;;;;27/08/2025;27/08/2025;16/07/2025;;;311689;01/09/2025;26/08/2025;;Entrega Direto;;;;;Recebido XD Diadema;;16/09/2025;⚠ Fora do Prazo;323;🔴 Parado + 323 dias
420;;CAOA MOTOR DO BRASIL LTDA;TERMACO;BA;Lauro de Freitas;;;20205;;;;27/08/2025;27/08/2025;16/07/2025;;;311689;01/09/2025;26/08/2025;;;;07/10/2025;;07/10/2025;NFD Lançada;;16/09/2025;⚠ Concluído Fora do Prazo;–;
421;;CAOA MOTOR DO BRASIL LTDA;TERMACO;BA;Lauro de Freitas;;;21540;;;;27/08/2025;27/08/2025;27/08/2025;16/07/2565;;312199;01/09/2025;29/08/2025;;;;03/09/2025;;03/09/2025;NFD Lançada;;16/09/2025;✔ Concluído;–;
422;;SAGA KOREA COMERCIO DE VEICULOS PECAS E SERVI;RIO VERMELHO;DF;BRASILIA;;;23924;;;;27/08/2025;27/08/2025;25/08/2025;18/01/2746;;314642;01/09/2025;16/09/2025;;17/10/2025;;27/10/2025;;27/10/2025;NFD Lançada;;16/09/2025;⚠ Concluído Fora do Prazo;–;
423;;ZENDAI VEICULOS LTDA;TRANSTRY;PR;Foz do Iguaçu;;;18814;;;;27/08/2025;27/08/2025;;12/09/2010;;312297;01/09/2025;28/08/2025;;;;03/09/2025;;03/09/2025;NFD Lançada;;16/09/2025;✔ Concluído;–;
424;;HOUSE PARTS-COM. DE PCS. E VEICULOS LTDA;TRANSTRY;RS;Porto Alegre;;;25357;;;;28/08/2025;28/08/2025;27/08/2025;13/01/2417;;313222;02/09/2025;29/08/2025;;;;26/09/2025;;26/09/2025;NFD Lançada;;17/09/2025;⚠ Concluído Fora do Prazo;–;
425;;HOUSE PARTS-COM. DE PCS. E VEICULOS LTDA;TRANSTRY;RS;Porto Alegre;;;25361;;;;28/08/2025;28/08/2025;27/08/2025;14/01/2417;;313222;02/09/2025;29/08/2025;;;;26/09/2025;;26/09/2025;NFD Lançada;;17/09/2025;⚠ Concluído Fora do Prazo;–;
426;;AUTOTRAC VEICULOS LTDA;TERMACO;PE;CARUARU;;;23590;;;;29/08/2025;29/08/2025;08/08/2025;;;312003;03/09/2025;29/08/2025;;16/09/2025;;17/09/2025;;17/09/2025;NFD Lançada;;18/09/2025;✔ Concluído;–;
427;;CAOA MOTOR DO BRASIL LTDA;TERMACO;BA;Lauro de Freitas;;;14026;;;;29/08/2025;29/08/2025;27/08/2025;18/10/2227;;314228;03/09/2025;02/09/2025;;19/09/2025;;02/09/2025;;02/09/2025;NFD Lançada;;18/09/2025;✔ Concluído;–;
428;;CAOA MOTOR DO BRASIL LTDA;TERMACO;BA;Lauro de Freitas;;;14503;;;;29/08/2025;29/08/2025;27/08/2025;19/10/2227;;314228;03/09/2025;02/09/2025;;19/09/2025;;02/09/2025;;02/09/2025;NFD Lançada;;18/09/2025;✔ Concluído;–;
429;;CAOA MOTOR DO BRASIL LTDA;TERMACO;BA;Lauro de Freitas;;;16254;;;;29/08/2025;29/08/2025;27/08/2025;19/12/2227;;314024;03/09/2025;02/09/2025;;19/09/2025;;07/10/2025;;07/10/2025;NFD Lançada;;18/09/2025;⚠ Concluído Fora do Prazo;–;
430;;CAOA MOTOR DO BRASIL LTDA;TERMACO;BA;Lauro de Freitas;;;17136;;;;29/08/2025;29/08/2025;27/08/2025;20/10/2227;;314024;03/09/2025;02/09/2025;;19/09/2025;;02/09/2025;;02/09/2025;NFD Lançada;;18/09/2025;✔ Concluído;–;
431;;CAOA MOTOR DO BRASIL LTDA;TERMACO;BA;Lauro de Freitas;;;19216;;;;29/08/2025;29/08/2025;27/08/2025;21/10/2227;;314024;03/09/2025;02/09/2025;;19/09/2025;;02/09/2025;;02/09/2025;NFD Lançada;;18/09/2025;✔ Concluído;–;
432;;CAOA MOTOR DO BRASIL LTDA;TERMACO;BA;Lauro de Freitas;;;19740;;;;29/08/2025;29/08/2025;27/08/2025;17/12/2227;;314228;03/09/2025;02/09/2025;;19/09/2025;;02/09/2025;;02/09/2025;NFD Lançada;;18/09/2025;✔ Concluído;–;
433;;CAOA MOTOR DO BRASIL LTDA;TERMACO;BA;Lauro de Freitas;;;19780;;;;29/08/2025;29/08/2025;28/08/2025;18/12/2227;;314230;03/09/2025;02/09/2025;;19/09/2025;;02/09/2025;;02/09/2025;NFD Lançada;;18/09/2025;✔ Concluído;–;
434;;CAOA MOTOR DO BRASIL LTDA;TERMACO;BA;Lauro de Freitas;;;19788;;;;29/08/2025;29/08/2025;27/08/2025;16/12/2227;;314228;03/09/2025;02/09/2025;;19/09/2025;;02/09/2025;;02/09/2025;NFD Lançada;;18/09/2025;✔ Concluído;–;
435;;CAOA MOTOR DO BRASIL LTDA;TERMACO;BA;Lauro de Freitas;;;19803;;;;29/08/2025;29/08/2025;27/08/2025;15/12/2227;;314228;03/09/2025;02/09/2025;;19/09/2025;;02/09/2025;;02/09/2025;NFD Lançada;;18/09/2025;✔ Concluído;–;
436;;CAOA MOTOR DO BRASIL LTDA;TERMACO;BA;Lauro de Freitas;;;22804;;;;29/08/2025;29/08/2025;27/08/2025;17/10/2227;;314024;03/09/2025;02/09/2025;;19/09/2025;;02/09/2025;;02/09/2025;NFD Lançada;;18/09/2025;✔ Concluído;–;
437;;CAOA MOTOR DO BRASIL LTDA;TERMACO;BA;Lauro de Freitas;;;24244;;;;29/08/2025;29/08/2025;29/08/2025;20/02/1971;;312517;03/09/2025;03/09/2025;;;;29/09/2025;;29/09/2025;NFD Lançada;;18/09/2025;⚠ Concluído Fora do Prazo;–;
438;;BARI VEICULOS LTDA;TRANSTRY;PR;Guarapuava;;;16037;;;;01/09/2025;01/09/2025;29/08/2025;25/08/2266;;313093;04/09/2025;02/09/2025;;;;18/09/2025;;18/09/2025;NFD Lançada;;21/09/2025;✔ Concluído;–;
439;;BARI VEICULOS LTDA;TRANSTRY;PR;Guarapuava;;;17852;;;;01/09/2025;01/09/2025;29/08/2025;21/08/2266;;313091;04/09/2025;02/09/2025;;;;18/09/2025;;18/09/2025;NFD Lançada;;21/09/2025;✔ Concluído;–;
440;;CAOA MOTOR DO BRASIL LTDA;TERMACO;BA;Lauro de Freitas;;;24357;;;;01/09/2025;01/09/2025;27/08/2025;27/12/2114;;314575;04/09/2025;04/09/2025;;15/10/2025;;15/10/2025;;15/10/2025;NFD Lançada;;21/09/2025;⚠ Concluído Fora do Prazo;–;
441;;CAOA MOTOR DO BRASIL LTDA;TERMACO;BA;Lauro de Freitas;;;24647;;;;01/09/2025;01/09/2025;27/08/2025;28/01/2115;;314575;04/09/2025;04/09/2025;;15/10/2025;;15/10/2025;;15/10/2025;NFD Lançada;;21/09/2025;⚠ Concluído Fora do Prazo;–;
442;;CAOA MOTOR DO BRASIL LTDA;TERMACO;BA;Lauro de Freitas;;;25008;;;;01/09/2025;01/09/2025;27/08/2025;06/12/2259;;314579;04/09/2025;04/09/2025;;30/10/2025;;04/11/2025;;04/11/2025;NFD Lançada;;21/09/2025;⚠ Concluído Fora do Prazo;–;
443;;CAOA MOTOR DO BRASIL LTDA;TERMACO;BA;Lauro de Freitas;;;25694;;;;01/09/2025;01/09/2025;27/08/2025;12/04/2228;;314024;04/09/2025;02/09/2025;;19/09/2025;;02/09/2025;;02/09/2025;NFD Lançada;;21/09/2025;✔ Concluído;–;
444;;CARWAY SUL VEICULOS LTDA;TRANSTRY;RS;Porto Alegre;;;21475;;;;01/09/2025;01/09/2025;28/08/2025;14/04/2632;;312943;04/09/2025;02/09/2025;;;;26/09/2025;;26/09/2025;NFD Lançada;;21/09/2025;⚠ Concluído Fora do Prazo;–;
445;;COMETA MATO GROSSO COM. DE VEICULOS LTDA;CARVALIMA;MT;SINOP;;;24806;;;;01/09/2025;01/09/2025;29/08/2025;17/11/2263;;312362;04/09/2025;01/09/2025;;17/09/2025;;30/09/2025;;30/09/2025;NFD Lançada;;21/09/2025;⚠ Concluído Fora do Prazo;–;
446;;FAZZA MOTORS COMERCIO DE VEICULOS LTDA;TERMACO;BA;Salvador;;;14004;;;;01/09/2025;01/09/2025;29/08/2025;23/12/2655;;312363;04/09/2025;11/09/2025;;24/09/2025;;26/09/2025;;26/09/2025;NFD Lançada;;21/09/2025;⚠ Concluído Fora do Prazo;–;
447;;L.R. COMERCIO DE VEICULOS LTDA;TRANSTRY;SC;São José;;;25157;;;;01/09/2025;01/09/2025;29/08/2025;03/05/1933;;312521;04/09/2025;02/09/2025;;;;19/09/2025;;19/09/2025;NFD Lançada;;21/09/2025;✔ Concluído;–;
448;;TAI MOTORS VEICULOS S/A;CAMILO;ES;Vitória;;;13146;;;;01/09/2025;01/09/2025;29/08/2025;14/11/2335;;314734;04/09/2025;19/09/2025;;15/10/2025;;15/10/2025;;15/10/2025;NFD Lançada;;21/09/2025;⚠ Concluído Fora do Prazo;–;
449;;BARI VEICULOS LTDA;TRANSTRY;PR;Guarapuava;;;4969;;;;02/09/2025;02/09/2025;02/09/2025;20/11/2266;;314736;05/09/2025;04/09/2025;;;;08/10/2025;;08/10/2025;NFD Lançada;;22/09/2025;⚠ Concluído Fora do Prazo;–;
450;;CAOA MOTOR DO BRASIL LTDA;TERMACO;BA;Lauro de Freitas;;;19495;;;;02/09/2025;02/09/2025;01/09/2025;01/08/1925;;313085;05/09/2025;04/09/2025;;;;08/09/2025;;08/09/2025;NFD Lançada;;22/09/2025;✔ Concluído;–;
451;;CAOA MOTOR DO BRASIL LTDA;TERMACO;BA;Lauro de Freitas;;;19528;;;;02/09/2025;02/09/2025;01/09/2025;02/08/1925;;313084;05/09/2025;04/09/2025;;;;08/09/2025;;08/09/2025;NFD Lançada;;22/09/2025;✔ Concluído;–;
452;;CAOA MOTOR DO BRASIL LTDA;TERMACO;BA;Lauro de Freitas;;;25822;;;;02/09/2025;02/09/2025;29/08/2025;01/02/2268;;312956;05/09/2025;04/09/2025;;;;26/08/2025;;26/08/2025;NFD Lançada;;22/09/2025;✔ Concluído;–;
453;;CARWAY SUL VEICULOS LTDA;TRANSTRY;RS;Porto Alegre;;;24194;;;;02/09/2025;02/09/2025;28/08/2025;22/05/2632;;313680;05/09/2025;03/09/2025;;;;26/09/2025;;26/09/2025;NFD Lançada;;22/09/2025;⚠ Concluído Fora do Prazo;–;
454;;CHS MOTORS VEICULOS PECAS E SERVICOS LTDA;XD-DIADEMA;SP;São Paulo;;;17787;;;;02/09/2025;02/09/2025;18/08/2025;19/05/2353;;311386;05/09/2025;04/09/2025;;;;26/08/2025;;26/08/2025;NFD Lançada;;22/09/2025;✔ Concluído;–;
455;;CHS MOTORS VEICULOS PECAS E SERVICOS LTDA;XD-DIADEMA;SP;São Paulo;;;18884;;;;02/09/2025;02/09/2025;18/08/2025;14/05/2353;;313098;05/09/2025;04/09/2025;;;;10/09/2025;;10/09/2025;NFD Lançada;;22/09/2025;✔ Concluído;–;
456;;ORIENT AUTOMOVEIS LTDA;TERMACO;RN;Parnamirim;;;24343;;;;02/09/2025;02/09/2025;14/08/2025;;;312373;05/09/2025;02/09/2025;;11/09/2025;;17/09/2025;;17/09/2025;NFD Lançada;;22/09/2025;✔ Concluído;–;
457;;ULSAN COMERCIO DE VEICULOS LTDA;CARVALIMA;RO;Vilhena;;;25461;;;;02/09/2025;02/09/2025;22/08/2025;;;312506;05/09/2025;02/09/2025;;16/09/2025;;17/09/2025;;17/09/2025;NFD Lançada;;22/09/2025;✔ Concluído;–;
458;;ULSAN COMERCIO DE VEICULOS LTDA;CARVALIMA;RO;Vilhena;;;25462;;;;02/09/2025;02/09/2025;22/08/2025;;;312506;05/09/2025;02/09/2025;;16/09/2025;;17/09/2025;;17/09/2025;NFD Lançada;;22/09/2025;✔ Concluído;–;
459;;ULSAN COMERCIO DE VEICULOS LTDA;CARVALIMA;RO;Vilhena;;;25471;;;;02/09/2025;02/09/2025;22/08/2025;;;312506;05/09/2025;02/09/2025;;16/09/2025;;17/09/2025;;17/09/2025;NFD Lançada;;22/09/2025;✔ Concluído;–;
460;;ULSAN COMERCIO DE VEICULOS LTDA;CARVALIMA;RO;Vilhena;;;25523;;;;02/09/2025;02/09/2025;22/08/2025;;;312506;05/09/2025;02/09/2025;;16/09/2025;;17/09/2025;;17/09/2025;NFD Lançada;;22/09/2025;✔ Concluído;–;
461;;CAOA MOTOR DO BRASIL LTDA;TERMACO;BA;Lauro de Freitas;;;4702;;;;03/09/2025;03/09/2025;27/08/2025;26/08/2115;;314575;08/09/2025;04/09/2025;;15/10/2025;;15/10/2025;;15/10/2025;NFD Lançada;;23/09/2025;⚠ Concluído Fora do Prazo;–;
462;;CAOA MOTOR DO BRASIL LTDA;TERMACO;BA;Lauro de Freitas;;;14070;;;;03/09/2025;03/09/2025;02/09/2025;18/08/2115;;314572;08/09/2025;04/09/2025;;15/10/2025;;15/10/2025;;15/10/2025;NFD Lançada;;23/09/2025;⚠ Concluído Fora do Prazo;–;
463;;CAOA MOTOR DO BRASIL LTDA;TERMACO;BA;Lauro de Freitas;;;14280;;;;03/09/2025;03/09/2025;01/09/2025;18/11/2083;;313686;08/09/2025;08/09/2025;;17/10/2025;;27/10/2025;;27/10/2025;NFD Lançada;;23/09/2025;⚠ Concluído Fora do Prazo;–;
464;;CAOA MOTOR DO BRASIL LTDA;TERMACO;BA;Lauro de Freitas;;;15191;;;;03/09/2025;03/09/2025;02/09/2025;28/10/2235;;312822;08/09/2025;05/09/2025;;17/09/2025;;23/09/2025;;23/09/2025;NFD Lançada;;23/09/2025;✔ Concluído;–;
465;;CAOA MOTOR DO BRASIL LTDA;TERMACO;BA;Lauro de Freitas;;;24010;;;;03/09/2025;03/09/2025;25/08/2025;20/08/2259;;314571;08/09/2025;08/09/2025;;15/10/2025;;15/10/2025;;15/10/2025;NFD Lançada;;23/09/2025;⚠ Concluído Fora do Prazo;–;
466;;CAOA MOTOR DO BRASIL LTDA;TERMACO;BA;Lauro de Freitas;;;25233;;;;03/09/2025;03/09/2025;27/08/2025;11/05/2260;;314579;08/09/2025;25/09/2025;;30/10/2025;;04/11/2025;;04/11/2025;NFD Lançada;;23/09/2025;⚠ Concluído Fora do Prazo;–;
467;;CAOA MOTOR DO BRASIL LTDA;TERMACO;BA;Lauro de Freitas;;;25502;;;;03/09/2025;03/09/2025;02/09/2025;10/05/2260;;313818;08/09/2025;08/09/2025;;26/09/2025;;26/09/2025;;26/09/2025;NFD Lançada;;23/09/2025;⚠ Concluído Fora do Prazo;–;
468;;CAOA MOTOR DO BRASIL LTDA;TERMACO;BA;Lauro de Freitas;;;25568;;;;03/09/2025;03/09/2025;27/08/2025;19/08/2115;;314575;08/09/2025;04/09/2025;;15/10/2025;;15/10/2025;;15/10/2025;NFD Lançada;;23/09/2025;⚠ Concluído Fora do Prazo;–;
469;;DESTAQUE SEUL DISTRIBUIDORA DE VEICULOS E PEÇAS;XD-DIADEMA;SP;Bragança Paulista;;;21514;;;;03/09/2025;03/09/2025;03/09/2025;24/12/2148;;313102;08/09/2025;08/09/2025;;;;11/09/2025;;11/09/2025;NFD Lançada;;23/09/2025;✔ Concluído;–;
470;;FAZZA MOTORS COMERCIO DE VEICULOS LTDA;TERMACO;BA;Salvador;;;7179;;;;03/09/2025;03/09/2025;29/08/2025;20/03/2656;;313218;08/09/2025;11/09/2025;;24/09/2025;;26/09/2025;;26/09/2025;NFD Lançada;;23/09/2025;⚠ Concluído Fora do Prazo;–;
471;;FAZZA MOTORS COMERCIO DE VEICULOS LTDA;TERMACO;BA;Salvador;;;13588;;;;03/09/2025;03/09/2025;29/08/2025;18/04/2656;;313216;08/09/2025;11/09/2025;;24/09/2025;;26/09/2025;;26/09/2025;NFD Lançada;;23/09/2025;⚠ Concluído Fora do Prazo;–;
472;;FAZZA MOTORS COMERCIO DE VEICULOS LTDA;TERMACO;BA;Salvador;;;13589;;;;03/09/2025;03/09/2025;29/08/2025;30/01/2656;;313212;08/09/2025;11/09/2025;;24/09/2025;;26/09/2025;;26/09/2025;NFD Lançada;;23/09/2025;⚠ Concluído Fora do Prazo;–;
473;;FAZZA MOTORS COMERCIO DE VEICULOS LTDA;TERMACO;BA;Salvador;;;15966;;;;03/09/2025;03/09/2025;29/08/2025;21/03/2656;;313214;08/09/2025;11/09/2025;;24/09/2025;;26/09/2025;;26/09/2025;NFD Lançada;;23/09/2025;⚠ Concluído Fora do Prazo;–;
474;;FAZZA MOTORS COMERCIO DE VEICULOS LTDA;TERMACO;BA;Salvador;;;16151;;;;03/09/2025;03/09/2025;29/08/2025;22/03/2656;;313213;08/09/2025;11/09/2025;;24/09/2025;;27/09/2025;;27/09/2025;NFD Lançada;;23/09/2025;⚠ Concluído Fora do Prazo;–;
475;;FAZZA MOTORS COMERCIO DE VEICULOS LTDA;TERMACO;BA;Salvador;;;16496;;;;03/09/2025;03/09/2025;29/08/2025;21/12/2655;;313219;08/09/2025;11/09/2025;;24/09/2025;;26/09/2025;;26/09/2025;NFD Lançada;;23/09/2025;⚠ Concluído Fora do Prazo;–;
476;;GREEN CITY VEICULOS LTDA;TERMACO;PI;Teresina;;;16035;;;;03/09/2025;03/09/2025;29/08/2025;24/10/2028;;312655;08/09/2025;10/09/2025;;26/09/2025;;30/09/2025;;30/09/2025;NFD Lançada;;23/09/2025;⚠ Concluído Fora do Prazo;–;
477;;GREEN CITY VEICULOS LTDA;TERMACO;PI;Teresina;;;16083;;;;03/09/2025;03/09/2025;29/08/2025;25/10/2028;;312655;08/09/2025;10/09/2025;;26/09/2025;;30/09/2025;;30/09/2025;NFD Lançada;;23/09/2025;⚠ Concluído Fora do Prazo;–;
478;;GREEN CITY VEICULOS LTDA;TERMACO;PI;Teresina;;;16129;;;;03/09/2025;03/09/2025;29/08/2025;22/10/2028;;312655;08/09/2025;10/09/2025;;26/09/2025;;30/09/2025;;30/09/2025;NFD Lançada;;23/09/2025;⚠ Concluído Fora do Prazo;–;
479;;GREEN CITY VEICULOS LTDA;TERMACO;PI;Teresina;;;16168;;;;03/09/2025;03/09/2025;29/08/2025;23/10/2028;;312655;08/09/2025;10/09/2025;;26/09/2025;;30/09/2025;;30/09/2025;NFD Lançada;;23/09/2025;⚠ Concluído Fora do Prazo;–;
480;;GREEN CITY VEICULOS LTDA;TERMACO;PI;Teresina;;;17774;;;;03/09/2025;03/09/2025;29/08/2025;26/10/2028;;312655;08/09/2025;10/09/2025;;26/09/2025;;30/09/2025;;30/09/2025;NFD Lançada;;23/09/2025;⚠ Concluído Fora do Prazo;–;
481;;GREEN CITY VEICULOS LTDA;TERMACO;PI;Teresina;;;17835;;;;03/09/2025;03/09/2025;29/08/2025;27/10/2028;;312655;08/09/2025;10/09/2025;;26/09/2025;;30/09/2025;;30/09/2025;NFD Lançada;;23/09/2025;⚠ Concluído Fora do Prazo;–;
482;;GREEN CITY VEICULOS LTDA;TERMACO;PI;Teresina;;;17847;;;;03/09/2025;03/09/2025;29/08/2025;28/10/2028;;312655;08/09/2025;10/09/2025;;26/09/2025;;30/09/2025;;30/09/2025;NFD Lançada;;23/09/2025;⚠ Concluído Fora do Prazo;–;
483;;GREEN CITY VEICULOS LTDA;TERMACO;PI;Teresina;;;24268;;;;03/09/2025;03/09/2025;13/08/2025;;;312513;08/09/2025;03/09/2025;;26/09/2025;;30/09/2025;;30/09/2025;NFD Lançada;;23/09/2025;⚠ Concluído Fora do Prazo;–;
484;;ULSAN COMERCIO DE VEICULOS LTDA;CARVALIMA;RO;Vilhena;;;24980;;;;03/09/2025;03/09/2025;19/08/2025;;;312520;08/09/2025;03/09/2025;;10/09/2025;;17/09/2025;;17/09/2025;NFD Lançada;;23/09/2025;✔ Concluído;–;
485;;ULSAN COMERCIO DE VEICULOS LTDA;CARVALIMA;RO;Vilhena;;;24981;;;;03/09/2025;03/09/2025;19/08/2025;;;312520;08/09/2025;03/09/2025;;10/09/2025;;17/09/2025;;17/09/2025;NFD Lançada;;23/09/2025;✔ Concluído;–;
486;;ULSAN COMERCIO DE VEICULOS LTDA;CARVALIMA;RO;Vilhena;;;24983;;;;03/09/2025;03/09/2025;19/08/2025;;;312520;08/09/2025;03/09/2025;;10/09/2025;;17/09/2025;;17/09/2025;NFD Lançada;;23/09/2025;✔ Concluído;–;
487;;ULSAN COMERCIO DE VEICULOS LTDA;CARVALIMA;RO;Vilhena;;;24984;;;;03/09/2025;03/09/2025;19/08/2025;;;312520;08/09/2025;03/09/2025;;10/09/2025;;17/09/2025;;17/09/2025;NFD Lançada;;23/09/2025;✔ Concluído;–;
488;;ULSAN COMERCIO DE VEICULOS LTDA;CARVALIMA;RO;Vilhena;;;24985;;;;03/09/2025;03/09/2025;19/08/2025;;;312520;08/09/2025;03/09/2025;;10/09/2025;;17/09/2025;;17/09/2025;NFD Lançada;;23/09/2025;✔ Concluído;–;
489;;ULSAN COMERCIO DE VEICULOS LTDA;CARVALIMA;RO;Vilhena;;;24988;;;;03/09/2025;03/09/2025;19/08/2025;;;312520;08/09/2025;03/09/2025;;10/09/2025;;17/09/2025;;17/09/2025;NFD Lançada;;23/09/2025;✔ Concluído;–;
490;;ULSAN COMERCIO DE VEICULOS LTDA;CARVALIMA;RO;Vilhena;;;24989;;;;03/09/2025;03/09/2025;19/08/2025;;;312520;08/09/2025;03/09/2025;;10/09/2025;;17/09/2025;;17/09/2025;NFD Lançada;;23/09/2025;✔ Concluído;–;
491;;ULSAN COMERCIO DE VEICULOS LTDA;CARVALIMA;RO;Vilhena;;;25084;;;;03/09/2025;03/09/2025;19/08/2025;;;312520;08/09/2025;03/09/2025;;10/09/2025;;17/09/2025;;17/09/2025;NFD Lançada;;23/09/2025;✔ Concluído;–;
492;;VIA BRASIL AUTOMOVEIS LTDA;CAMILO;ES;Serra;;;23764;;;;03/09/2025;03/09/2025;02/09/2025;13/08/2543;;313684;08/09/2025;08/09/2025;;26/09/2025;;26/09/2025;;26/09/2025;NFD Lançada;;23/09/2025;⚠ Concluído Fora do Prazo;–;
493;;CAOA MOTOR DO BRASIL LTDA;TERMACO;BA;Lauro de Freitas;;;24937;;;;04/09/2025;04/09/2025;02/09/2025;30/12/2456;;312654;09/09/2025;05/09/2025;;22/09/2025;;30/09/2025;;30/09/2025;NFD Lançada;;24/09/2025;⚠ Concluído Fora do Prazo;–;
494;;VIA BRASIL AUTOMOVEIS LTDA;CAMILO;ES;Serra;;;21875;;;;04/09/2025;04/09/2025;03/09/2025;25/09/2543;;313867;09/09/2025;09/09/2025;;26/09/2025;;26/09/2025;;26/09/2025;NFD Lançada;;24/09/2025;⚠ Concluído Fora do Prazo;–;
495;;CAOA MOTOR DO BRASIL LTDA;TERMACO;BA;Lauro de Freitas;;;1992;;;;05/09/2025;05/09/2025;03/09/2025;25/01/2315;;314647;10/09/2025;18/09/2025;;14/10/2025;;16/10/2025;;16/10/2025;NFD Lançada;;25/09/2025;⚠ Concluído Fora do Prazo;–;
496;;CAOA MOTOR DO BRASIL LTDA;TERMACO;BA;Lauro de Freitas;;;17857;;;;05/09/2025;05/09/2025;11/07/2025;19/02/1923;;314004;10/09/2025;10/09/2025;;;;18/09/2025;;18/09/2025;NFD Lançada;;25/09/2025;✔ Concluído;–;
497;;CAOA MOTOR DO BRASIL LTDA;TERMACO;BA;Lauro de Freitas;;;18790;;;;05/09/2025;05/09/2025;03/09/2025;26/01/2315;;314647;10/09/2025;18/09/2025;;14/10/2025;;16/10/2025;;16/10/2025;NFD Lançada;;25/09/2025;⚠ Concluído Fora do Prazo;–;
498;;CAOA MOTOR DO BRASIL LTDA;TERMACO;BA;Lauro de Freitas;;;27107;;;;05/09/2025;05/09/2025;03/09/2025;;;312810;10/09/2025;05/09/2025;;;;29/09/2025;;29/09/2025;NFD Lançada;;25/09/2025;⚠ Concluído Fora do Prazo;–;
499;;FAZZA MOTORS COMERCIO DE VEICULOS LTDA;TERMACO;BA;Salvador;;;14243;;;;05/09/2025;05/09/2025;29/08/2025;16/01/2656;;313220;10/09/2025;11/09/2025;;26/09/2025;;30/09/2025;;30/09/2025;NFD Lançada;;25/09/2025;⚠ Concluído Fora do Prazo;–;
500;;BARI VEICULOS LTDA;TRANSTRY;PR;Guarapuava;;;20402;;;;08/09/2025;08/09/2025;08/09/2025;07/06/2267;;313355;11/09/2025;10/09/2025;;;;26/09/2025;;26/09/2025;NFD Lançada;;28/09/2025;✔ Concluído;–;
501;;CAOA MOTOR DO BRASIL LTDA;TERMACO;BA;Lauro de Freitas;;;23960;;;;08/09/2025;08/09/2025;08/09/2025;01/10/2228;;314031;11/09/2025;11/09/2025;;23/09/2025;;23/09/2025;;23/09/2025;NFD Lançada;;28/09/2025;✔ Concluído;–;
502;;CAOA MOTOR DO BRASIL LTDA;TERMACO;BA;Lauro de Freitas;;;23970;;;;08/09/2025;08/09/2025;08/09/2025;22/09/2228;;314031;11/09/2025;11/09/2025;;23/09/2025;;23/09/2025;;23/09/2025;NFD Lançada;;28/09/2025;✔ Concluído;–;
503;;CAOA MOTOR DO BRASIL LTDA;TERMACO;BA;Lauro de Freitas;;;24001;;;;08/09/2025;08/09/2025;08/09/2025;30/01/2122;;314578;11/09/2025;15/09/2025;;;;30/09/2025;;30/09/2025;NFD Lançada;;28/09/2025;⚠ Concluído Fora do Prazo;–;
504;;CAOA MOTOR DO BRASIL LTDA;TERMACO;BA;Lauro de Freitas;;;24080;;;;08/09/2025;08/09/2025;08/09/2025;23/09/2228;;314031;11/09/2025;11/09/2025;;23/09/2025;;23/09/2025;;23/09/2025;NFD Lançada;;28/09/2025;✔ Concluído;–;
505;;CAOA MOTOR DO BRASIL LTDA;TERMACO;BA;Lauro de Freitas;;;25853;;;;08/09/2025;08/09/2025;27/08/2025;09/09/2260;;314579;11/09/2025;23/09/2025;;30/10/2025;;04/11/2025;;04/11/2025;NFD Lançada;;28/09/2025;⚠ Concluído Fora do Prazo;–;
506;;GALA COMERCIO DE VEICULOS LTDA;TRANSTRY;RS;Pelotas;;;18090;;;;08/09/2025;08/09/2025;05/09/2025;11/01/2182;;314236;11/09/2025;10/09/2025;;;;23/07/2025;;23/07/2025;NFD Lançada;;28/09/2025;✔ Concluído;–;
507;;GALA COMERCIO DE VEICULOS LTDA;TRANSTRY;RS;Pelotas;;;25354;;;;08/09/2025;08/09/2025;21/08/2025;;;312952;11/09/2025;08/09/2025;;;;19/09/2025;;19/09/2025;NFD Lançada;;28/09/2025;✔ Concluído;–;
508;;L.R. COMERCIO DE VEICULOS LTDA;TRANSTRY;SC;São José;;;26389;;;;08/09/2025;08/09/2025;05/09/2025;09/10/1933;;313866;11/09/2025;09/09/2025;;;;27/09/2025;;27/09/2025;NFD Lançada;;28/09/2025;✔ Concluído;–;
509;;NOBRE DISTRIBUIDORA DE VEICULOS E PECAS LTDA;MVT;SP;Aparecida;;;26597;;;;08/09/2025;08/09/2025;05/09/2025;07/06/2558;;313215;11/09/2025;10/09/2025;;;;11/09/2025;;11/09/2025;NFD Lançada;;28/09/2025;✔ Concluído;–;
510;;PONTO CERTO COMERCIO DE VEICULOS LTDA;TRANSTRY;SC;LAGES;;;26318;;;;08/09/2025;08/09/2025;04/09/2025;07/05/2057;;314234;11/09/2025;10/09/2025;;;;26/09/2025;;26/09/2025;NFD Lançada;;28/09/2025;✔ Concluído;–;
511;;BARI VEICULOS LTDA;TRANSTRY;PR;Guarapuava;;;16399;;;;09/09/2025;09/09/2025;08/09/2025;16/07/2267;;313355;12/09/2025;10/09/2025;;;;26/09/2025;;26/09/2025;NFD Lançada;;29/09/2025;✔ Concluído;–;
512;;DESTAQUE SEUL DISTRIBUIDORA DE VEICULOS E PEÇAS;XD-DIADEMA;SP;Bragança Paulista;;;27136;;;;09/09/2025;09/09/2025;08/09/2025;22/07/2060;;314005;12/09/2025;12/09/2025;;;;18/09/2025;;18/09/2025;NFD Lançada;;29/09/2025;✔ Concluído;–;
513;;GREEN CITY VEICULOS LTDA;TERMACO;PI;Teresina;;;23542;;;;09/09/2025;09/09/2025;;;;315698;12/09/2025;09/09/2025;;10/11/2025;;10/11/2025;;10/11/2025;NFD Lançada;;29/09/2025;⚠ Concluído Fora do Prazo;–;
514;;GREEN CITY VEICULOS LTDA;TERMACO;PI;Teresina;;;23555;;;;09/09/2025;09/09/2025;;;;315698;12/09/2025;09/09/2025;;10/11/2025;;10/11/2025;;10/11/2025;NFD Lançada;;29/09/2025;⚠ Concluído Fora do Prazo;–;
515;;ZENDAI VEICULOS LTDA;TRANSTRY;PR;Foz do Iguaçu;;;26616;;;;09/09/2025;09/09/2025;08/09/2025;06/03/2011;;314568;12/09/2025;10/09/2025;;;;30/09/2025;;30/09/2025;NFD Lançada;;29/09/2025;⚠ Concluído Fora do Prazo;–;
516;;BARI VEICULOS LTDA;TRANSTRY;PR;Guarapuava;;;24171;;;;10/09/2025;10/09/2025;09/09/2025;02/08/2267;;314235;15/09/2025;11/09/2025;;;;26/09/2025;;26/09/2025;NFD Lançada;;30/09/2025;✔ Concluído;–;
517;;CAOA MOTOR DO BRASIL LTDA;TERMACO;BA;Lauro de Freitas;;;5568;;;;10/09/2025;10/09/2025;09/09/2025;25/06/1972;;314022;15/09/2025;12/09/2025;;;;18/09/2025;;18/09/2025;NFD Lançada;;30/09/2025;✔ Concluído;–;
518;;CAOA MOTOR DO BRASIL LTDA;TERMACO;BA;Lauro de Freitas;;;27050;;;;10/09/2025;10/09/2025;10/09/2025;05/05/2202;;314025;15/09/2025;12/09/2025;;;;18/09/2025;;18/09/2025;NFD Lançada;;30/09/2025;✔ Concluído;–;
519;;GALA COMERCIO DE VEICULOS LTDA;TRANSTRY;RS;Pelotas;;;20665;;;;10/09/2025;10/09/2025;08/09/2025;15/02/2182;;314738;15/09/2025;15/09/2025;;;;08/10/2025;;08/10/2025;NFD Lançada;;30/09/2025;⚠ Concluído Fora do Prazo;–;
520;;GREEN CITY VEICULOS LTDA;TERMACO;PI;Teresina;;;26001;;;;10/09/2025;10/09/2025;26/08/2025;;;313210;15/09/2025;10/09/2025;;30/09/2025;;30/09/2025;;30/09/2025;NFD Lançada;;30/09/2025;✔ Concluído;–;
521;;URCA MOTORS VEICULOS LTDA;RIO VERMELHO;GO;Rio Verde;;;24970;;;;10/09/2025;10/09/2025;09/09/2025;19/05/2177;;314645;15/09/2025;19/09/2025;;07/10/2025;;10/10/2025;;10/10/2025;NFD Lançada;;30/09/2025;⚠ Concluído Fora do Prazo;–;
522;;BARI VEICULOS LTDA;TRANSTRY;PR;Guarapuava;;;14025;;;;11/09/2025;11/09/2025;11/09/2025;08/11/2267;;314037;16/09/2025;15/09/2025;;;;26/09/2025;;26/09/2025;NFD Lançada;;01/10/2025;✔ Concluído;–;
523;;BARI VEICULOS LTDA;TRANSTRY;PR;Guarapuava;;;14041;;;;11/09/2025;11/09/2025;11/09/2025;09/11/2267;;314037;16/09/2025;15/09/2025;;;;26/09/2025;;26/09/2025;NFD Lançada;;01/10/2025;✔ Concluído;–;
524;;BARI VEICULOS LTDA;TRANSTRY;PR;Guarapuava;;;16243;;;;11/09/2025;11/09/2025;11/09/2025;05/11/2267;;314037;16/09/2025;15/09/2025;;;;26/09/2025;;26/09/2025;NFD Lançada;;01/10/2025;✔ Concluído;–;
525;;BARI VEICULOS LTDA;TRANSTRY;PR;Guarapuava;;;16308;;;;11/09/2025;11/09/2025;11/09/2025;12/11/2267;;314037;16/09/2025;15/09/2025;;;;26/09/2025;;26/09/2025;NFD Lançada;;01/10/2025;✔ Concluído;–;
526;;BARI VEICULOS LTDA;TRANSTRY;PR;Guarapuava;;;23472;;;;11/09/2025;11/09/2025;11/09/2025;07/11/2267;;314037;16/09/2025;15/09/2025;;;;26/09/2025;;26/09/2025;NFD Lançada;;01/10/2025;✔ Concluído;–;
527;;CAOA MOTOR DO BRASIL LTDA;TERMACO;BA;Lauro de Freitas;;;25415;;;;11/09/2025;11/09/2025;10/09/2025;03/10/2457;;314422;16/09/2025;30/09/2025;;15/10/2025;;04/11/2025;;04/11/2025;NFD Lançada;;01/10/2025;⚠ Concluído Fora do Prazo;–;
528;;CAOA MOTOR DO BRASIL LTDA;TERMACO;BA;Lauro de Freitas;;;25417;;;;11/09/2025;11/09/2025;10/09/2025;02/10/2457;;314422;16/09/2025;24/09/2025;;15/10/2025;;04/11/2025;;04/11/2025;NFD Lançada;;01/10/2025;⚠ Concluído Fora do Prazo;–;
529;;FAZZA MOTORS COMERCIO DE VEICULOS LTDA;TERMACO;BA;Salvador;;;16095;;;;11/09/2025;11/09/2025;04/09/2025;31/07/2657;;314567;16/09/2025;23/09/2025;;14/10/2025;;13/10/2025;;13/10/2025;NFD Lançada;;01/10/2025;⚠ Concluído Fora do Prazo;–;
530;;FAZZA MOTORS COMERCIO DE VEICULOS LTDA;TERMACO;BA;Salvador;;;16253;;;;11/09/2025;11/09/2025;01/09/2025;16/10/2656;;314412;16/09/2025;23/09/2025;;14/10/2025;;13/10/2025;;13/10/2025;NFD Lançada;;01/10/2025;⚠ Concluído Fora do Prazo;–;
531;;FAZZA MOTORS COMERCIO DE VEICULOS LTDA;TERMACO;BA;Salvador;;;17413;;;;11/09/2025;11/09/2025;09/09/2025;20/07/2658;;313869;16/09/2025;22/09/2025;;14/10/2025;;13/10/2025;;13/10/2025;NFD Lançada;;01/10/2025;⚠ Concluído Fora do Prazo;–;
532;;FAZZA MOTORS COMERCIO DE VEICULOS LTDA;TERMACO;BA;Salvador;;;21737;;;;11/09/2025;11/09/2025;04/09/2025;30/07/2657;;313352;16/09/2025;22/09/2025;;14/10/2025;;13/10/2025;;13/10/2025;NFD Lançada;;01/10/2025;⚠ Concluído Fora do Prazo;–;
533;;FAZZA MOTORS COMERCIO DE VEICULOS LTDA;TERMACO;BA;Salvador;;;22002;;;;11/09/2025;11/09/2025;04/09/2025;29/07/2657;;313352;16/09/2025;22/09/2025;;14/10/2025;;13/10/2025;;13/10/2025;NFD Lançada;;01/10/2025;⚠ Concluído Fora do Prazo;–;
534;;FAZZA MOTORS COMERCIO DE VEICULOS LTDA;TERMACO;BA;Salvador;;;22266;;;;11/09/2025;11/09/2025;04/09/2025;01/08/2657;;313352;16/09/2025;22/09/2025;;14/10/2025;;13/10/2025;;13/10/2025;NFD Lançada;;01/10/2025;⚠ Concluído Fora do Prazo;–;
535;;FAZZA MOTORS COMERCIO DE VEICULOS LTDA;TERMACO;BA;Salvador;;;22266;;;;11/09/2025;11/09/2025;09/09/2025;02/08/2658;;314423;16/09/2025;22/09/2025;;14/10/2025;;13/10/2025;;13/10/2025;NFD Lançada;;01/10/2025;⚠ Concluído Fora do Prazo;–;
536;;FAZZA MOTORS COMERCIO DE VEICULOS LTDA;TERMACO;BA;Salvador;;;22428;;;;11/09/2025;11/09/2025;04/09/2025;22/07/2657;;313352;16/09/2025;22/09/2025;;14/10/2025;;13/10/2025;;13/10/2025;NFD Lançada;;01/10/2025;⚠ Concluído Fora do Prazo;–;
537;;HOUSE PARTS-COM. DE PCS. E VEICULOS LTDA;TRANSTRY;RS;SANTA MARIA;;;25902;;;;11/09/2025;11/09/2025;09/09/2025;12/10/2133;;314739;16/09/2025;15/09/2025;;;;30/09/2025;;30/09/2025;NFD Lançada;;01/10/2025;✔ Concluído;–;
538;;VIME POCOS COMERCIO DE VEICULOS E PECAS LTDA;XD BETIM;MG;Poços de Caldas;;;26426;;;;11/09/2025;11/09/2025;11/09/2025;15/12/1971;;314646;16/09/2025;17/09/2025;;27/10/2025;;17/09/2025;;17/09/2025;NFD Lançada;;01/10/2025;✔ Concluído;–;
539;;BDG AUTOVILLE VEICULOS LTDA;XD BETIM;MG ;CONTAGEM;;;19145;;;;12/09/2025;12/09/2025;11/09/2025;12/04/2016;;314035;17/09/2025;17/09/2025;;23/09/2025;;23/09/2025;;23/09/2025;NFD Lançada;;02/10/2025;✔ Concluído;–;
540;;BDG AUTOVILLE VEICULOS LTDA;XD BETIM;MG ;CONTAGEM;;;19153;;;;12/09/2025;12/09/2025;11/09/2025;14/04/2016;;314035;17/09/2025;17/09/2025;;23/09/2025;;23/09/2025;;23/09/2025;NFD Lançada;;02/10/2025;✔ Concluído;–;
541;;BDG AUTOVILLE VEICULOS LTDA;XD BETIM;MG ;CONTAGEM;;;19220;;;;12/09/2025;12/09/2025;11/09/2025;13/04/2016;;314035;17/09/2025;17/09/2025;;23/09/2025;;23/09/2025;;23/09/2025;NFD Lançada;;02/10/2025;✔ Concluído;–;
542;;BDG AUTOVILLE VEICULOS LTDA;XD BETIM;MG ;CONTAGEM;;;21937;;;;12/09/2025;12/09/2025;12/09/2025;27/01/2072;;314414;17/09/2025;16/09/2025;;22/09/2025;;25/09/2025;;25/09/2025;NFD Lançada;;02/10/2025;✔ Concluído;–;
543;;CAOA MOTOR DO BRASIL LTDA;TERMACO;BA;Lauro de Freitas;;;23150;;;;12/09/2025;12/09/2025;11/09/2025;08/12/2381;;314029;17/09/2025;16/09/2025;;;;19/09/2025;;19/09/2025;NFD Lançada;;02/10/2025;✔ Concluído;–;
544;;PATEO COMERCIO DE VEICULOS S/A;NORTEX;AM;MANAUS;;;23784;;;;12/09/2025;12/09/2025;11/09/2025;08/10/2165;;315092;17/09/2025;15/09/2025;;10/11/2025;;27/11/2025;;27/11/2025;NFD Lançada;;02/10/2025;⚠ Concluído Fora do Prazo;–;
545;;PATEO COMERCIO DE VEICULOS S/A;NORTEX;AM;MANAUS;;;23993;;;;12/09/2025;12/09/2025;11/09/2025;07/10/2165;;315092;17/09/2025;15/09/2025;;10/11/2025;;27/11/2025;;27/11/2025;NFD Lançada;;02/10/2025;⚠ Concluído Fora do Prazo;–;
546;;CAOA MOTOR DO BRASIL LTDA;TERMACO;BA;Lauro de Freitas;;;20011;;;;15/09/2025;15/09/2025;16/07/2025;;;313819;18/09/2025;15/09/2025;;;;18/09/2025;;18/09/2025;NFD Lançada;;05/10/2025;✔ Concluído;–;
547;;CAOA MOTOR DO BRASIL LTDA;TERMACO;BA;Lauro de Freitas;;;23789;;;;15/09/2025;15/09/2025;16/07/2025;;;313819;18/09/2025;15/09/2025;;;;18/09/2025;;18/09/2025;NFD Lançada;;05/10/2025;✔ Concluído;–;
548;;CAOA MOTOR DO BRASIL LTDA;TERMACO;BA;Lauro de Freitas;;;26600;;;;15/09/2025;15/09/2025;29/08/2025;;;313685;18/09/2025;15/09/2025;;17/09/2025;;19/09/2025;;19/09/2025;NFD Lançada;;05/10/2025;✔ Concluído;–;
549;;SAGA KOREA COM. DE VEIC. E PC. LTDA;RIO VERMELHO;GO;GOIANIA;;;26525;;;;15/09/2025;15/09/2025;;;;313690;15/09/2025;15/09/2025;;;;01/10/2025;;01/10/2025;NFD Lançada;;05/10/2025;✔ Concluído;–;
550;;SAGA KOREA COM. DE VEIC. E PC. LTDA;RIO VERMELHO;GO;GOIANIA;;;26559;;;;15/09/2025;15/09/2025;;;;313690;15/09/2025;15/09/2025;;;;01/10/2025;;01/10/2025;NFD Lançada;;05/10/2025;✔ Concluído;–;
551;;SAGA KOREA COMERCIO DE VEICULOS PECAS E SERVI;RIO VERMELHO;GO;GOIANIA;;;14571;;;;15/09/2025;15/09/2025;15/09/2025;10/04/2533;;313816;18/09/2025;25/09/2025;;09/10/2025;;;;;Recebido XD Diadema;;05/10/2025;⚠ Fora do Prazo;285;🔴 Parado + 285 dias
552;;SAGA KOREA COMERCIO DE VEICULOS PECAS E SERVI;RIO VERMELHO;GO;GOIANIA;;;14599;;;;15/09/2025;15/09/2025;15/09/2025;18/07/2570;;313822;18/09/2025;17/09/2025;;27/10/2025;;27/10/2025;;27/10/2025;NFD Lançada;;05/10/2025;⚠ Concluído Fora do Prazo;–;
553;;CAOA MOTOR DO BRASIL LTDA;TERMACO;BA;Lauro de Freitas;;;12375;;;;16/09/2025;16/09/2025;15/09/2025;27/04/2229;;314583;19/09/2025;19/09/2025;;07/10/2025;;04/11/2025;;04/11/2025;NFD Lançada;;06/10/2025;⚠ Concluído Fora do Prazo;–;
554;;CAOA MOTOR DO BRASIL LTDA;TERMACO;BA;Lauro de Freitas;;;19675;;;;16/09/2025;16/09/2025;15/09/2025;25/04/2229;;314583;19/09/2025;19/09/2025;;07/10/2025;;04/11/2025;;04/11/2025;NFD Lançada;;06/10/2025;⚠ Concluído Fora do Prazo;–;
555;;CAOA MOTOR DO BRASIL LTDA;TERMACO;BA;Lauro de Freitas;;;19865;;;;16/09/2025;16/09/2025;15/09/2025;26/04/2229;;314583;19/09/2025;19/09/2025;;07/10/2025;;04/11/2025;;04/11/2025;NFD Lançada;;06/10/2025;⚠ Concluído Fora do Prazo;–;
556;;CAOA MOTOR DO BRASIL LTDA;TERMACO;BA;Lauro de Freitas;;;26338;;;;16/09/2025;16/09/2025;11/09/2025;05/05/2497;;314728;19/09/2025;18/09/2025;;;;29/09/2025;;29/09/2025;NFD Lançada;;06/10/2025;✔ Concluído;–;
557;;FAZZA MOTORS COMERCIO DE VEICULOS LTDA;TERMACO;BA;Salvador;;;25522;;;;16/09/2025;16/09/2025;12/09/2025;10/10/2659;;314574;19/09/2025;23/09/2025;;14/10/2025;;13/10/2025;;13/10/2025;NFD Lançada;;06/10/2025;⚠ Concluído Fora do Prazo;–;
558;;TAI MOTORS VEICULOS S/A;CAMILO;ES;Vitória;;;20838;;;;16/09/2025;16/09/2025;29/08/2025;15/11/2335;;314573;19/09/2025;19/09/2025;;;;27/11/2025;;27/11/2025;NFD Lançada;;06/10/2025;⚠ Concluído Fora do Prazo;–;
559;;AUTOTRAC VEICULOS LTDA;TERMACO;PE;PETROLINA;;;26039;;;;17/09/2025;17/09/2025;27/08/2025;;;313875;22/09/2025;17/09/2025;;26/09/2025;;30/09/2025;;30/09/2025;NFD Lançada;;07/10/2025;✔ Concluído;–;
560;;AUTOTRAC VEICULOS LTDA;TERMACO;PE;PETROLINA;;;26054;;;;17/09/2025;17/09/2025;27/08/2025;;;313875;22/09/2025;17/09/2025;;26/09/2025;;30/09/2025;;30/09/2025;NFD Lançada;;07/10/2025;✔ Concluído;–;
561;;CAOA MOTOR DO BRASIL LTDA;TERMACO;BA;Lauro de Freitas;;;20837;;;;17/09/2025;17/09/2025;17/09/2025;26/06/1973;;315080;22/09/2025;22/09/2025;;;;29/09/2025;;29/09/2025;NFD Lançada;;07/10/2025;✔ Concluído;–;
562;;URCA MOTORS VEICULOS LTDA;RIO VERMELHO;GO;Rio Verde;;;17884;;;;17/09/2025;17/09/2025;18/07/2025;22/01/1933;;309364;22/09/2025;22/09/2025;;;;09/10/2025;;09/10/2025;NFD Lançada;;07/10/2025;⚠ Concluído Fora do Prazo;–;
563;;BARI VEICULOS LTDA;TRANSTRY;PR;Guarapuava;;;27723;;;;18/09/2025;18/09/2025;17/09/2025;16/01/2267;;314634;23/09/2025;22/09/2025;;;;08/10/2025;;08/10/2025;NFD Lançada;;08/10/2025;✔ Concluído;–;
564;;BDG AUTOVILLE VEICULOS LTDA;XD BETIM;MG ;CONTAGEM;;;27404;;;;18/09/2025;18/09/2025;08/09/2025;;;314495;23/09/2025;18/09/2025;;23/09/2025;;23/09/2025;;23/09/2025;NFD Lançada;;08/10/2025;✔ Concluído;–;
565;;CAOA MOTOR DO BRASIL LTDA;TERMACO;BA;Lauro de Freitas;;;25803;;;;18/09/2025;18/09/2025;;03/08/2229;;315712;23/09/2025;25/09/2025;;27/10/2025;;25/09/2025;;25/09/2025;NFD Lançada;;08/10/2025;✔ Concluído;–;
566;;CAOA MOTOR DO BRASIL LTDA;TERMACO;BA;Lauro de Freitas;;;25875;;;;18/09/2025;18/09/2025;26/08/2025;;;314034;23/09/2025;18/09/2025;;26/09/2025;;26/09/2025;;26/09/2025;NFD Lançada;;08/10/2025;✔ Concluído;–;
567;;CAOA MOTOR DO BRASIL LTDA;TERMACO;BA;Lauro de Freitas;;;26128;;;;18/09/2025;18/09/2025;17/09/2025;22/07/1973;;314724;23/09/2025;22/09/2025;;;;29/09/2025;;29/09/2025;NFD Lançada;;08/10/2025;✔ Concluído;–;
568;;CAOA MOTOR DO BRASIL LTDA;TERMACO;BA;Lauro de Freitas;;;26258;;;;18/09/2025;18/09/2025;;30/07/2229;;315710;23/09/2025;25/09/2025;;07/10/2025;;09/10/2025;;09/10/2025;NFD Lançada;;08/10/2025;⚠ Concluído Fora do Prazo;–;
569;;CAOA MOTOR DO BRASIL LTDA;TERMACO;BA;Lauro de Freitas;;;26304;;;;18/09/2025;18/09/2025;;29/07/2229;;316187;23/09/2025;25/09/2025;;30/10/2025;;04/11/2025;;04/11/2025;NFD Lançada;;08/10/2025;⚠ Concluído Fora do Prazo;–;
570;;CAOA MOTOR DO BRASIL LTDA;TERMACO;BA;Lauro de Freitas;;;26515;;;;18/09/2025;18/09/2025;26/08/2025;;;314034;23/09/2025;18/09/2025;;26/09/2025;;26/09/2025;;26/09/2025;NFD Lançada;;08/10/2025;✔ Concluído;–;
571;;CAOA MOTOR DO BRASIL LTDA;TERMACO;BA;Lauro de Freitas;;;26613;;;;18/09/2025;18/09/2025;26/08/2025;;;314034;23/09/2025;18/09/2025;;26/09/2025;;26/09/2025;;26/09/2025;NFD Lançada;;08/10/2025;✔ Concluído;–;
572;;CAOA MOTOR DO BRASIL LTDA;TERMACO;BA;Lauro de Freitas;;;26647;;;;18/09/2025;18/09/2025;26/08/2025;;;314034;23/09/2025;18/09/2025;;26/09/2025;;26/09/2025;;26/09/2025;NFD Lançada;;08/10/2025;✔ Concluído;–;
573;;CAOA MOTOR DO BRASIL LTDA;TERMACO;BA;Lauro de Freitas;;;26675;;;;18/09/2025;18/09/2025;29/08/2025;;;314042;23/09/2025;18/09/2025;;;;19/09/2025;;19/09/2025;NFD Lançada;;08/10/2025;✔ Concluído;–;
574;;GALA COMERCIO DE VEICULOS LTDA;TRANSTRY;RS;Pelotas;;;25671;;;;18/09/2025;18/09/2025;25/08/2025;;;313865;23/09/2025;18/09/2025;;;;30/09/2025;;30/09/2025;NFD Lançada;;08/10/2025;✔ Concluído;–;
575;;L.R. COMERCIO DE VEICULOS LTDA;TRANSTRY;SC;São José;;;21410;;;;18/09/2025;18/09/2025;17/09/2025;03/09/2907;;314729;23/09/2025;22/09/2025;;;;30/09/2025;;30/09/2025;NFD Lançada;;08/10/2025;✔ Concluído;–;
576;;ORVEL AUTOMOTOR HYD LTDA;TERMACO;BA;Teixeira de Freitas;;;16987;;;;18/09/2025;18/09/2025;17/09/2025;09/07/2029;;314726;23/09/2025;26/09/2025;;21/10/2025;;27/10/2025;;27/10/2025;NFD Lançada;;08/10/2025;⚠ Concluído Fora do Prazo;–;
577;;PATEO COMERCIO DE VEICULOS S/A;TERMACO;PB;JOAO PESSOA;;;26520;;;;18/09/2025;18/09/2025;16/09/2025;27/12/2134;;314703;23/09/2025;26/09/2025;;14/10/2025;;14/10/2025;;14/10/2025;NFD Lançada;;08/10/2025;⚠ Concluído Fora do Prazo;–;
578;;PRIVILLEGE DISTRIBUIDORA DE VEICULOS LTDA;RIO VERMELHO;TO;Araguaina;;;24928;;;;18/09/2025;18/09/2025;09/09/2025;01/09/2171;;314898;23/09/2025;19/09/2025;;;;09/03/2026;;09/03/2026;NFD Lançada;;08/10/2025;⚠ Concluído Fora do Prazo;–;
579;;BDG AUTOVILLE VEICULOS LTDA;XD BETIM;MG ;CONTAGEM;;;28418;;;;19/09/2025;19/09/2025;;;;;24/09/2025;19/09/2025;;;;07/10/2025;;07/10/2025;NFD Lançada;;09/10/2025;✔ Concluído;–;
580;;CAOA MOTOR DO BRASIL LTDA;TERMACO;BA;Lauro de Freitas;;;21410;;;;19/09/2025;19/09/2025;18/09/2025;11/06/2382;;314892;24/09/2025;23/09/2025;;;;29/09/2025;;29/09/2025;NFD Lançada;;09/10/2025;✔ Concluído;–;
581;;CAOA MOTOR DO BRASIL LTDA;TERMACO;BA;Lauro de Freitas;;;27410;;;;19/09/2025;19/09/2025;17/09/2025;21/02/2133;;314889;24/09/2025;23/09/2025;;;;29/09/2025;;29/09/2025;NFD Lançada;;09/10/2025;✔ Concluído;–;
582;;CAOA MOTOR DO BRASIL LTDA;TERMACO;BA;Lauro de Freitas;;;28727;;;;19/09/2025;19/09/2025;19/09/2025;02/02/2204;;314888;24/09/2025;23/09/2025;;;;29/09/2025;;29/09/2025;NFD Lançada;;09/10/2025;✔ Concluído;–;
583;;FAZZA MOTORS COMERCIO DE VEICULOS LTDA;TERMACO;BA;Salvador;;;24285;;;;19/09/2025;19/09/2025;12/09/2025;09/10/2659;;314887;24/09/2025;26/09/2025;;14/10/2025;;13/10/2025;;13/10/2025;NFD Lançada;;09/10/2025;⚠ Concluído Fora do Prazo;–;
584;;SAGA KOREA COMERCIO DE VEICULOS PECAS E SERVI;CARVALIMA;MT;VARZEA GRANDE;;;23354;;;;19/09/2025;19/09/2025;17/09/2025;21/10/2533;;314891;24/09/2025;24/09/2025;;09/10/2025;;27/10/2025;;27/10/2025;NFD Lançada;;09/10/2025;⚠ Concluído Fora do Prazo;–;
585;;AUTOTRAC VEICULOS LTDA;TERMACO;PE;CARUARU;;;27026;;;;22/09/2025;22/09/2025;22/09/2025;07/05/2123;;315393;25/09/2025;08/10/2025;;21/10/2025;;27/10/2025;;27/10/2025;NFD Lançada;;12/10/2025;⚠ Concluído Fora do Prazo;–;
586;;BARI VEICULOS LTDA;TRANSTRY;PR;Guarapuava;;;28260;;;;22/09/2025;22/09/2025;19/09/2025;09/09/2268;;315079;25/09/2025;23/09/2025;;;;08/10/2025;;08/10/2025;NFD Lançada;;12/10/2025;✔ Concluído;–;
587;;CAOA MOTOR DO BRASIL LTDA;TERMACO;BA;Lauro de Freitas;;;982;;;;22/09/2025;22/09/2025;12/09/2025;18/02/1973;;315095;25/09/2025;24/09/2025;;;;07/10/2025;;07/10/2025;NFD Lançada;;12/10/2025;✔ Concluído;–;
588;;CAOA MOTOR DO BRASIL LTDA;TERMACO;BA;Lauro de Freitas;;;1735;;;;22/09/2025;22/09/2025;12/09/2025;05/01/1973;;315095;25/09/2025;24/09/2025;;;;07/10/2025;;07/10/2025;NFD Lançada;;12/10/2025;✔ Concluído;–;
589;;CAOA MOTOR DO BRASIL LTDA;TERMACO;BA;Lauro de Freitas;;;1906;;;;22/09/2025;22/09/2025;12/09/2025;27/01/1973;;315095;25/09/2025;24/09/2025;;;;07/10/2025;;07/10/2025;NFD Lançada;;12/10/2025;✔ Concluído;–;
590;;CAOA MOTOR DO BRASIL LTDA;TERMACO;BA;Lauro de Freitas;;;2921;;;;22/09/2025;22/09/2025;12/09/2025;13/01/1973;;315095;25/09/2025;24/09/2025;;;;07/10/2025;;07/10/2025;NFD Lançada;;12/10/2025;✔ Concluído;–;
591;;CAOA MOTOR DO BRASIL LTDA;TERMACO;BA;Lauro de Freitas;;;4571;;;;22/09/2025;22/09/2025;12/09/2025;15/01/1973;;315095;25/09/2025;24/09/2025;;;;07/10/2025;;07/10/2025;NFD Lançada;;12/10/2025;✔ Concluído;–;
592;;CAOA MOTOR DO BRASIL LTDA;TERMACO;BA;Lauro de Freitas;;;4755;;;;22/09/2025;22/09/2025;12/09/2025;04/01/1973;;315095;25/09/2025;24/09/2025;;;;06/10/2025;;06/10/2025;NFD Lançada;;12/10/2025;✔ Concluído;–;
593;;CAOA MOTOR DO BRASIL LTDA;TERMACO;BA;Lauro de Freitas;;;7535;;;;22/09/2025;22/09/2025;12/09/2025;07/02/1973;;315095;25/09/2025;24/09/2025;;;;07/10/2025;;07/10/2025;NFD Lançada;;12/10/2025;✔ Concluído;–;
594;;CAOA MOTOR DO BRASIL LTDA;TERMACO;BA;Lauro de Freitas;;;7543;;;;22/09/2025;22/09/2025;12/09/2025;23/01/1973;;315095;25/09/2025;24/09/2025;;;;07/10/2025;;07/10/2025;NFD Lançada;;12/10/2025;✔ Concluído;–;
595;;CAOA MOTOR DO BRASIL LTDA;TERMACO;BA;Lauro de Freitas;;;8208;;;;22/09/2025;22/09/2025;12/09/2025;21/01/1973;;315095;25/09/2025;24/09/2025;;;;07/10/2025;;07/10/2025;NFD Lançada;;12/10/2025;✔ Concluído;–;
596;;CAOA MOTOR DO BRASIL LTDA;TERMACO;BA;Lauro de Freitas;;;9664;;;;22/09/2025;22/09/2025;12/09/2025;24/01/1973;;315095;25/09/2025;24/09/2025;;;;06/10/2025;;06/10/2025;NFD Lançada;;12/10/2025;✔ Concluído;–;
597;;CAOA MOTOR DO BRASIL LTDA;TERMACO;BA;Lauro de Freitas;;;9952;;;;22/09/2025;22/09/2025;12/09/2025;26/01/1973;;315095;25/09/2025;24/09/2025;;;;07/10/2025;;07/10/2025;NFD Lançada;;12/10/2025;✔ Concluído;–;
598;;CAOA MOTOR DO BRASIL LTDA;TERMACO;BA;Lauro de Freitas;;;9953;;;;22/09/2025;22/09/2025;12/09/2025;06/01/1973;;315095;25/09/2025;24/09/2025;;;;07/10/2025;;07/10/2025;NFD Lançada;;12/10/2025;✔ Concluído;–;
599;;CAOA MOTOR DO BRASIL LTDA;TERMACO;BA;Lauro de Freitas;;;9957;;;;22/09/2025;22/09/2025;12/09/2025;22/01/1973;;315095;25/09/2025;24/09/2025;;;;07/10/2025;;07/10/2025;NFD Lançada;;12/10/2025;✔ Concluído;–;
600;;CAOA MOTOR DO BRASIL LTDA;TERMACO;BA;Lauro de Freitas;;;11079;;;;22/09/2025;22/09/2025;12/09/2025;29/01/1973;;315095;25/09/2025;24/09/2025;;;;07/10/2025;;07/10/2025;NFD Lançada;;12/10/2025;✔ Concluído;–;
601;;CAOA MOTOR DO BRASIL LTDA;TERMACO;BA;Lauro de Freitas;;;11261;;;;22/09/2025;22/09/2025;12/09/2025;31/01/1973;;315095;25/09/2025;24/09/2025;;;;07/10/2025;;07/10/2025;NFD Lançada;;12/10/2025;✔ Concluído;–;
602;;CAOA MOTOR DO BRASIL LTDA;TERMACO;BA;Lauro de Freitas;;;12552;;;;22/09/2025;22/09/2025;12/09/2025;01/01/1973;;315095;25/09/2025;24/09/2025;;;;06/10/2025;;06/10/2025;NFD Lançada;;12/10/2025;✔ Concluído;–;
603;;CAOA MOTOR DO BRASIL LTDA;TERMACO;BA;Lauro de Freitas;;;12763;;;;22/09/2025;22/09/2025;12/09/2025;14/01/1973;;315095;25/09/2025;24/09/2025;;;;06/10/2025;;06/10/2025;NFD Lançada;;12/10/2025;✔ Concluído;–;
604;;CAOA MOTOR DO BRASIL LTDA;TERMACO;BA;Lauro de Freitas;;;13113;;;;22/09/2025;22/09/2025;12/09/2025;04/02/1973;;315095;25/09/2025;24/09/2025;;;;07/10/2025;;07/10/2025;NFD Lançada;;12/10/2025;✔ Concluído;–;
605;;CAOA MOTOR DO BRASIL LTDA;TERMACO;BA;Lauro de Freitas;;;13160;;;;22/09/2025;22/09/2025;12/09/2025;05/02/1973;;315095;25/09/2025;24/09/2025;;;;07/10/2025;;07/10/2025;NFD Lançada;;12/10/2025;✔ Concluído;–;
606;;CAOA MOTOR DO BRASIL LTDA;TERMACO;BA;Lauro de Freitas;;;13187;;;;22/09/2025;22/09/2025;12/09/2025;30/01/1973;;315095;25/09/2025;24/09/2025;;;;07/10/2025;;07/10/2025;NFD Lançada;;12/10/2025;✔ Concluído;–;
607;;CAOA MOTOR DO BRASIL LTDA;TERMACO;BA;Lauro de Freitas;;;14020;;;;22/09/2025;22/09/2025;12/09/2025;11/01/1973;;315095;25/09/2025;24/09/2025;;;;19/09/2025;;19/09/2025;NFD Lançada;;12/10/2025;✔ Concluído;–;
608;;CAOA MOTOR DO BRASIL LTDA;TERMACO;BA;Lauro de Freitas;;;14226;;;;22/09/2025;22/09/2025;12/09/2025;03/03/1973;;315095;25/09/2025;24/09/2025;;;;07/10/2025;;07/10/2025;NFD Lançada;;12/10/2025;✔ Concluído;–;
609;;CAOA MOTOR DO BRASIL LTDA;TERMACO;BA;Lauro de Freitas;;;14283;;;;22/09/2025;22/09/2025;12/09/2025;24/02/1973;;315095;25/09/2025;24/09/2025;;;;07/10/2025;;07/10/2025;NFD Lançada;;12/10/2025;✔ Concluído;–;
610;;CAOA MOTOR DO BRASIL LTDA;TERMACO;BA;Lauro de Freitas;;;14322;;;;22/09/2025;22/09/2025;12/09/2025;18/12/1972;;315095;25/09/2025;24/09/2025;;;;06/10/2025;;06/10/2025;NFD Lançada;;12/10/2025;✔ Concluído;–;
611;;CAOA MOTOR DO BRASIL LTDA;TERMACO;BA;Lauro de Freitas;;;14326;;;;22/09/2025;22/09/2025;12/09/2025;01/02/1973;;315095;25/09/2025;24/09/2025;;;;06/10/2025;;06/10/2025;NFD Lançada;;12/10/2025;✔ Concluído;–;
612;;CAOA MOTOR DO BRASIL LTDA;TERMACO;BA;Lauro de Freitas;;;14353;;;;22/09/2025;22/09/2025;12/09/2025;02/03/1973;;315099;25/09/2025;24/09/2025;;03/10/2025;;06/10/2025;;06/10/2025;NFD Lançada;;12/10/2025;✔ Concluído;–;
613;;CAOA MOTOR DO BRASIL LTDA;TERMACO;BA;Lauro de Freitas;;;14457;;;;22/09/2025;22/09/2025;12/09/2025;03/01/1973;;315095;25/09/2025;24/09/2025;;;;07/10/2025;;07/10/2025;NFD Lançada;;12/10/2025;✔ Concluído;–;
614;;CAOA MOTOR DO BRASIL LTDA;TERMACO;BA;Lauro de Freitas;;;15919;;;;22/09/2025;22/09/2025;12/09/2025;19/12/1972;;315095;25/09/2025;24/09/2025;;;;06/10/2025;;06/10/2025;NFD Lançada;;12/10/2025;✔ Concluído;–;
615;;CAOA MOTOR DO BRASIL LTDA;TERMACO;BA;Lauro de Freitas;;;16094;;;;22/09/2025;22/09/2025;12/09/2025;25/02/1973;;315095;25/09/2025;24/09/2025;;;;07/10/2025;;07/10/2025;NFD Lançada;;12/10/2025;✔ Concluído;–;
616;;CAOA MOTOR DO BRASIL LTDA;TERMACO;BA;Lauro de Freitas;;;16786;;;;22/09/2025;22/09/2025;12/09/2025;03/02/1973;;315095;25/09/2025;24/09/2025;;;;07/10/2025;;07/10/2025;NFD Lançada;;12/10/2025;✔ Concluído;–;
617;;CAOA MOTOR DO BRASIL LTDA;TERMACO;BA;Lauro de Freitas;;;18052;;;;22/09/2025;22/09/2025;12/09/2025;17/02/1973;;315095;25/09/2025;24/09/2025;;;;07/10/2025;;07/10/2025;NFD Lançada;;12/10/2025;✔ Concluído;–;
618;;CAOA MOTOR DO BRASIL LTDA;TERMACO;BA;Lauro de Freitas;;;19037;;;;22/09/2025;22/09/2025;12/09/2025;26/02/1973;;315095;25/09/2025;24/09/2025;;;;07/10/2025;;07/10/2025;NFD Lançada;;12/10/2025;✔ Concluído;–;
619;;CAOA MOTOR DO BRASIL LTDA;TERMACO;BA;Lauro de Freitas;;;19043;;;;22/09/2025;22/09/2025;12/09/2025;19/02/1973;;315095;25/09/2025;24/09/2025;;;;07/10/2025;;07/10/2025;NFD Lançada;;12/10/2025;✔ Concluído;–;
620;;CAOA MOTOR DO BRASIL LTDA;TERMACO;BA;Lauro de Freitas;;;19547;;;;22/09/2025;22/09/2025;12/09/2025;17/01/1973;;315095;25/09/2025;24/09/2025;;;;07/10/2025;;07/10/2025;NFD Lançada;;12/10/2025;✔ Concluído;–;
621;;CAOA MOTOR DO BRASIL LTDA;TERMACO;BA;Lauro de Freitas;;;20397;;;;22/09/2025;22/09/2025;12/09/2025;20/02/1973;;315095;25/09/2025;24/09/2025;;;;07/10/2025;;07/10/2025;NFD Lançada;;12/10/2025;✔ Concluído;–;
622;;CAOA MOTOR DO BRASIL LTDA;TERMACO;BA;Lauro de Freitas;;;20419;;;;22/09/2025;22/09/2025;12/09/2025;21/02/1973;;315095;25/09/2025;24/09/2025;;;;07/10/2025;;07/10/2025;NFD Lançada;;12/10/2025;✔ Concluído;–;
623;;CAOA MOTOR DO BRASIL LTDA;TERMACO;BA;Lauro de Freitas;;;21176;;;;22/09/2025;22/09/2025;22/09/2025;11/10/2229;;315925;25/09/2025;03/10/2025;;30/10/2025;;04/11/2025;;04/11/2025;NFD Lançada;;12/10/2025;⚠ Concluído Fora do Prazo;–;
624;;CAOA MOTOR DO BRASIL LTDA;TERMACO;BA;Lauro de Freitas;;;21429;;;;22/09/2025;22/09/2025;12/09/2025;23/02/1973;;315095;25/09/2025;24/09/2025;;;;06/10/2025;;06/10/2025;NFD Lançada;;12/10/2025;✔ Concluído;–;
625;;CAOA MOTOR DO BRASIL LTDA;TERMACO;BA;Lauro de Freitas;;;21781;;;;22/09/2025;22/09/2025;12/09/2025;28/02/1973;;315095;25/09/2025;24/09/2025;;;;07/10/2025;;07/10/2025;NFD Lançada;;12/10/2025;✔ Concluído;–;
626;;CAOA MOTOR DO BRASIL LTDA;TERMACO;BA;Lauro de Freitas;;;22507;;;;22/09/2025;22/09/2025;12/09/2025;01/03/1973;;315095;25/09/2025;24/09/2025;;;;07/10/2025;;07/10/2025;NFD Lançada;;12/10/2025;✔ Concluído;–;
627;;CAOA MOTOR DO BRASIL LTDA;TERMACO;BA;Lauro de Freitas;;;23268;;;;22/09/2025;22/09/2025;;16/07/2304;;316623;25/09/2025;02/10/2025;;23/10/2025;;;;;Recebido XD Diadema;;12/10/2025;⚠ Fora do Prazo;271;🔴 Parado + 271 dias
628;;CAOA MOTOR DO BRASIL LTDA;TERMACO;BA;Lauro de Freitas;;;24251;;;;22/09/2025;22/09/2025;12/09/2025;15/02/1973;;315095;25/09/2025;24/09/2025;;;;07/10/2025;;07/10/2025;NFD Lançada;;12/10/2025;✔ Concluído;–;
629;;CAOA MOTOR DO BRASIL LTDA;TERMACO;BA;Lauro de Freitas;;;24269;;;;22/09/2025;22/09/2025;12/09/2025;22/02/1973;;315099;25/09/2025;24/09/2025;;;;06/10/2025;;06/10/2025;NFD Lançada;;12/10/2025;✔ Concluído;–;
630;;CAOA MOTOR DO BRASIL LTDA;TERMACO;BA;Lauro de Freitas;;;24353;;;;22/09/2025;22/09/2025;12/09/2025;19/01/1973;;315095;25/09/2025;24/09/2025;;;;07/10/2025;;07/10/2025;NFD Lançada;;12/10/2025;✔ Concluído;–;
631;;CAOA MOTOR DO BRASIL LTDA;TERMACO;BA;Lauro de Freitas;;;25524;;;;22/09/2025;22/09/2025;12/09/2025;08/01/1973;;315095;25/09/2025;24/09/2025;;;;07/10/2025;;07/10/2025;NFD Lançada;;12/10/2025;✔ Concluído;–;
632;;CAOA MOTOR DO BRASIL LTDA;TERMACO;BA;Lauro de Freitas;;;25862;;;;22/09/2025;22/09/2025;12/09/2025;27/02/1973;;315095;25/09/2025;24/09/2025;;;;07/10/2025;;07/10/2025;NFD Lançada;;12/10/2025;✔ Concluído;–;
633;;CAOA MOTOR DO BRASIL LTDA;TERMACO;BA;Lauro de Freitas;;;26239;;;;22/09/2025;22/09/2025;12/09/2025;10/01/1973;;315095;25/09/2025;24/09/2025;;;;07/10/2025;;07/10/2025;NFD Lançada;;12/10/2025;✔ Concluído;–;
634;;CAOA MOTOR DO BRASIL LTDA;TERMACO;BA;Lauro de Freitas;;;27889;;;;22/09/2025;22/09/2025;19/09/2025;20/11/2202;;315096;25/09/2025;24/09/2025;;03/10/2025;;06/10/2025;;06/10/2025;NFD Lançada;;12/10/2025;✔ Concluído;–;
635;;GALA COMERCIO DE VEICULOS LTDA;TRANSTRY;RS;Pelotas;;;26089;;;;22/09/2025;22/09/2025;19/09/2025;20/11/2182;;315088;25/09/2025;24/09/2025;;;;08/10/2025;;08/10/2025;NFD Lançada;;12/10/2025;✔ Concluído;–;
636;;HOUSE PARTS-COM. DE PCS. E VEICULOS LTDA;TRANSTRY;RS;SANTA CRUZ DO SUL;;;16172;;;;22/09/2025;22/09/2025;18/09/2025;25/04/2006;;315098;25/09/2025;23/09/2025;;;;08/10/2025;;08/10/2025;NFD Lançada;;12/10/2025;✔ Concluído;–;
637;;L.R. COMERCIO DE VEICULOS LTDA;TRANSTRY;SC;São José;;;26782;;;;22/09/2025;22/09/2025;22/09/2025;09/06/2908;;315397;25/09/2025;30/09/2025;;;;08/10/2025;;08/10/2025;NFD Lançada;;12/10/2025;✔ Concluído;–;
638;;ORIENT AUTOMOVEIS LTDA;TERMACO;RN;Parnamirim;;;25525;;;;22/09/2025;22/09/2025;22/08/2025;;;314417;25/09/2025;22/09/2025;;14/10/2025;;14/10/2025;;14/10/2025;NFD Lançada;;12/10/2025;⚠ Concluído Fora do Prazo;–;
639;;PATEO COMERCIO DE VEICULOS S/A;TERMACO;BA;FEIRA DE SANTANA;;;13616;;;;22/09/2025;22/09/2025;09/09/2025;11/09/2134;;315268;25/09/2025;03/10/2025;;21/10/2025;;27/10/2025;;27/10/2025;NFD Lançada;;12/10/2025;⚠ Concluído Fora do Prazo;–;
640;;PATEO COMERCIO DE VEICULOS S/A;TERMACO;BA;FEIRA DE SANTANA;;;16319;;;;22/09/2025;22/09/2025;09/09/2025;12/09/2134;;315268;25/09/2025;03/10/2025;;21/10/2025;;27/10/2025;;27/10/2025;NFD Lançada;;12/10/2025;⚠ Concluído Fora do Prazo;–;
641;;PATEO COMERCIO DE VEICULOS S/A;TERMACO;BA;FEIRA DE SANTANA;;;25200;;;;22/09/2025;22/09/2025;09/09/2025;13/09/2134;;315268;25/09/2025;03/10/2025;;21/10/2025;;27/10/2025;;27/10/2025;NFD Lançada;;12/10/2025;⚠ Concluído Fora do Prazo;–;
642;;BDG AUTOVILLE VEICULOS LTDA;XD BETIM;MG ;CONTAGEM;;;28620;;;;23/09/2025;23/09/2025;17/09/2025;;;314901;26/09/2025;23/09/2025;;26/09/2025;;07/10/2025;;07/10/2025;NFD Lançada;;13/10/2025;✔ Concluído;–;
643;;CAOA MOTOR DO BRASIL LTDA;TERMACO;BA;Lauro de Freitas;;;27398;;;;24/09/2025;24/09/2025;24/09/2025;14/02/2459;;315082;29/09/2025;30/09/2025;;14/10/2025;;16/10/2025;;16/10/2025;NFD Lançada;;14/10/2025;⚠ Concluído Fora do Prazo;–;
644;;GREEN CITY VEICULOS LTDA;TERMACO;PI;Teresina;;;25057;;;;24/09/2025;24/09/2025;19/08/2025;;;314702;29/09/2025;24/09/2025;;21/10/2025;;27/10/2025;;27/10/2025;NFD Lançada;;14/10/2025;⚠ Concluído Fora do Prazo;–;
645;;CAOA MOTOR DO BRASIL LTDA;TERMACO;BA;Lauro de Freitas;;;26644;;;;25/09/2025;25/09/2025;25/09/2025;25/11/2311;;315922;30/09/2025;26/09/2025;;;;08/10/2025;;08/10/2025;NFD Lançada;;15/10/2025;✔ Concluído;–;
646;;CAOA MOTOR DO BRASIL LTDA;TERMACO;BA;Lauro de Freitas;;;28752;;;;25/09/2025;25/09/2025;25/09/2025;10/03/2203;;316142;30/09/2025;26/09/2025;;;;10/10/2025;;10/10/2025;NFD Lançada;;15/10/2025;✔ Concluído;–;
647;;CAOA MOTOR DO BRASIL LTDA;TERMACO;BA;Lauro de Freitas;;;28927;;;;25/09/2025;25/09/2025;;09/03/2203;;315924;30/09/2025;26/09/2025;;;;08/10/2025;;08/10/2025;NFD Lançada;;15/10/2025;✔ Concluído;–;
648;;CAOA MOTOR DO BRASIL LTDA;TERMACO;BA;Lauro de Freitas;;;29051;;;;25/09/2025;25/09/2025;;24/11/2311;;316613;30/09/2025;26/09/2025;;;;06/10/2025;;06/10/2025;NFD Lançada;;15/10/2025;✔ Concluído;–;
649;;HOUSE PARTS-COM. DE PCS. E VEICULOS LTDA;TRANSTRY;RS;SANTA MARIA;;;2496;;;;25/09/2025;25/09/2025;22/09/2025;26/10/2134;;315830;30/09/2025;29/09/2025;;;;17/10/2025;;17/10/2025;NFD Lançada;;15/10/2025;⚠ Concluído Fora do Prazo;–;
650;;HOUSE PARTS-COM. DE PCS. E VEICULOS LTDA;TRANSTRY;RS;SANTA MARIA;;;5466;;;;25/09/2025;25/09/2025;;27/10/2134;;315524;30/09/2025;29/09/2025;;;;09/10/2025;;09/10/2025;NFD Lançada;;15/10/2025;✔ Concluído;–;
651;;AUTOTRAC VEICULOS LTDA;TERMACO;PE;CARUARU;;;25727;;;;26/09/2025;26/09/2025;25/09/2025;16/08/2123;;315093;01/10/2025;08/10/2025;;21/10/2025;;27/10/2025;;27/10/2025;NFD Lançada;;16/10/2025;⚠ Concluído Fora do Prazo;–;
652;;CAOA MOTOR DO BRASIL LTDA;TERMACO;BA;Lauro de Freitas;;;;;;;26/09/2025;26/09/2025;25/09/2025;09/03/2203;;315924;01/10/2025;06/10/2025;;;;08/10/2025;;08/10/2025;NFD Lançada;;16/10/2025;✔ Concluído;–;
653;;CAOA MOTOR DO BRASIL LTDA;TERMACO;BA;Lauro de Freitas;;;26847;;;;26/09/2025;26/09/2025;01/09/2025;;;314883;01/10/2025;26/09/2025;;15/10/2025;;15/10/2025;;15/10/2025;NFD Lançada;;16/10/2025;✔ Concluído;–;
654;;CAOA MOTOR DO BRASIL LTDA;TERMACO;BA;Lauro de Freitas;;;27212;;;;26/09/2025;26/09/2025;04/09/2025;;;314882;01/10/2025;26/09/2025;;17/10/2025;;27/10/2025;;27/10/2025;NFD Lançada;;16/10/2025;⚠ Concluído Fora do Prazo;–;
655;;CAOA MOTOR DO BRASIL LTDA;TERMACO;BA;Lauro de Freitas;;;27836;;;;26/09/2025;26/09/2025;;02/08/2229;;315700;01/10/2025;29/09/2025;;07/10/2025;;29/09/2025;;29/09/2025;NFD Lançada;;16/10/2025;✔ Concluído;–;
656;;MASTER COMERCIAL DE VEICULOS LTDA;TERMACO;BA;BARREIRAS;;;45926;;;;26/09/2025;26/09/2025;08/09/2025;;;314884;01/10/2025;26/09/2025;;;;;;;Coleta Efetuada;;16/10/2025;⚠ Fora do Prazo;293;🔴 Parado + 293 dias
657;;CAOA MOTOR DO BRASIL LTDA;TERMACO;BA;Lauro de Freitas;;;17802;;;;29/09/2025;29/09/2025;;14/08/1926;;315709;02/10/2025;02/10/2025;;;;07/10/2025;;07/10/2025;NFD Lançada;;19/10/2025;✔ Concluído;–;
658;;CAOA MOTOR DO BRASIL LTDA;TERMACO;BA;Lauro de Freitas;;;18144;;;;29/09/2025;29/09/2025;;17/03/2383;;317779;02/10/2025;30/09/2025;;;;24/10/2025;;24/10/2025;NFD Lançada;;19/10/2025;⚠ Concluído Fora do Prazo;–;
659;;DESTAQUE SEUL DISTRIBUIDORA DE VEICULOS E PEÇAS;XD-DIADEMA;SP;Bragança Paulista;;;27229;;;;29/09/2025;29/09/2025;;23/08/2151;;319501;02/10/2025;02/10/2025;;10/11/2025;;10/11/2025;;10/11/2025;NFD Lançada;;19/10/2025;⚠ Concluído Fora do Prazo;–;
660;;DESTAQUE SEUL DISTRIBUIDORA DE VEICULOS E PEÇAS;XD-DIADEMA;SP;Bragança Paulista;;;28704;;;;29/09/2025;29/09/2025;;22/08/2151;;323630;02/10/2025;;;;;27/03/2026;;27/03/2026;NFD Lançada;;19/10/2025;⚠ Concluído Fora do Prazo;–;
661;;FAZZA MOTORS COMERCIO DE VEICULOS LTDA;TERMACO;BA;Salvador;;;18016;;;;29/09/2025;29/09/2025;09/09/2025;17/07/2658;;315536;02/10/2025;06/10/2025;;21/10/2025;;27/10/2025;;27/10/2025;NFD Lançada;;19/10/2025;⚠ Concluído Fora do Prazo;–;
662;;GALA COMERCIO DE VEICULOS LTDA;TRANSTRY;RS;Pelotas;;;29037;;;;29/09/2025;29/09/2025;;27/04/2183;;316975;02/10/2025;14/10/2025;;;;20/10/2025;;20/10/2025;NFD Lançada;;19/10/2025;⚠ Concluído Fora do Prazo;–;
663;;L.R. COMERCIO DE VEICULOS LTDA;TRANSTRY;SC;São José;;;28908;;;;29/09/2025;29/09/2025;26/09/2025;04/12/2909;;315395;02/10/2025;30/09/2025;;;;09/10/2025;;09/10/2025;NFD Lançada;;19/10/2025;✔ Concluído;–;
664;;SEVEC VEICULOS LTDA;TRANSTRY;PR;Curitiba;;;19698;;;;29/09/2025;29/09/2025;15/07/2025;;;315081;02/10/2025;29/09/2025;;;;08/10/2025;;08/10/2025;NFD Lançada;;19/10/2025;✔ Concluído;–;
665;;CAOA MOTOR DO BRASIL LTDA;TERMACO;BA;Lauro de Freitas;;;26769;;;;30/09/2025;30/09/2025;30/09/2025;17/12/1974;;315921;03/10/2025;02/10/2025;;;;08/10/2025;;08/10/2025;NFD Lançada;;20/10/2025;✔ Concluído;–;
666;;PATEO COMERCIO DE VEICULOS S/A;TERMACO;PE;OLINDA;;;26241;;;;30/09/2025;30/09/2025;29/09/2025;11/03/2314;;315386;03/10/2025;02/10/2025;;15/10/2025;;27/10/2025;;27/10/2025;NFD Lançada;;20/10/2025;⚠ Concluído Fora do Prazo;–;
667;;VITAL COMERCIO DE VEICULOS LTDA;XD BETIM;MG;Governador Valadares;;;27792;;;;30/09/2025;30/09/2025;;31/10/2094;;316507;03/10/2025;03/10/2025;;20/10/2025;;03/10/2025;;03/10/2025;NFD Lançada;;20/10/2025;✔ Concluído;–;
668;;BARI VEICULOS LTDA;TRANSTRY;PR;Guarapuava;;;29520;;;;01/10/2025;01/10/2025;;04/11/2269;;316809;06/10/2025;03/10/2025;;;;17/10/2025;;17/10/2025;NFD Lançada;;21/10/2025;✔ Concluído;–;
669;;CAOA MOTOR DO BRASIL LTDA;TERMACO;BA;Lauro de Freitas;;;15989;;;;01/10/2025;01/10/2025;;11/02/1926;;316027;06/10/2025;03/10/2025;;;;24/11/2025;;24/11/2025;NFD Lançada;;21/10/2025;⚠ Concluído Fora do Prazo;–;
670;;CAOA MOTOR DO BRASIL LTDA;TERMACO;BA;Lauro de Freitas;;;16170;;;;01/10/2025;01/10/2025;08/09/2025;18/02/1926;;315831;06/10/2025;03/10/2025;;;;07/10/2025;;07/10/2025;NFD Lançada;;21/10/2025;✔ Concluído;–;
671;;CAOA MOTOR DO BRASIL LTDA;TERMACO;BA;Lauro de Freitas;;;16796;;;;01/10/2025;01/10/2025;;20/02/1926;;315832;06/10/2025;03/10/2025;;;;07/10/2025;;07/10/2025;NFD Lançada;;21/10/2025;✔ Concluído;–;
672;;CAOA MOTOR DO BRASIL LTDA;TERMACO;BA;Lauro de Freitas;;;17757;;;;01/10/2025;01/10/2025;;12/02/1926;;315832;06/10/2025;03/10/2025;;;;07/10/2025;;07/10/2025;NFD Lançada;;21/10/2025;✔ Concluído;–;
673;;CAOA MOTOR DO BRASIL LTDA;TERMACO;BA;Lauro de Freitas;;;17761;;;;01/10/2025;01/10/2025;;13/02/1926;;315832;06/10/2025;03/10/2025;;;;07/10/2025;;07/10/2025;NFD Lançada;;21/10/2025;✔ Concluído;–;
674;;CAOA MOTOR DO BRASIL LTDA;TERMACO;BA;Lauro de Freitas;;;19781;;;;01/10/2025;01/10/2025;;07/02/2230;;316509;06/10/2025;06/10/2025;;20/10/2025;;06/10/2025;;06/10/2025;NFD Lançada;;21/10/2025;✔ Concluído;–;
675;;GRAFFITI VEICULOS LTDA;CAMILO;RJ;Itaperuna;;;28541;;;;02/10/2025;02/10/2025;17/09/2025;;;315535;07/10/2025;02/10/2025;;;;;;;Coleta Efetuada;;22/10/2025;⚠ Fora do Prazo;287;🔴 Parado + 287 dias
676;;GRAFFITI VEICULOS LTDA;CAMILO;RJ;Itaperuna;;;28598;;;;02/10/2025;02/10/2025;17/09/2025;;;315535;07/10/2025;02/10/2025;;;;;;;Coleta Efetuada;;22/10/2025;⚠ Fora do Prazo;287;🔴 Parado + 287 dias
677;;PRIVILLEGE DISTRIBUIDORA DE VEICULOS LTDA;RIO VERMELHO;TO;Araguaina;;;26139;;;;02/10/2025;02/10/2025;30/09/2025;04/11/2041;;316174;07/10/2025;07/10/2025;;12/11/2025;;27/11/2025;;27/11/2025;NFD Lançada;;22/10/2025;⚠ Concluído Fora do Prazo;–;
678;;BDG AUTOVILLE VEICULOS LTDA;XD BETIM;MG ;CONTAGEM;;;29997;;;;03/10/2025;03/10/2025;;;;315705;08/10/2025;03/10/2025;;30/10/2025;;04/11/2025;;04/11/2025;NFD Lançada;;23/10/2025;⚠ Concluído Fora do Prazo;–;
679;;BDG AUTOVILLE VEICULOS LTDA;XD BETIM;MG ;CONTAGEM;;;30189;;;;03/10/2025;03/10/2025;;;;315705;08/10/2025;03/10/2025;;30/10/2025;;04/11/2025;;04/11/2025;NFD Lançada;;23/10/2025;⚠ Concluído Fora do Prazo;–;
680;;NISA COMRCIAL DE VEIC AUTOMOTORES LTDA;RIO VERMELHO;GO;GOIANIA;;;27730;;;;06/10/2025;06/10/2025;03/10/2025;12/12/2424;;316185;09/10/2025;09/10/2025;;02/12/2025;;02/12/2025;;02/12/2025;NFD Lançada;;26/10/2025;⚠ Concluído Fora do Prazo;–;
681;; CYCOSA AUTOMOVEIS LTDA;TERMACO;AL;Maceió;;;29963;;;;08/10/2025;08/10/2025;29/09/2025;;;315340;13/10/2025;08/10/2025;;27/10/2025;;;;;Recebido XD Diadema;;28/10/2025;⚠ Fora do Prazo;267;🔴 Parado + 267 dias
682;;AMX COMERCIO E SERVICOS AUTOMORES LTDA;CAMILO;RJ;NITEROI;;;28798;;;;08/10/2025;08/10/2025;07/10/2025;26/05/2663;;318104;13/10/2025;08/10/2025;;02/12/2025;;02/12/2025;;02/12/2025;NFD Lançada;;28/10/2025;⚠ Concluído Fora do Prazo;–;
683;;CAOA MOTOR DO BRASIL LTDA;TERMACO;BA;Lauro de Freitas;;;;;;;08/10/2025;08/10/2025;;11/02/1926;;316027;14/10/2025;08/10/2025;;;;24/11/2025;;24/11/2025;NFD Lançada;;28/10/2025;⚠ Concluído Fora do Prazo;–;
684;;CAOA MOTOR DO BRASIL LTDA;TERMACO;BA;Lauro de Freitas;;;9539;;;;08/10/2025;08/10/2025;08/09/2025;;;316027;13/10/2025;08/10/2025;;;;;;;Coleta Efetuada;;28/10/2025;⚠ Fora do Prazo;281;🔴 Parado + 281 dias
685;;CAOA MOTOR DO BRASIL LTDA;TERMACO;BA;Lauro de Freitas;;;13706;;;;08/10/2025;08/10/2025;08/10/2025;28/06/1927;;316627;13/10/2025;10/10/2025;;;;22/10/2025;;22/10/2025;NFD Lançada;;28/10/2025;✔ Concluído;–;
686;;CAOA MOTOR DO BRASIL LTDA;TERMACO;BA;Lauro de Freitas;;;13754;;;;08/10/2025;08/10/2025;08/10/2025;02/07/1927;;298912;13/10/2025;10/10/2025;;;;30/10/2025;;30/10/2025;NFD Lançada;;28/10/2025;⚠ Concluído Fora do Prazo;–;
687;;CAOA MOTOR DO BRASIL LTDA;TERMACO;BA;Lauro de Freitas;;;15982;;;;08/10/2025;08/10/2025;08/10/2025;29/06/1927;;316627;13/10/2025;10/10/2025;;;;22/10/2025;;22/10/2025;NFD Lançada;;28/10/2025;✔ Concluído;–;
688;;CAOA MOTOR DO BRASIL LTDA;TERMACO;BA;Lauro de Freitas;;;16043;;;;08/10/2025;08/10/2025;08/10/2025;03/07/1927;;298895;13/10/2025;10/10/2025;;;;30/10/2025;;30/10/2025;NFD Lançada;;28/10/2025;⚠ Concluído Fora do Prazo;–;
689;;CAOA MOTOR DO BRASIL LTDA;TERMACO;BA;Lauro de Freitas;;;19568;;;;08/10/2025;08/10/2025;08/10/2025;16/06/2367;;316513;13/10/2025;10/10/2025;;;;14/10/2025;;14/10/2025;NFD Lançada;;28/10/2025;✔ Concluído;–;
690;;CAOA MOTOR DO BRASIL LTDA;TERMACO;BA;Lauro de Freitas;;;19570;;;;08/10/2025;08/10/2025;08/10/2025;17/06/2367;;316513;13/10/2025;10/10/2025;;;;14/10/2025;;14/10/2025;NFD Lançada;;28/10/2025;✔ Concluído;–;
691;;CAOA MOTOR DO BRASIL LTDA;TERMACO;BA;Lauro de Freitas;;;22047;;;;08/10/2025;08/10/2025;08/10/2025;30/06/1927;;316621;13/10/2025;10/10/2025;;;;14/10/2025;;14/10/2025;NFD Lançada;;28/10/2025;✔ Concluído;–;
692;;CAOA MOTOR DO BRASIL LTDA;TERMACO;BA;Lauro de Freitas;;;22048;;;;08/10/2025;08/10/2025;08/10/2025;01/07/1927;;316621;13/10/2025;10/10/2025;;;;06/10/2025;;06/10/2025;NFD Lançada;;28/10/2025;✔ Concluído;–;
693;;CAOA MOTOR DO BRASIL LTDA;TERMACO;BA;Lauro de Freitas;;;26332;;;;08/10/2025;08/10/2025;22/09/2025;14/09/1926;;316501;13/10/2025;09/10/2025;;;;14/10/2025;;14/10/2025;NFD Lançada;;28/10/2025;✔ Concluído;–;
694;;CAOA MOTOR DO BRASIL LTDA;TERMACO;BA;Lauro de Freitas;;;26474;;;;08/10/2025;08/10/2025;22/09/2025;15/09/1926;;316501;13/10/2025;09/10/2025;;;;14/10/2025;;14/10/2025;NFD Lançada;;28/10/2025;✔ Concluído;–;
695;;CAOA MOTOR DO BRASIL LTDA;TERMACO;BA;Lauro de Freitas;;;27308;;;;08/10/2025;08/10/2025;22/09/2025;13/09/1926;;316499;13/10/2025;10/10/2025;;;;22/10/2025;;22/10/2025;NFD Lançada;;28/10/2025;✔ Concluído;–;
696;;CAOA MOTOR DO BRASIL LTDA;TERMACO;BA;Lauro de Freitas;;;10696;;;;09/10/2025;09/10/2025;08/10/2025;22/01/2329;;318107;14/10/2025;13/10/2025;;02/12/2025;;02/12/2025;;02/12/2025;NFD Lançada;;29/10/2025;⚠ Concluído Fora do Prazo;–;
697;;CAOA MOTOR DO BRASIL LTDA;TERMACO;BA;Lauro de Freitas;;;13291;;;;09/10/2025;09/10/2025;08/10/2025;24/01/2329;;318107;14/10/2025;13/10/2025;;02/12/2025;;02/12/2025;;02/12/2025;NFD Lançada;;29/10/2025;⚠ Concluído Fora do Prazo;–;
698;;CAOA MOTOR DO BRASIL LTDA;TERMACO;BA;Lauro de Freitas;;;16508;;;;09/10/2025;09/10/2025;08/10/2025;25/01/2329;;318107;14/10/2025;13/10/2025;;02/12/2025;;02/12/2025;;02/12/2025;NFD Lançada;;29/10/2025;⚠ Concluído Fora do Prazo;–;
699;;CAOA MOTOR DO BRASIL LTDA;TERMACO;BA;Lauro de Freitas;;;24244;;;;09/10/2025;09/10/2025;08/10/2025;21/12/1975;;315213;14/10/2025;10/10/2025;;;;14/10/2025;;14/10/2025;NFD Lançada;;29/10/2025;✔ Concluído;–;
700;;CAOA MOTOR DO BRASIL LTDA;TERMACO;BA;Lauro de Freitas;;;24244;;;;09/10/2025;09/10/2025;;12/06/1981;;312517;14/10/2025;03/09/2025;;;;29/09/2025;;29/09/2025;NFD Lançada;;29/10/2025;✔ Concluído;–;
701;;CAOA MOTOR DO BRASIL LTDA;TERMACO;BA;Lauro de Freitas;;;25903;;;;09/10/2025;09/10/2025;08/10/2025;23/01/2329;;318107;14/10/2025;13/10/2025;;02/12/2025;;02/12/2025;;02/12/2025;NFD Lançada;;29/10/2025;⚠ Concluído Fora do Prazo;–;
702;;AUTOTRAC VEICULOS LTDA;TERMACO;PE;CARUARU;;;78928;;;;10/10/2025;10/10/2025;13/06/2025;30/07/1935;;302202;15/10/2025;;;;;;;;Coleta Agendada;;30/10/2025;⚠ Fora do Prazo;279;🔴 Parado + 279 dias
703;;AUTOTRAC VEICULOS LTDA;TERMACO;PE;CARUARU;;;78929;;;;10/10/2025;10/10/2025;13/06/2025;31/07/1935;;301888;15/10/2025;;;;;;;;Coleta Agendada;;30/10/2025;⚠ Fora do Prazo;279;🔴 Parado + 279 dias
704;;AUTOTRAC VEICULOS LTDA;TERMACO;PE;CARUARU;;;78930;;;;10/10/2025;10/10/2025;13/06/2025;20/02/1935;;301888;15/10/2025;;;;;;;;Coleta Agendada;;30/10/2025;⚠ Fora do Prazo;279;🔴 Parado + 279 dias
705;;AUTOTRAC VEICULOS LTDA;TERMACO;PE;CARUARU;;;78931;;;;10/10/2025;10/10/2025;13/06/2025;28/12/1934;;301888;15/10/2025;;;10/06/2025;;;;;Recebido XD Diadema;;30/10/2025;⚠ Fora do Prazo;279;🔴 Parado + 279 dias
706;;CAOA MOTOR DO BRASIL LTDA;TERMACO;BA;Lauro de Freitas;;;26687;;;;10/10/2025;10/10/2025;08/10/2025;23/04/1975;;313322;15/10/2025;15/10/2025;;;;10/12/2025;;10/12/2025;NFD Lançada;;30/10/2025;⚠ Concluído Fora do Prazo;–;
707;;CAOA MOTOR DO BRASIL LTDA;TERMACO;BA;Lauro de Freitas;;;26687;;;;10/10/2025;10/10/2025;02/10/2025;;;313322;15/10/2025;22/10/2025;;;;;;;Coleta Efetuada;;30/10/2025;⚠ Fora do Prazo;272;🔴 Parado + 272 dias
708;;ORVEL AUTOMOTOR HYD LTDA;TERMACO;BA;Teixeira de Freitas;;;27712;;;;10/10/2025;10/10/2025;07/10/2025;31/05/2030;;316504;15/10/2025;17/10/2025;;27/10/2025;;24/11/2025;;24/11/2025;NFD Lançada;;30/10/2025;⚠ Concluído Fora do Prazo;–;
709;;PATEO COMERCIO DE VEICULOS S/A;NORTEX;AM;MANAUS;;;97542;;;;10/10/2025;10/10/2025;07/10/2025;22/04/1971;;311794;15/10/2025;13/10/2025;;;;19/01/2026;;19/01/2026;NFD Lançada;;30/10/2025;⚠ Concluído Fora do Prazo;–;
710;;AMX COMERCIO E SERVICOS AUTOMORES LTDA;CAMILO;RJ;NITEROI;;;30759;;;;13/10/2025;13/10/2025;13/10/2025;10/01/2664;;317351;16/10/2025;15/10/2025;;23/10/2025;;09/03/2026;;09/03/2026;NFD Lançada;;02/11/2025;⚠ Concluído Fora do Prazo;–;
711;;CAOA MOTOR DO BRASIL LTDA;TERMACO;BA;Lauro de Freitas;;;16120;;;;13/10/2025;13/10/2025;13/10/2025;27/09/1927;;299285;16/10/2025;14/10/2025;;;;22/10/2025;;22/10/2025;NFD Lançada;;02/11/2025;✔ Concluído;–;
712;;CAOA MOTOR DO BRASIL LTDA;TERMACO;BA;Lauro de Freitas;;;23141;;;;13/10/2025;13/10/2025;07/10/2025;06/02/2239;;316822;16/10/2025;15/10/2025;;23/10/2025;;27/10/2025;;27/10/2025;NFD Lançada;;02/11/2025;✔ Concluído;–;
713;;CAOA MOTOR DO BRASIL LTDA;TERMACO;BA;Lauro de Freitas;;;28425;;;;13/10/2025;13/10/2025;13/10/2025;21/09/2022;;316820;16/10/2025;11/11/2025;;;;27/11/2025;;27/11/2025;NFD Lançada;;02/11/2025;⚠ Concluído Fora do Prazo;–;
714;;CAOA MOTOR DO BRASIL LTDA;TERMACO;BA;Lauro de Freitas;;;29264;;;;13/10/2025;13/10/2025;13/10/2025;29/09/1927;;316968;16/10/2025;14/10/2025;;;;22/10/2025;;22/10/2025;NFD Lançada;;02/11/2025;✔ Concluído;–;
715;;CAOA MOTOR DO BRASIL LTDA;TERMACO;BA;Lauro de Freitas;;;29465;;;;13/10/2025;13/10/2025;13/10/2025;27/05/1976;;313623;16/10/2025;14/10/2025;;;;22/10/2025;;22/10/2025;NFD Lançada;;02/11/2025;✔ Concluído;–;
716;;CAOA MOTOR DO BRASIL LTDA;TERMACO;BA;Lauro de Freitas;;;30925;;;;13/10/2025;13/10/2025;07/10/2025;;;316063;16/10/2025;13/10/2025;;;;13/11/2025;;13/11/2025;NFD Lançada;;02/11/2025;⚠ Concluído Fora do Prazo;–;
717;;CAOA MOTOR DO BRASIL LTDA;TERMACO;BA;Lauro de Freitas;;;31252;;;;13/10/2025;13/10/2025;09/10/2025;;;316343;16/10/2025;15/10/2025;;;;13/11/2025;;13/11/2025;NFD Lançada;;02/11/2025;⚠ Concluído Fora do Prazo;–;
718;;DESTAQUE SEUL DISTRIBUIDORA DE VEICULOS E PEÇAS;XD-DIADEMA;SP;Bragança Paulista;;;30226;;;;13/10/2025;13/10/2025;10/10/2025;18/04/2062;;317638;16/10/2025;14/10/2025;;;;24/10/2025;;24/10/2025;NFD Lançada;;02/11/2025;✔ Concluído;–;
719;;GALA COMERCIO DE VEICULOS LTDA;TRANSTRY;RS;Pelotas;;;30536;;;;13/10/2025;13/10/2025;10/10/2025;21/01/2184;;316975;16/10/2025;16/10/2025;;;;17/11/2025;;17/11/2025;NFD Lançada;;02/11/2025;⚠ Concluído Fora do Prazo;–;
720;;MOTONET COMERCIO DE VEICULOS LTDA;XD-DIADEMA;SP;Sorocaba;;;30789;;;;13/10/2025;13/10/2025;13/10/2025;15/01/2865;;322780;16/10/2025;14/10/2025;;;;23/12/2025;;23/12/2025;NFD Lançada;;02/11/2025;⚠ Concluído Fora do Prazo;–;
721;;MOTONET COMERCIO DE VEICULOS LTDA;XD-DIADEMA;SP;Sorocaba;;;30826;;;;13/10/2025;13/10/2025;13/10/2025;22/11/2864;;322780;16/10/2025;14/10/2025;;;;23/12/2025;;23/12/2025;NFD Lançada;;02/11/2025;⚠ Concluído Fora do Prazo;–;
722;;VETOR AUTOMOVEIS LTDA;TRANSTRY;PR;Cascavel;;;;;;;13/10/2025;13/10/2025;09/10/2025;13/01/2220;;317796;16/10/2025;15/10/2025;;;;03/11/2025;;03/11/2025;NFD Lançada;;02/11/2025;⚠ Concluído Fora do Prazo;–;
723;;VETOR AUTOMOVEIS LTDA;TRANSTRY;PR;Cascavel;;;29877;;;;13/10/2025;13/10/2025;10/10/2025;27/03/2220;;323634;16/10/2025;13/10/2025;;;;20/02/2026;;20/02/2026;NFD Lançada;;02/11/2025;⚠ Concluído Fora do Prazo;–;
724;;NISA COMRCIAL DE VEIC AUTOMOTORES LTDA;RIO VERMELHO;GO;GOIANIA;;;29745;;;;14/10/2025;14/10/2025;06/10/2025;10/02/2229;;317345;17/10/2025;17/10/2025;;;;27/11/2025;;27/11/2025;NFD Lançada;;03/11/2025;⚠ Concluído Fora do Prazo;–;
725;;CAOA MOTOR DO BRASIL LTDA;TERMACO;BA;Lauro de Freitas;;;13672;;;;15/10/2025;15/10/2025;15/10/2025;12/05/2250;;317501;20/10/2025;16/10/2025;;;;22/10/2025;;22/10/2025;NFD Lançada;;04/11/2025;✔ Concluído;–;
726;;CAOA MOTOR DO BRASIL LTDA;TERMACO;BA;Lauro de Freitas;;;21966;;;;15/10/2025;15/10/2025;15/10/2025;06/08/2231;;321210;20/10/2025;17/11/2025;;02/12/2025;;02/12/2025;;02/12/2025;NFD Lançada;;04/11/2025;⚠ Concluído Fora do Prazo;–;
727;;CAOA MOTOR DO BRASIL LTDA;TERMACO;BA;Lauro de Freitas;;;24403;;;;15/10/2025;15/10/2025;15/10/2025;05/08/2231;;321210;20/10/2025;17/11/2025;;02/12/2025;;02/12/2025;;02/12/2025;NFD Lançada;;04/11/2025;⚠ Concluído Fora do Prazo;–;
728;;CAOA MOTOR DO BRASIL LTDA;TERMACO;BA;Lauro de Freitas;;;28275;;;;15/10/2025;15/10/2025;15/10/2025;07/02/2120;;318520;20/10/2025;27/10/2025;;15/02/2025;;17/02/2025;;17/02/2025;NFD Lançada;;04/11/2025;✔ Concluído;–;
729;;CAOA MOTOR DO BRASIL LTDA;TERMACO;BA;Lauro de Freitas;;;29133;;;;15/10/2025;15/10/2025;14/10/2025;08/08/2205;;317499;20/10/2025;16/10/2025;;;;22/10/2025;;22/10/2025;NFD Lançada;;04/11/2025;✔ Concluído;–;
730;;CAOA MOTOR DO BRASIL LTDA;TERMACO;BA;Lauro de Freitas;;;30619;;;;15/10/2025;15/10/2025;15/10/2025;06/02/2120;;318520;20/10/2025;27/10/2025;;15/02/2025;;17/02/2025;;17/02/2025;NFD Lançada;;04/11/2025;✔ Concluído;–;
731;;FAZZA MOTORS COMERCIO DE VEICULOS LTDA;TERMACO;BA;Salvador;;;276415;;;;15/10/2025;15/10/2025;06/10/2025;15/07/2665;;316976;20/10/2025;06/11/2025;;;;27/11/2025;;27/11/2025;NFD Lançada;;04/11/2025;⚠ Concluído Fora do Prazo;–;
732;;SAGA KOREA COMERCIO DE VEICULOS PECAS E SERVI;RIO VERMELHO;DF;BRASILIA;;;29857;;;;15/10/2025;15/10/2025;06/10/2025;26/09/2753;;333359;20/10/2025;19/10/2025;;;;02/04/2026;;02/04/2026;NFD Lançada;;04/11/2025;⚠ Concluído Fora do Prazo;–;
733;;URCA MOTORS VEICULOS LTDA;RIO VERMELHO;GO;Rio Verde;;;23192;;;;15/10/2025;15/10/2025;15/10/2025;11/01/2037;;318995;20/10/2025;18/10/2025;;24/11/2025;;27/11/2025;;27/11/2025;NFD Lançada;;04/11/2025;⚠ Concluído Fora do Prazo;–;
734;;BARI VEICULOS LTDA;TRANSTRY;PR;Guarapuava;;;13265;;;;16/10/2025;16/10/2025;03/10/2025;24/02/2270;;317778;21/10/2025;16/10/2025;;;;03/11/2025;;03/11/2025;NFD Lançada;;05/11/2025;✔ Concluído;–;
735;;BILLY DISTRIBUIDORA DE VEICULOS LTDA;XD-DIADEMA;SP;Barueri;;;28399;;;;16/10/2025;16/10/2025;16/10/2025;22/02/2601;;335334;21/10/2025;;;;;10/04/2026;;10/04/2026;NFD Lançada;;05/11/2025;⚠ Concluído Fora do Prazo;–;
736;;L.R. COMERCIO DE VEICULOS LTDA;TRANSTRY;SC;São José;;;30635;;;;16/10/2025;16/10/2025;15/10/2025;02/06/2913;;317641;21/10/2025;17/10/2025;;;;03/11/2025;;03/11/2025;NFD Lançada;;05/11/2025;✔ Concluído;–;
737;;CAOA MOTOR DO BRASIL LTDA;TERMACO;BA;Lauro de Freitas;;;27414;;;;17/10/2025;17/10/2025;16/10/2025;28/01/1977;;313621;22/10/2025;03/11/2025;;;;03/11/2025;;03/11/2025;NFD Lançada;;06/11/2025;✔ Concluído;–;
738;;CAOA MOTOR DO BRASIL LTDA;TERMACO;BA;Lauro de Freitas;;;27847;;;;17/10/2025;17/10/2025;16/10/2025;23/10/2384;;317776;22/10/2025;21/10/2025;;;;24/10/2025;;24/10/2025;NFD Lançada;;06/11/2025;✔ Concluído;–;
739;;CAOA MOTOR DO BRASIL LTDA;TERMACO;BA;Lauro de Freitas;;;27848;;;;17/10/2025;17/10/2025;16/10/2025;22/10/2384;;317776;22/10/2025;21/10/2025;;;;24/10/2025;;24/10/2025;NFD Lançada;;06/11/2025;✔ Concluído;–;
740;;CAOA MOTOR DO BRASIL LTDA;TERMACO;BA;Lauro de Freitas;;;30328;;;;17/10/2025;17/10/2025;16/10/2025;21/10/2384;;317776;22/10/2025;21/10/2025;;;;24/10/2025;;24/10/2025;NFD Lançada;;06/11/2025;✔ Concluído;–;
741;;VIA BRASIL AUTOMOVEIS LTDA;CAMILO;ES;Serra;;;31497;;;;17/10/2025;17/10/2025;16/10/2025;04/04/2549;;317915;22/10/2025;22/10/2025;;25/11/2025;;27/11/2025;;27/11/2025;NFD Lançada;;06/11/2025;⚠ Concluído Fora do Prazo;–;
742;;BARI VEICULOS LTDA;TRANSTRY;PR;Guarapuava;;;30308;;;;20/10/2025;20/10/2025;08/10/2025;18/10/2269;;317506;23/10/2025;20/10/2025;;;;03/11/2025;;03/11/2025;NFD Lançada;;09/11/2025;✔ Concluído;–;
743;;BARI VEICULOS LTDA;TRANSTRY;PR;Guarapuava;;;31639;;;;20/10/2025;20/10/2025;20/10/2025;05/11/1908;;317790;23/10/2025;21/10/2025;;;;03/11/2025;;03/11/2025;NFD Lançada;;09/11/2025;✔ Concluído;–;
744;;CAOA MOTOR DO BRASIL LTDA(NACOES UNIDAS);TELECARGO;SP;SAO PAULO;;;31614;;;;20/10/2025;20/10/2025;14/10/2025;;;317631;23/10/2025;24/10/2025;;;;;;;Coleta Efetuada;;09/11/2025;⚠ Fora do Prazo;270;🔴 Parado + 270 dias
745;;GAMBATTO H1 VEICULOS LTDA;TRANSTRY;RS;Passo Fundo;;;29032;;;;20/10/2025;20/10/2025;18/10/2025;15/01/2142;;318711;23/10/2025;23/10/2025;;;;24/11/2025;;24/11/2025;NFD Lançada;;09/11/2025;⚠ Concluído Fora do Prazo;–;
746;;ORVEL AUTOMOTOR HYD LTDA;TERMACO;BA;Teixeira de Freitas;;;17771;;;;20/10/2025;20/10/2025;17/10/2025;30/10/2030;;317504;23/10/2025;23/10/2025;;10/11/2025;;10/11/2025;;10/11/2025;NFD Lançada;;09/11/2025;⚠ Concluído Fora do Prazo;–;
747;;ORVEL AUTOMOTOR HYD LTDA;TERMACO;BA;Teixeira de Freitas;;;17850;;;;20/10/2025;20/10/2025;17/10/2025;09/11/2030;;317504;23/10/2025;23/10/2025;;10/11/2025;;10/11/2025;;10/11/2025;NFD Lançada;;09/11/2025;⚠ Concluído Fora do Prazo;–;
748;;ORVEL AUTOMOTOR HYD LTDA;TERMACO;BA;Teixeira de Freitas;;;17872;;;;20/10/2025;20/10/2025;17/10/2025;01/11/2030;;317504;23/10/2025;23/10/2025;;10/11/2025;;10/11/2025;;10/11/2025;NFD Lançada;;09/11/2025;⚠ Concluído Fora do Prazo;–;
749;;ORVEL AUTOMOTOR HYD LTDA;TERMACO;BA;Teixeira de Freitas;;;18836;;;;20/10/2025;20/10/2025;17/10/2025;02/11/2030;;317504;23/10/2025;23/10/2025;;10/11/2025;;10/11/2025;;10/11/2025;NFD Lançada;;09/11/2025;⚠ Concluído Fora do Prazo;–;
750;;ORVEL AUTOMOTOR HYD LTDA;TERMACO;BA;Teixeira de Freitas;;;20234;;;;20/10/2025;20/10/2025;17/10/2025;06/11/2030;;317504;23/10/2025;23/10/2025;;10/11/2025;;10/11/2025;;10/11/2025;NFD Lançada;;09/11/2025;⚠ Concluído Fora do Prazo;–;
751;;ORVEL AUTOMOTOR HYD LTDA;TERMACO;BA;Teixeira de Freitas;;;20235;;;;20/10/2025;20/10/2025;17/10/2025;05/11/2030;;317504;23/10/2025;23/10/2025;;10/11/2025;;10/11/2025;;10/11/2025;NFD Lançada;;09/11/2025;⚠ Concluído Fora do Prazo;–;
752;;ORVEL AUTOMOTOR HYD LTDA;TERMACO;BA;Teixeira de Freitas;;;20385;;;;20/10/2025;20/10/2025;17/10/2025;04/11/2030;;317504;23/10/2025;23/10/2025;;10/11/2025;;10/11/2025;;10/11/2025;NFD Lançada;;09/11/2025;⚠ Concluído Fora do Prazo;–;
753;;ORVEL AUTOMOTOR HYD LTDA;TERMACO;BA;Teixeira de Freitas;;;20391;;;;20/10/2025;20/10/2025;17/10/2025;08/11/2030;;317504;23/10/2025;23/10/2025;;10/11/2025;;10/11/2025;;10/11/2025;NFD Lançada;;09/11/2025;⚠ Concluído Fora do Prazo;–;
754;;CYCOSA AUTOMOVEIS LTDA;TERMACO;AL;Maceió;;;30911;;;;21/10/2025;21/10/2025;21/10/2025;16/05/2575;;317637;24/10/2025;24/10/2025;;04/11/2025;;;;;Recebido XD Diadema;;10/11/2025;⚠ Fora do Prazo;259;🔴 Parado + 259 dias
755;;GRANDE COREIA COMERCIO DE VEICULOS LTDA;CARVALIMA;PA;Belém;;;30474;;;;21/10/2025;21/10/2025;16/10/2025;19/01/2108;;318390;24/10/2025;29/10/2025;;10/11/2025;;10/11/2025;;10/11/2025;NFD Lançada;;10/11/2025;✔ Concluído;–;
756;;PONTO CERTO COMERCIO DE VEICULOS LTDA;TRANSTRY;SC;LAGES;;;31568;;;;21/10/2025;21/10/2025;16/10/2025;06/11/2058;;320159;24/10/2025;29/10/2025;;;;26/11/2025;;26/11/2025;NFD Lançada;;10/11/2025;⚠ Concluído Fora do Prazo;–;
757;;SANTA FE COMERCIO DE VEICULOS ;TRANSTRY;PR;Francisco Beltrão;;;30742;;;;21/10/2025;21/10/2025;20/10/2025;02/03/2149;;320465;24/10/2025;10/11/2025;;;;25/11/2025;;25/11/2025;NFD Lançada;;10/11/2025;⚠ Concluído Fora do Prazo;–;
758;;VIA BRASIL AUTOMOVEIS LTDA;CAMILO;ES;Serra;;;27725;;;;21/10/2025;21/10/2025;21/10/2025;23/09/2549;;317921;24/10/2025;23/10/2025;;02/12/2025;;02/12/2025;;02/12/2025;NFD Lançada;;10/11/2025;⚠ Concluído Fora do Prazo;–;
759;;CAOA MOTOR DO BRASIL LTDA;TERMACO;BA;Lauro de Freitas;;;31748;;;;22/10/2025;22/10/2025;14/10/2025;;;316835;27/10/2025;27/10/2025;;;;14/11/2025;;14/11/2025;NFD Lançada;;11/11/2025;⚠ Concluído Fora do Prazo;–;
760;;CAOA MOTOR DO BRASIL LTDA;TERMACO;BA;Lauro de Freitas;;;30265;;;;23/10/2025;23/10/2025;01/10/2025;;;315457;28/10/2025;15/10/2025;;;;14/11/2025;;14/11/2025;NFD Lançada;;12/11/2025;⚠ Concluído Fora do Prazo;–;
761;;CAOA MOTOR DO BRASIL LTDA;TERMACO;BA;Lauro de Freitas;;;31950;;;;23/10/2025;23/10/2025;16/10/2025;;;317364;28/10/2025;23/10/2025;;;;18/11/2025;;18/11/2025;NFD Lançada;;12/11/2025;⚠ Concluído Fora do Prazo;–;
762;;CAOA MOTOR DO BRASIL LTDA;TERMACO;BA;Lauro de Freitas;;;32274;;;;23/10/2025;23/10/2025;23/10/2025;29/06/2501;;318707;28/10/2025;24/10/2025;;;;04/11/2025;;04/11/2025;NFD Lançada;;12/11/2025;✔ Concluído;–;
763;;CHINHAN AUTOMOVEIS LTDA;TRANSTRY;RS;Erechim;;;29566;;;;23/10/2025;23/10/2025;03/10/2025;24/07/2023;;320162;28/10/2025;30/10/2025;;;;25/11/2025;;25/11/2025;NFD Lançada;;12/11/2025;⚠ Concluído Fora do Prazo;–;
764;;DESTAQUE SEUL DISTRIBUIDORA DE VEICULOS E PEÇAS;XD-DIADEMA;SP;Bragança Paulista;;;27318;;;;23/10/2025;23/10/2025;23/10/2025;16/08/2153;;318389;28/10/2025;24/10/2025;;;;10/11/2025;;10/11/2025;NFD Lançada;;12/11/2025;✔ Concluído;–;
765;;CAOA MOTOR DO BRASIL LTDA;TERMACO;BA;Lauro de Freitas;;;19510;;;;24/10/2025;24/10/2025;21/10/2025;01/04/1928;;299362;29/10/2025;27/10/2025;;;;03/11/2025;;03/11/2025;NFD Lançada;;13/11/2025;✔ Concluído;–;
766;;CAOA MOTOR DO BRASIL LTDA;TERMACO;BA;Lauro de Freitas;;;19571;;;;24/10/2025;24/10/2025;21/10/2025;30/03/1928;;299304;29/10/2025;27/10/2025;;;;03/11/2025;;03/11/2025;NFD Lançada;;13/11/2025;✔ Concluído;–;
767;;CAOA MOTOR DO BRASIL LTDA;TERMACO;BA;Lauro de Freitas;;;22321;;;;24/10/2025;24/10/2025;21/10/2025;13/04/1928;;318527;29/10/2025;27/10/2025;;;;03/11/2025;;03/11/2025;NFD Lançada;;13/11/2025;✔ Concluído;–;
768;;CAOA MOTOR DO BRASIL LTDA;TERMACO;BA;Lauro de Freitas;;;26266;;;;24/10/2025;24/10/2025;23/10/2025;22/05/1928;;318521;29/10/2025;27/10/2025;;;;03/11/2025;;03/11/2025;NFD Lançada;;13/11/2025;✔ Concluído;–;
769;;CAOA MOTOR DO BRASIL LTDA;TERMACO;BA;Lauro de Freitas;;;27571;;;;24/10/2025;24/10/2025;21/10/2025;31/03/1928;;299185;29/10/2025;27/10/2025;;;;03/11/2025;;03/11/2025;NFD Lançada;;13/11/2025;✔ Concluído;–;
770;;CAOA MOTOR DO BRASIL LTDA;TERMACO;BA;Lauro de Freitas;;;29477;;;;24/10/2025;24/10/2025;24/10/2025;08/04/2571;;318524;29/10/2025;27/10/2025;;;;03/11/2025;;03/11/2025;NFD Lançada;;13/11/2025;✔ Concluído;–;
771;;CAOA MOTOR DO BRASIL LTDA;TERMACO;BA;Lauro de Freitas;;;30164;;;;24/10/2025;24/10/2025;21/10/2025;05/02/2120;;318988;29/10/2025;29/10/2025;;02/12/2025;;02/12/2025;;02/12/2025;NFD Lançada;;13/11/2025;⚠ Concluído Fora do Prazo;–;
772;;NOBRE DISTRIBUIDORA DE VEICULOS E PECAS LTDA;MVT;SP;Aparecida;;;31612;;;;24/10/2025;24/10/2025;23/10/2025;22/07/2563;;318706;29/10/2025;27/10/2025;;;;03/11/2025;;03/11/2025;NFD Lançada;;13/11/2025;✔ Concluído;–;
773;;BDG AUTOVILLE VEICULOS LTDA;XD BETIM;MG;CONTAGEM;;;1436;;;;27/10/2025;27/10/2025;22/10/2025;17/03/2080;;319357;30/10/2025;29/10/2025;;;;27/11/2025;;27/11/2025;NFD Lançada;;16/11/2025;⚠ Concluído Fora do Prazo;–;
774;;BDG AUTOVILLE VEICULOS LTDA;XD BETIM;MG;CONTAGEM;;;4976;;;;27/10/2025;27/10/2025;15/10/2025;05/06/2078;;319357;30/10/2025;29/10/2025;;;;27/11/2025;;27/11/2025;NFD Lançada;;16/11/2025;⚠ Concluído Fora do Prazo;–;
775;;BDG AUTOVILLE VEICULOS LTDA;XD BETIM;MG;CONTAGEM;;;10291;;;;27/10/2025;27/10/2025;26/09/2025;22/10/2074;;319357;30/10/2025;29/10/2025;;;;27/11/2025;;27/11/2025;NFD Lançada;;16/11/2025;⚠ Concluído Fora do Prazo;–;
776;;BDG AUTOVILLE VEICULOS LTDA;XD BETIM;MG;CONTAGEM;;;10504;;;;27/10/2025;27/10/2025;22/10/2025;13/03/2080;;319357;30/10/2025;29/10/2025;;;;27/11/2025;;27/11/2025;NFD Lançada;;16/11/2025;⚠ Concluído Fora do Prazo;–;
777;;BDG AUTOVILLE VEICULOS LTDA;XD BETIM;MG;CONTAGEM;;;12546;;;;27/10/2025;27/10/2025;23/10/2025;07/04/2080;;;30/10/2025;29/10/2025;;;;;;;Coleta Efetuada;;16/11/2025;⚠ Fora do Prazo;264;🔴 Parado + 264 dias
778;;BDG AUTOVILLE VEICULOS LTDA;XD BETIM;MG;CONTAGEM;;;13510;;;;27/10/2025;27/10/2025;14/10/2025;29/01/2078;;319357;30/10/2025;29/10/2025;;;;27/11/2025;;27/11/2025;NFD Lançada;;16/11/2025;⚠ Concluído Fora do Prazo;–;
779;;BDG AUTOVILLE VEICULOS LTDA;XD BETIM;MG;CONTAGEM;;;14036;;;;27/10/2025;27/10/2025;23/10/2025;10/03/2080;;319357;30/10/2025;29/10/2025;;;;27/11/2025;;27/11/2025;NFD Lançada;;16/11/2025;⚠ Concluído Fora do Prazo;–;
780;;BDG AUTOVILLE VEICULOS LTDA;XD BETIM;MG;CONTAGEM;;;14226;;;;27/10/2025;27/10/2025;23/10/2025;06/03/2080;;319357;30/10/2025;29/10/2025;;;;27/11/2025;;27/11/2025;NFD Lançada;;16/11/2025;⚠ Concluído Fora do Prazo;–;
781;;BDG AUTOVILLE VEICULOS LTDA;XD BETIM;MG;CONTAGEM;;;14237;;;;27/10/2025;27/10/2025;22/10/2025;26/02/2080;;319357;30/10/2025;29/10/2025;;;;27/11/2025;;27/11/2025;NFD Lançada;;16/11/2025;⚠ Concluído Fora do Prazo;–;
782;;BDG AUTOVILLE VEICULOS LTDA;XD BETIM;MG;CONTAGEM;;;18599;;;;27/10/2025;27/10/2025;14/10/2025;01/02/2078;;319357;30/10/2025;29/10/2025;;;;27/11/2025;;27/11/2025;NFD Lançada;;16/11/2025;⚠ Concluído Fora do Prazo;–;
783;;BDG AUTOVILLE VEICULOS LTDA;XD BETIM;MG;CONTAGEM;;;18722;;;;27/10/2025;27/10/2025;15/10/2025;30/05/2078;;319357;30/10/2025;29/10/2025;;;;27/11/2025;;27/11/2025;NFD Lançada;;16/11/2025;⚠ Concluído Fora do Prazo;–;
784;;BDG AUTOVILLE VEICULOS LTDA;XD BETIM;MG;CONTAGEM;;;19034;;;;27/10/2025;27/10/2025;15/10/2025;01/06/2078;;319357;30/10/2025;29/10/2025;;;;27/11/2025;;27/11/2025;NFD Lançada;;16/11/2025;⚠ Concluído Fora do Prazo;–;
785;;BDG AUTOVILLE VEICULOS LTDA;XD BETIM;MG;CONTAGEM;;;19933;;;;27/10/2025;27/10/2025;15/10/2025;30/04/2020;;321626;30/10/2025;29/10/2025;;12/12/2025;;22/12/2025;;22/12/2025;NFD Lançada;;16/11/2025;⚠ Concluído Fora do Prazo;–;
786;;BDG AUTOVILLE VEICULOS LTDA;XD BETIM;MG;CONTAGEM;;;20329;;;;27/10/2025;27/10/2025;15/10/2025;02/06/2078;;319357;30/10/2025;29/10/2025;;;;27/11/2025;;27/11/2025;NFD Lançada;;16/11/2025;⚠ Concluído Fora do Prazo;–;
787;;BDG AUTOVILLE VEICULOS LTDA;XD BETIM;MG;CONTAGEM;;;22706;;;;27/10/2025;27/10/2025;14/10/2025;03/02/2078;;319357;30/10/2025;29/10/2025;;;;27/11/2025;;27/11/2025;NFD Lançada;;16/11/2025;⚠ Concluído Fora do Prazo;–;
788;;BDG AUTOVILLE VEICULOS LTDA;XD BETIM;MG;CONTAGEM;;;22707;;;;27/10/2025;27/10/2025;15/10/2025;03/06/2078;;319357;30/10/2025;29/10/2025;;;;27/11/2025;;27/11/2025;NFD Lançada;;16/11/2025;⚠ Concluído Fora do Prazo;–;
789;;BDG AUTOVILLE VEICULOS LTDA;XD BETIM;MG;CONTAGEM;;;24407;;;;27/10/2025;27/10/2025;15/10/2025;31/05/2078;;319357;30/10/2025;29/10/2025;;;;27/11/2025;;27/11/2025;NFD Lançada;;16/11/2025;⚠ Concluído Fora do Prazo;–;
790;;CAOA MOTOR DO BRASIL LTDA;TERMACO;BA;Lauro de Freitas;;;31348;;;;27/10/2025;27/10/2025;10/10/2025;;;316520;30/10/2025;15/10/2025;;;;20/10/2025;;20/10/2025;NFD Lançada;;16/11/2025;✔ Concluído;–;
791;;CAOA MOTOR DO BRASIL LTDA;TERMACO;BA;Lauro de Freitas;;;31519;;;;27/10/2025;27/10/2025;13/10/2025;;;317392;30/10/2025;29/10/2025;;;;12/11/2025;;12/11/2025;NFD Lançada;;16/11/2025;✔ Concluído;–;
792;;SAGA ASIA COM. DE VEIC.PC.E SERV. LTDA;CARVALIMA;MT;VARZEA GRANDE;;;30125;;;;27/10/2025;27/10/2025;29/09/2025;;;315354;30/10/2025;16/10/2025;;;;12/11/2025;;12/11/2025;NFD Lançada;;16/11/2025;✔ Concluído;–;
793;;CAOA MOTOR DO BRASIL LTDA;TERMACO;BA;Lauro de Freitas;;;30958;;;;28/10/2025;28/10/2025;27/10/2025;25/04/2462;;318991;31/10/2025;26/11/2025;;26/11/2025;;;;;Recebido XD Diadema;;17/11/2025;⚠ Fora do Prazo;237;🔴 Parado + 237 dias
794;;PATEO COMERCIO DE VEICULOS S/A;TERMACO;MA;SAO LUIS;;;31027;;;;28/10/2025;28/10/2025;27/10/2025;29/08/2330;;318517;31/10/2025;18/11/2025;;;;27/11/2025;;27/11/2025;NFD Lançada;;17/11/2025;⚠ Concluído Fora do Prazo;–;
795;;ZENDAI VEICULOS LTDA;TRANSTRY;PR;Foz do Iguaçu;;;26570;;;;28/10/2025;28/10/2025;24/10/2025;17/10/2012;;319368;31/10/2025;29/10/2025;;;;24/11/2025;;24/11/2025;NFD Lançada;;17/11/2025;⚠ Concluído Fora do Prazo;–;
796;;BARI VEICULOS LTDA;TRANSTRY;PR;Guarapuava;;;31206;;;;29/10/2025;29/10/2025;28/10/2025;09/09/2272;;318865;03/11/2025;30/10/2025;;;;12/11/2025;;12/11/2025;NFD Lançada;;18/11/2025;✔ Concluído;–;
797;;CAOA MOTOR DO BRASIL LTDA;TERMACO;BA;Lauro de Freitas;;;30410;;;;29/10/2025;29/10/2025;28/10/2025;19/05/1978;;314075;03/11/2025;30/10/2025;;;;08/11/2025;;08/11/2025;NFD Lançada;;18/11/2025;✔ Concluído;–;
798;;CAOA MOTOR DO BRASIL LTDA;TERMACO;BA;Lauro de Freitas;;;31176;;;;29/10/2025;29/10/2025;28/10/2025;30/05/2121;;319227;03/11/2025;04/11/2025;;02/12/2025;;02/12/2025;;02/12/2025;NFD Lançada;;18/11/2025;⚠ Concluído Fora do Prazo;–;
799;;CAOA MOTOR DO BRASIL LTDA;TERMACO;BA;Lauro de Freitas;;;31857;;;;29/10/2025;29/10/2025;28/10/2025;26/06/2121;;319366;03/11/2025;04/11/2025;;25/11/2025;;27/11/2025;;27/11/2025;NFD Lançada;;18/11/2025;⚠ Concluído Fora do Prazo;–;
800;;CAOA MOTOR DO BRASIL LTDA;TERMACO;BA;Lauro de Freitas;;;31932;;;;29/10/2025;29/10/2025;28/10/2025;27/06/2121;;319366;03/11/2025;04/11/2025;;25/11/2025;;27/11/2025;;27/11/2025;NFD Lançada;;18/11/2025;⚠ Concluído Fora do Prazo;–;
801;;CAOA MOTOR DO BRASIL LTDA;TERMACO;BA;Lauro de Freitas;;;31986;;;;29/10/2025;29/10/2025;29/10/2025;22/09/2232;;319117;03/11/2025;31/10/2025;;26/11/2025;;27/11/2025;;27/11/2025;NFD Lançada;;18/11/2025;⚠ Concluído Fora do Prazo;–;
802;;CAOA MOTOR DO BRASIL LTDA;TERMACO;BA;Lauro de Freitas;;;32260;;;;29/10/2025;29/10/2025;29/10/2025;17/06/1978;;314183;03/11/2025;30/10/2025;;;;05/11/2025;;05/11/2025;NFD Lançada;;18/11/2025;✔ Concluído;–;
803;;POLE POSITION TECNOLOGIA LTDA;CARVALIMA;AM;Manaus;;;25299;;;;29/10/2025;29/10/2025;22/10/2025;20/10/2213;;321360;03/11/2025;12/11/2025;;14/02/2026;;;;;Recebido XD Diadema;;18/11/2025;⚠ Fora do Prazo;157;🔴 Parado + 157 dias
804;;CAOA MOTOR DO BRASIL LTDA;TERMACO;BA;Lauro de Freitas;;;20461;;;;31/10/2025;31/10/2025;28/10/2025;28/12/2308;;320981;05/11/2025;03/11/2025;;02/12/2025;;02/12/2025;;02/12/2025;NFD Lançada;;20/11/2025;⚠ Concluído Fora do Prazo;–;
805;;CAOA MOTOR DO BRASIL LTDA;TERMACO;BA;Lauro de Freitas;;;24830;;;;31/10/2025;31/10/2025;28/10/2025;28/03/1963;;309566;05/11/2025;04/11/2025;;;;09/03/2026;;09/03/2026;NFD Lançada;;20/11/2025;⚠ Concluído Fora do Prazo;–;
806;;CAOA MOTOR DO BRASIL LTDA;TERMACO;BA;Lauro de Freitas;;;25035;;;;31/10/2025;31/10/2025;28/10/2025;27/03/1963;;309659;05/11/2025;04/11/2025;;;;09/03/2026;;09/03/2026;NFD Lançada;;20/11/2025;⚠ Concluído Fora do Prazo;–;
807;;CAOA MOTOR DO BRASIL LTDA;TERMACO;BA;Lauro de Freitas;;;25100;;;;31/10/2025;31/10/2025;28/10/2025;25/03/1963;;309603;05/11/2025;04/11/2025;;;;09/03/2026;;09/03/2026;NFD Lançada;;20/11/2025;⚠ Concluído Fora do Prazo;–;
808;;CAOA MOTOR DO BRASIL LTDA;TERMACO;BA;Lauro de Freitas;;;30467;;;;31/10/2025;31/10/2025;29/10/2025;17/06/2319;;319370;05/11/2025;03/11/2025;;;;27/11/2025;;27/11/2025;NFD Lançada;;20/11/2025;⚠ Concluído Fora do Prazo;–;
809;;CAOA MOTOR DO BRASIL LTDA;TERMACO;BA;Lauro de Freitas;;;31076;;;;31/10/2025;31/10/2025;29/10/2025;16/09/2232;;321209;05/11/2025;17/11/2025;;02/12/2025;;02/12/2025;;02/12/2025;NFD Lançada;;20/11/2025;⚠ Concluído Fora do Prazo;–;
810;;CAOA MOTOR DO BRASIL LTDA;TERMACO;BA;Lauro de Freitas;;;33095;;;;31/10/2025;31/10/2025;29/10/2025;19/10/2204;;319223;05/11/2025;03/11/2025;;;;08/11/2025;;08/11/2025;NFD Lançada;;20/11/2025;✔ Concluído;–;
811;;CARWAY SUL VEICULOS LTDA;TRANSTRY;RS;Porto Alegre;;;11351;;;;31/10/2025;31/10/2025;28/10/2025;15/04/2641;;320358;05/11/2025;04/11/2025;;;;06/01/2026;;06/01/2026;NFD Lançada;;20/11/2025;⚠ Concluído Fora do Prazo;–;
812;;DESTAQUE SEUL DISTRIBUIDORA DE VEICULOS E PEÇAS;XD-DIADEMA;SP;Bragança Paulista;;;33064;;;;31/10/2025;31/10/2025;29/10/2025;01/11/2154;;319221;05/11/2025;03/11/2025;;;;08/11/2025;;08/11/2025;NFD Lançada;;20/11/2025;✔ Concluído;–;
813;;L.R. COMERCIO DE VEICULOS LTDA;TRANSTRY;SC;São José;;;31046;;;;31/10/2025;31/10/2025;29/10/2025;29/02/2916;;319860;05/11/2025;05/11/2025;;;;14/11/2025;;14/11/2025;NFD Lançada;;20/11/2025;✔ Concluído;–;
814;;L.R. COMERCIO DE VEICULOS LTDA;TRANSTRY;SC;São José;;;31657;;;;31/10/2025;31/10/2025;29/10/2025;05/03/2916;;319860;05/11/2025;05/11/2025;;;;14/11/2025;;14/11/2025;NFD Lançada;;20/11/2025;✔ Concluído;–;
815;;PRIVILLEGE DISTRIBUIDORA DE VEICULOS LTDA;RIO VERMELHO;TO;Araguaina;;;31945;;;;31/10/2025;31/10/2025;29/10/2025;18/04/2176;;322085;05/11/2025;05/11/2025;;17/12/2025;;17/12/2026;;17/12/2026;NFD Lançada;;20/11/2025;⚠ Concluído Fora do Prazo;–;
816;;VIA BRASIL AUTOMOVEIS LTDA;CAMILO;ES;Serra;;;29640;;;;31/10/2025;31/10/2025;29/10/2025;30/12/2550;;321083;05/11/2025;04/11/2025;;02/12/2025;;02/12/2025;;02/12/2025;NFD Lançada;;20/11/2025;⚠ Concluído Fora do Prazo;–;
817;;ZENDAI VEICULOS LTDA;TRANSTRY;PR;Foz do Iguaçu;;;32295;;;;31/10/2025;31/10/2025;29/10/2025;10/12/2012;;323377;05/11/2025;11/12/2025;;;;20/02/2026;;20/02/2026;NFD Lançada;;20/11/2025;⚠ Concluído Fora do Prazo;–;
818;;ANDRETA II DISTRIBUIDORA DE VEICULOS LTDA;XD-DIADEMA;SP;Campinas;;;18104;;;;03/11/2025;03/11/2025;22/10/2025;21/09/2447;;320363;06/11/2025;05/11/2025;;;;18/11/2025;;18/11/2025;NFD Lançada;;23/11/2025;✔ Concluído;–;
819;;CAOA MOTOR DO BRASIL LTDA;TERMACO;BA;Lauro de Freitas;;;114;;;;03/11/2025;03/11/2025;27/10/2025;29/07/2335;;323516;06/11/2025;27/11/2025;;;;;;;Coleta Efetuada;;23/11/2025;⚠ Fora do Prazo;236;🔴 Parado + 236 dias
820;;CAOA MOTOR DO BRASIL LTDA;TERMACO;BA;Lauro de Freitas;;;116;;;;03/11/2025;03/11/2025;27/10/2025;09/08/2335;;323516;06/11/2025;27/11/2025;;;;13/11/2025;;13/11/2025;NFD Lançada;;23/11/2025;✔ Concluído;–;
821;;CAOA MOTOR DO BRASIL LTDA;TERMACO;BA;Lauro de Freitas;;;120;;;;03/11/2025;03/11/2025;27/10/2025;03/08/2335;;323516;06/11/2025;27/11/2025;;;;;;;Coleta Efetuada;;23/11/2025;⚠ Fora do Prazo;236;🔴 Parado + 236 dias
822;;CAOA MOTOR DO BRASIL LTDA;TERMACO;BA;Lauro de Freitas;;;127;;;;03/11/2025;03/11/2025;27/10/2025;02/08/2335;;323516;06/11/2025;27/11/2025;;;;;;;Coleta Efetuada;;23/11/2025;⚠ Fora do Prazo;236;🔴 Parado + 236 dias
823;;CAOA MOTOR DO BRASIL LTDA;TERMACO;BA;Lauro de Freitas;;;129;;;;03/11/2025;03/11/2025;27/10/2025;07/08/2335;;323516;06/11/2025;27/11/2025;;;;13/11/2025;;13/11/2025;NFD Lançada;;23/11/2025;✔ Concluído;–;
824;;CAOA MOTOR DO BRASIL LTDA;TERMACO;BA;Lauro de Freitas;;;130;;;;03/11/2025;03/11/2025;27/10/2025;06/08/2335;;323516;06/11/2025;27/11/2025;;;;11/11/2025;;11/11/2025;NFD Lançada;;23/11/2025;✔ Concluído;–;
825;;CAOA MOTOR DO BRASIL LTDA;TERMACO;BA;Lauro de Freitas;;;132;;;;03/11/2025;03/11/2025;27/10/2025;11/08/2335;;323516;06/11/2025;27/11/2025;;;;;;;Coleta Efetuada;;23/11/2025;⚠ Fora do Prazo;236;🔴 Parado + 236 dias
826;;CAOA MOTOR DO BRASIL LTDA;TERMACO;BA;Lauro de Freitas;;;145;;;;03/11/2025;03/11/2025;27/10/2025;10/08/2335;;323516;06/11/2025;27/11/2025;;;;;;;Coleta Efetuada;;23/11/2025;⚠ Fora do Prazo;236;🔴 Parado + 236 dias
827;;CAOA MOTOR DO BRASIL LTDA;TERMACO;BA;Lauro de Freitas;;;146;;;;03/11/2025;03/11/2025;27/10/2025;08/08/2335;;323516;06/11/2025;27/11/2025;;;;;;;Coleta Efetuada;;23/11/2025;⚠ Fora do Prazo;236;🔴 Parado + 236 dias
828;;CAOA MOTOR DO BRASIL LTDA;TERMACO;BA;Lauro de Freitas;;;148;;;;03/11/2025;03/11/2025;27/10/2025;30/07/2335;;323516;06/11/2025;27/11/2025;;;;12/11/2025;;12/11/2025;NFD Lançada;;23/11/2025;✔ Concluído;–;
829;;CAOA MOTOR DO BRASIL LTDA;TERMACO;BA;Lauro de Freitas;;;201;;;;03/11/2025;03/11/2025;27/10/2025;05/08/2335;;323516;06/11/2025;27/11/2025;;;;;;;Coleta Efetuada;;23/11/2025;⚠ Fora do Prazo;236;🔴 Parado + 236 dias
830;;CAOA MOTOR DO BRASIL LTDA;TERMACO;BA;Lauro de Freitas;;;14370;;;;03/11/2025;03/11/2025;21/10/2025;09/04/2271;;320991;06/11/2025;04/11/2025;;;;27/11/2025;;27/11/2025;NFD Lançada;;23/11/2025;⚠ Concluído Fora do Prazo;–;
831;;CAOA MOTOR DO BRASIL LTDA;TERMACO;BA;Lauro de Freitas;;;16448;;;;03/11/2025;03/11/2025;21/10/2025;05/04/2271;;320991;06/11/2025;04/11/2025;;;;27/11/2025;;27/11/2025;NFD Lançada;;23/11/2025;⚠ Concluído Fora do Prazo;–;
832;;CAOA MOTOR DO BRASIL LTDA;TERMACO;BA;Lauro de Freitas;;;17431;;;;03/11/2025;03/11/2025;27/10/2025;01/08/2335;;323516;06/11/2025;27/11/2025;;;;;;;Coleta Efetuada;;23/11/2025;⚠ Fora do Prazo;236;🔴 Parado + 236 dias
833;;CAOA MOTOR DO BRASIL LTDA;TERMACO;BA;Lauro de Freitas;;;19161;;;;03/11/2025;03/11/2025;27/10/2025;31/07/2335;;323516;06/11/2025;27/11/2025;;;;;;;Coleta Efetuada;;23/11/2025;⚠ Fora do Prazo;236;🔴 Parado + 236 dias
834;;CAOA MOTOR DO BRASIL LTDA;TERMACO;BA;Lauro de Freitas;;;21855;;;;03/11/2025;03/11/2025;21/10/2025;08/04/2271;;320991;06/11/2025;04/11/2025;;;;27/11/2025;;27/11/2025;NFD Lançada;;23/11/2025;⚠ Concluído Fora do Prazo;–;
835;;CAOA MOTOR DO BRASIL LTDA;TERMACO;BA;Lauro de Freitas;;;25111;;;;03/11/2025;03/11/2025;21/10/2025;06/04/2271;;320991;06/11/2025;04/11/2025;;;;27/11/2025;;27/11/2025;NFD Lançada;;23/11/2025;⚠ Concluído Fora do Prazo;–;
836;;CAOA MOTOR DO BRASIL LTDA;TERMACO;BA;Lauro de Freitas;;;27844;;;;03/11/2025;03/11/2025;21/10/2025;07/04/2271;;320991;06/11/2025;04/11/2025;;;;27/11/2025;;27/11/2025;NFD Lançada;;23/11/2025;⚠ Concluído Fora do Prazo;–;
837;;CAOA MOTOR DO BRASIL LTDA;TERMACO;BA;Lauro de Freitas;;;32357;;;;03/11/2025;03/11/2025;21/10/2025;;;317650;06/11/2025;06/11/2025;;;;17/11/2025;;17/11/2025;NFD Lançada;;23/11/2025;✔ Concluído;–;
838;;CAOA MOTOR DO BRASIL LTDA;TERMACO;BA;Lauro de Freitas;;;32464;;;;03/11/2025;03/11/2025;21/10/2025;;;317650;06/11/2025;06/11/2025;;;;17/11/2025;;17/11/2025;NFD Lançada;;23/11/2025;✔ Concluído;–;
839;;DESTAQUE SEUL DISTRIBUIDORA DE VEICULOS E PEÇAS;XD-DIADEMA;SP;Bragança Paulista;;;33043;;;;03/11/2025;03/11/2025;03/11/2025;05/02/2063;;320603;06/11/2025;05/11/2025;;;;25/11/2025;;25/11/2025;NFD Lançada;;23/11/2025;⚠ Concluído Fora do Prazo;–;
840;;GAMBATTO H1 VEICULOS LTDA;TRANSTRY;RS;Passo Fundo;;;31643;;;;03/11/2025;03/11/2025;31/10/2025;24/12/2142;;319507;06/11/2025;05/11/2025;;;;24/11/2025;;24/11/2025;NFD Lançada;;23/11/2025;⚠ Concluído Fora do Prazo;–;
841;;JPG MOTORS COMERCIO DE VEICULOS LTDA;CARVALIMA;MS;Campo Grande;;;31896;;;;03/11/2025;03/11/2025;29/10/2025;24/02/2069;;;06/11/2025;;;;;09/03/2023;;09/03/2023;NFD Lançada;;23/11/2025;✔ Concluído;–;
842;;BDG AUTOVILLE VEICULOS LTDA;XD BETIM;MG;CONTAGEM;;;30766;;;;04/11/2025;04/11/2025;06/10/2025;;;316085;07/11/2025;14/10/2025;;;;;;;Coleta Efetuada;;24/11/2025;⚠ Fora do Prazo;256;🔴 Parado + 256 dias
843;;CAOA MOTOR DO BRASIL LTDA;TERMACO;BA;Lauro de Freitas;;;6259;;;;05/11/2025;05/11/2025;03/11/2025;20/11/1928;;299181;10/11/2025;06/11/2025;;;;25/11/2025;;25/11/2025;NFD Lançada;;25/11/2025;✔ Concluído;–;
844;;CAOA MOTOR DO BRASIL LTDA;TERMACO;BA;Lauro de Freitas;;;17975;;;;05/11/2025;05/11/2025;24/10/2025;02/06/1928;;299177;10/11/2025;06/11/2025;;;;11/12/2025;;11/12/2025;NFD Lançada;;25/11/2025;⚠ Concluído Fora do Prazo;–;
845;;CAOA MOTOR DO BRASIL LTDA;TERMACO;BA;Lauro de Freitas;;;17978;;;;05/11/2025;05/11/2025;23/10/2025;21/05/1928;;320976;10/11/2025;06/11/2025;;;;25/11/2025;;25/11/2025;NFD Lançada;;25/11/2025;✔ Concluído;–;
846;;CAOA MOTOR DO BRASIL LTDA;TERMACO;BA;Lauro de Freitas;;;19622;;;;05/11/2025;05/11/2025;24/10/2025;01/06/1928;;299425;10/11/2025;06/11/2025;;;;25/11/2025;;25/11/2025;NFD Lançada;;25/11/2025;✔ Concluído;–;
847;;CAOA MOTOR DO BRASIL LTDA;TERMACO;BA;Lauro de Freitas;;;22185;;;;05/11/2025;05/11/2025;29/10/2025;03/09/1928;;300244;10/11/2025;06/11/2025;;;;25/11/2025;;25/11/2025;NFD Lançada;;25/11/2025;✔ Concluído;–;
848;;CAOA MOTOR DO BRASIL LTDA;TERMACO;BA;Lauro de Freitas;;;24903;;;;05/11/2025;05/11/2025;27/10/2025;27/06/1928;;299307;10/11/2025;06/11/2025;;;;25/11/2025;;25/11/2025;NFD Lançada;;25/11/2025;✔ Concluído;–;
849;;CAOA MOTOR DO BRASIL LTDA;TERMACO;BA;Lauro de Freitas;;;29455;;;;05/11/2025;05/11/2025;04/11/2025;15/11/2206;;320470;10/11/2025;06/11/2025;;;;25/11/2025;;25/11/2025;NFD Lançada;;25/11/2025;✔ Concluído;–;
850;;CAOA MOTOR DO BRASIL LTDA;TERMACO;BA;Lauro de Freitas;;;30417;;;;05/11/2025;05/11/2025;04/11/2025;16/11/2206;;320470;10/11/2025;06/11/2025;;;;25/11/2025;;25/11/2025;NFD Lançada;;25/11/2025;✔ Concluído;–;
851;;CAOA MOTOR DO BRASIL LTDA;TERMACO;BA;Lauro de Freitas;;;31659;;;;05/11/2025;05/11/2025;04/11/2025;08/11/2251;;320163;10/11/2025;06/11/2025;;;;17/11/2025;;17/11/2025;NFD Lançada;;25/11/2025;✔ Concluído;–;
852;;CAOA MOTOR DO BRASIL LTDA;TERMACO;BA;Lauro de Freitas;;;31685;;;;05/11/2025;05/11/2025;04/11/2025;13/11/2206;;320470;10/11/2025;06/11/2025;;;;25/11/2025;;25/11/2025;NFD Lançada;;25/11/2025;✔ Concluído;–;
853;;CAOA MOTOR DO BRASIL LTDA;TERMACO;BA;Lauro de Freitas;;;32322;;;;05/11/2025;05/11/2025;04/11/2025;19/03/2122;;320982;10/11/2025;06/11/2025;;02/12/2025;;02/12/2025;;02/12/2025;NFD Lançada;;25/11/2025;⚠ Concluído Fora do Prazo;–;
854;;CAOA MOTOR DO BRASIL LTDA;TERMACO;BA;Lauro de Freitas;;;33037;;;;05/11/2025;05/11/2025;04/11/2025;12/11/2206;;320470;10/11/2025;06/11/2025;;;;25/11/2025;;25/11/2025;NFD Lançada;;25/11/2025;✔ Concluído;–;
855;;CAOA MOTOR DO BRASIL LTDA;TERMACO;BA;Lauro de Freitas;;;33096;;;;05/11/2025;05/11/2025;26/10/2025;;;318176;10/11/2025;05/11/2025;;;;24/11/2025;;24/11/2025;NFD Lançada;;25/11/2025;✔ Concluído;–;
856;;CAOA MOTOR DO BRASIL LTDA;TERMACO;BA;Lauro de Freitas;;;33193;;;;05/11/2025;05/11/2025;27/10/2025;;;318395;10/11/2025;07/11/2025;;;;24/11/2025;;24/11/2025;NFD Lançada;;25/11/2025;✔ Concluído;–;
857;;CAOA MOTOR DO BRASIL LTDA;TERMACO;BA;Lauro de Freitas;;;33397;;;;05/11/2025;05/11/2025;04/11/2025;14/11/2206;;320470;10/11/2025;06/11/2025;;;;25/11/2025;;25/11/2025;NFD Lançada;;25/11/2025;✔ Concluído;–;
858;;L.R. COMERCIO DE VEICULOS LTDA;TRANSTRY;SC;São José;;;32511;;;;05/11/2025;05/11/2025;04/11/2025;26/03/2917;;320469;10/11/2025;13/11/2025;;;;25/11/2025;;25/11/2025;NFD Lançada;;25/11/2025;✔ Concluído;–;
859;;PATEO COMERCIO DE VEICULOS S/A;NORTEX;AM;Manaus;;;26902;;;;05/11/2025;05/11/2025;04/11/2025;07/09/2844;;319371;10/11/2025;;;;;;;;Coleta Agendada;;25/11/2025;⚠ Fora do Prazo;253;🔴 Parado + 253 dias
860;;PATEO COMERCIO DE VEICULOS S/A;NORTEX;AM;Manaus;;;29698;;;;05/11/2025;05/11/2025;04/11/2025;14/03/2168;;324052;10/11/2025;07/11/2025;;14/02/2026;;18/02/2026;;18/02/2026;NFD Lançada;;25/11/2025;⚠ Concluído Fora do Prazo;–;
861;;VIA BRASIL AUTOMOVEIS LTDA.;CAMILO;ES;Serra;;;32509;;;;05/11/2025;05/11/2025;22/10/2025;;;317960;10/11/2025;05/11/2025;;;;09/03/2026;;09/03/2026;NFD Lançada;;25/11/2025;⚠ Concluído Fora do Prazo;–;
862;;VIA BRASIL AUTOMOVEIS LTDA.;CAMILO;ES;Serra;;;32719;;;;05/11/2025;05/11/2025;23/10/2025;;;317960;10/11/2025;19/11/2025;;;;19/01/2026;;19/01/2026;NFD Lançada;;25/11/2025;⚠ Concluído Fora do Prazo;–;
863;;BARI VEICULOS LTDA;TRANSTRY;PR;Guarapuava;;;33811;;;;06/11/2025;06/11/2025;06/11/2025;09/07/2273;;319861;11/11/2025;07/11/2025;;;;14/11/2025;;14/11/2025;NFD Lançada;;26/11/2025;✔ Concluído;–;
864;;CAOA MOTOR DO BRASIL LTDA;TERMACO;BA;Lauro de Freitas;;;20473;;;;06/11/2025;06/11/2025;05/11/2025;20/12/2212;;319682;11/11/2025;11/11/2025;;;;;;;Coleta Efetuada;;26/11/2025;⚠ Fora do Prazo;252;🔴 Parado + 252 dias
865;;CAOA MOTOR DO BRASIL LTDA;TERMACO;BA;Lauro de Freitas;;;22983;;;;06/11/2025;06/11/2025;05/11/2025;19/12/2212;;319682;11/11/2025;11/11/2025;;;;;;;Coleta Efetuada;;26/11/2025;⚠ Fora do Prazo;252;🔴 Parado + 252 dias
866;;CAOA MOTOR DO BRASIL LTDA;TERMACO;BA;Lauro de Freitas;;;30016;;;;06/11/2025;06/11/2025;05/11/2025;18/12/2212;;319682;11/11/2025;11/11/2025;;;;;;;Coleta Efetuada;;26/11/2025;⚠ Fora do Prazo;252;🔴 Parado + 252 dias
867;;CAOA MOTOR DO BRASIL LTDA;TERMACO;BA;Lauro de Freitas;;;31110;;;;06/11/2025;06/11/2025;05/11/2025;04/01/1929;;299555;11/11/2025;10/11/2025;;;;25/11/2025;;25/11/2025;NFD Lançada;;26/11/2025;✔ Concluído;–;
868;;CAOA MOTOR DO BRASIL LTDA;TERMACO;BA;Lauro de Freitas;;;31617;;;;06/11/2025;06/11/2025;05/11/2025;23/11/2369;;323633;11/11/2025;10/11/2025;;;;06/02/2026;;06/02/2026;NFD Lançada;;26/11/2025;⚠ Concluído Fora do Prazo;–;
869;;DESTAQUE SEUL DISTRIBUIDORA DE VEICULOS E PEÇAS;XD-DIADEMA;SP;Bragança Paulista;;;31429;;;;06/11/2025;06/11/2025;05/11/2025;06/09/2155;;321375;11/11/2025;;;;;27/11/2025;;27/11/2025;NFD Lançada;;26/11/2025;⚠ Concluído Fora do Prazo;–;
870;;HOUSE PARTS - COMERCIO DE PECAS E VEICULOS LTD;TRANSTRY;RS;Porto Alegre;;;31786;;;;06/11/2025;06/11/2025;23/10/2025;09/08/2428;;323075;11/11/2025;10/12/2025;;;;06/01/2026;;06/01/2026;NFD Lançada;;26/11/2025;⚠ Concluído Fora do Prazo;–;
871;;HOUSE PARTS - COMERCIO DE PECAS E VEICULOS LTD;TRANSTRY;RS;Porto Alegre;;;33851;;;;06/11/2025;06/11/2025;05/11/2025;16/04/2431;;320986;11/11/2025;09/11/2025;;;;16/12/2025;;16/12/2025;NFD Lançada;;26/11/2025;⚠ Concluído Fora do Prazo;–;
872;;HOUSE PARTS-COM. DE PCS. E VEICULOS LTDA;TRANSTRY;RS;Porto Alegre;;;30577;;;;06/11/2025;06/11/2025;03/10/2025;;;315962;11/11/2025;11/11/2025;;;;24/11/2025;;24/11/2025;NFD Lançada;;26/11/2025;✔ Concluído;–;
873;;HOUSE PARTS-COM. DE PCS. E VEICULOS LTDA;TRANSTRY;RS;Porto Alegre;;;30618;;;;06/11/2025;06/11/2025;06/10/2025;;;315962;11/11/2025;06/11/2025;;;;24/11/2025;;24/11/2025;NFD Lançada;;26/11/2025;✔ Concluído;–;
874;;HOUSE PARTS-COM. DE PCS. E VEICULOS LTDA;TRANSTRY;RS;Porto Alegre;;;30671;;;;06/11/2025;06/11/2025;06/10/2025;;;319855;11/11/2025;11/11/2025;;;;09/03/2026;;09/03/2026;NFD Lançada;;26/11/2025;⚠ Concluído Fora do Prazo;–;
875;;HOUSE PARTS-COM. DE PCS. E VEICULOS LTDA;TRANSTRY;RS;Porto Alegre;;;30819;;;;06/11/2025;06/11/2025;06/10/2025;;;315962;11/11/2025;11/11/2025;;;;;;;Coleta Efetuada;;26/11/2025;⚠ Fora do Prazo;252;🔴 Parado + 252 dias
876;;ORVEL AUTOMOTOR HYD LTDA;TERMACO;BA;Teixeira de Freitas;;;32180;;;;07/11/2025;07/11/2025;07/11/2025;;;;12/11/2025;;;;;;;;Coleta Agendada;;27/11/2025;⚠ Fora do Prazo;251;🔴 Parado + 251 dias
877;;TAI MOTORS VEICULOS S/A;CAMILO;ES;Vitória;;;16006;;;;07/11/2025;07/11/2025;17/06/2025;;;318416;12/11/2025;07/11/2025;;;;19/01/2026;;19/01/2026;NFD Lançada;;27/11/2025;⚠ Concluído Fora do Prazo;–;
878;;CAOA MOTOR DO BRASIL LTDA;TERMACO;BA;Lauro de Freitas;;;21109;;;;10/11/2025;10/11/2025;06/11/2025;28/01/1929;;299426;13/11/2025;11/11/2025;;;;25/11/2025;;25/11/2025;NFD Lançada;;30/11/2025;✔ Concluído;–;
879;;CAOA MOTOR DO BRASIL LTDA;TERMACO;BA;Lauro de Freitas;;;21446;;;;10/11/2025;10/11/2025;06/11/2025;30/01/1929;;299522;13/11/2025;11/11/2025;;;;24/11/2025;;24/11/2025;NFD Lançada;;30/11/2025;✔ Concluído;–;
880;;CAOA MOTOR DO BRASIL LTDA;TERMACO;BA;Lauro de Freitas;;;22598;;;;10/11/2025;10/11/2025;06/11/2025;31/01/1929;;299600;13/11/2025;11/11/2025;;;;25/11/2025;;25/11/2025;NFD Lançada;;30/11/2025;✔ Concluído;–;
881;;CAOA MOTOR DO BRASIL LTDA;TERMACO;BA;Lauro de Freitas;;;24144;;;;10/11/2025;10/11/2025;06/11/2025;29/01/1929;;299521;13/11/2025;11/11/2025;;;;24/11/2025;;24/11/2025;NFD Lançada;;30/11/2025;✔ Concluído;–;
882;;CAOA MOTOR DO BRASIL LTDA;TERMACO;BA;Lauro de Freitas;;;33465;;;;10/11/2025;10/11/2025;29/10/2025;;;318543;13/11/2025;11/11/2025;;;;24/11/2025;;24/11/2025;NFD Lançada;;30/11/2025;✔ Concluído;–;
883;;CAOA MOTOR DO BRASIL LTDA;TERMACO;BA;Lauro de Freitas;;;33506;;;;10/11/2025;10/11/2025;29/10/2025;;;318543;13/11/2025;11/11/2025;;;;24/11/2025;;24/11/2025;NFD Lançada;;30/11/2025;✔ Concluído;–;
884;;CAOA MOTOR DO BRASIL LTDA;TERMACO;BA;Lauro de Freitas;;;34167;;;;10/11/2025;10/11/2025;03/11/2025;;;319033;13/11/2025;11/11/2025;;;;24/11/2025;;24/11/2025;NFD Lançada;;30/11/2025;✔ Concluído;–;
885;;CAOA MOTOR DO BRASIL LTDA;TERMACO;BA;Lauro de Freitas;;;34488;;;;10/11/2025;10/11/2025;05/11/2025;;;319411;13/11/2025;13/11/2025;;;;;;;Coleta Efetuada;;30/11/2025;⚠ Fora do Prazo;250;🔴 Parado + 250 dias
886;;CAOA MOTOR DO BRASIL LTDA;TERMACO;BA;Lauro de Freitas;;;34597;;;;10/11/2025;10/11/2025;06/11/2025;;;319411;13/11/2025;13/11/2025;;;;;;;Coleta Efetuada;;30/11/2025;⚠ Fora do Prazo;250;🔴 Parado + 250 dias
887;;FAZZA MOTORS COMERCIO DE VEICULOS LTDA;TERMACO;BA;Salvador;;;3329;;;;10/11/2025;10/11/2025;07/11/2025;15/06/2785;;320602;13/11/2025;13/11/2025;;17/12/2025;;17/12/2026;;17/12/2026;NFD Lançada;;30/11/2025;⚠ Concluído Fora do Prazo;–;
888;;GALA COMERCIO DE VEICULOS LTDA;TRANSTRY;RS;Pelotas;;;34324;;;;10/11/2025;10/11/2025;03/11/2025;;;319037;13/11/2025;18/11/2025;;;;09/03/2026;;09/03/2026;NFD Lançada;;30/11/2025;⚠ Concluído Fora do Prazo;–;
889;;GALA COMERCIO DE VEICULOS LTDA;TRANSTRY;RS;Pelotas;;;34327;;;;10/11/2025;10/11/2025;03/11/2025;;;319037;13/11/2025;18/11/2025;;;;09/03/2026;;09/03/2026;NFD Lançada;;30/11/2025;⚠ Concluído Fora do Prazo;–;
890;;PATEO COMERCIO DE VEICULOS S/A;NORTEX;AM;Manaus;;;30510;;;;10/11/2025;10/11/2025;30/10/2025;25/12/2167;;321089;13/11/2025;11/11/2025;;;;;;;Coleta Efetuada;;30/11/2025;⚠ Fora do Prazo;250;🔴 Parado + 250 dias
891;;SEVEC VEICULOS LTDA;TRANSTRY;PR;Curitiba;;;34861;;;;10/11/2025;10/11/2025;10/11/2025;;;319745;13/11/2025;13/11/2025;;;;09/03/2026;;09/03/2026;NFD Lançada;;30/11/2025;⚠ Concluído Fora do Prazo;–;
892;;VITAL COMERCIO DE VEICULOS LTDA;XD BETIM;MG;Governador Valadares;;;33537;;;;10/11/2025;10/11/2025;29/10/2025;;;318817;13/11/2025;06/11/2025;;;;;;;Coleta Efetuada;;30/11/2025;⚠ Fora do Prazo;250;🔴 Parado + 250 dias
893;;ANDRETTA II DISTRIBUIDORA DE VEICULOS LTDA;XD-DIADEMA;SP;CAMPINAS;;;33071;;;;11/11/2025;11/11/2025;10/11/2025;25/09/2581;;335332;14/11/2025;;;;;10/04/2026;;10/04/2026;NFD Lançada;;01/12/2025;⚠ Concluído Fora do Prazo;–;
894;;BDG AUTOVILLE VEICULOS LTDA;XD BETIM;MG;CONTAGEM;;;19707;;;;11/11/2025;11/11/2025;06/11/2025;05/04/2083;;321080;14/11/2025;13/11/2025;;02/12/2025;;02/12/2025;;02/12/2025;NFD Lançada;;01/12/2025;⚠ Concluído Fora do Prazo;–;
895;;BDG AUTOVILLE VEICULOS LTDA;XD BETIM;MG;CONTAGEM;;;32653;;;;11/11/2025;11/11/2025;06/11/2025;04/04/2083;;321080;14/11/2025;13/11/2025;;02/12/2025;;02/12/2025;;02/12/2025;NFD Lançada;;01/12/2025;⚠ Concluído Fora do Prazo;–;
896;;BDG AUTOVILLE VEICULOS LTDA;XD BETIM;MG;CONTAGEM;;;33936;;;;11/11/2025;11/11/2025;06/11/2025;02/04/2083;;321080;14/11/2025;13/11/2025;;02/12/2025;;02/12/2025;;02/12/2025;NFD Lançada;;01/12/2025;⚠ Concluído Fora do Prazo;–;
897;;CAOA MOTOR DO BRASIL LTDA;TERMACO;BA;Lauro de Freitas;;;13992;;;;11/11/2025;11/11/2025;29/09/2025;03/01/1927;;320161;14/11/2025;13/11/2025;;;;24/11/2025;;24/11/2025;NFD Lançada;;01/12/2025;✔ Concluído;–;
898;;CAOA MOTOR DO BRASIL LTDA;TERMACO;BA;Lauro de Freitas;;;16224;;;;11/11/2025;11/11/2025;10/11/2025;23/10/2122;;321385;14/11/2025;14/11/2025;;17/12/2025;;22/12/2025;;22/12/2025;NFD Lançada;;01/12/2025;⚠ Concluído Fora do Prazo;–;
899;;CAOA MOTOR DO BRASIL LTDA;TERMACO;BA;Lauro de Freitas;;;31473;;;;11/11/2025;11/11/2025;10/11/2025;01/09/2386;;321383;14/11/2025;13/11/2025;;;;03/12/2025;;03/12/2025;NFD Lançada;;01/12/2025;⚠ Concluído Fora do Prazo;–;
900;;CAOA MOTOR DO BRASIL LTDA;TERMACO;BA;Lauro de Freitas;;;32312;;;;11/11/2025;11/11/2025;03/11/2025;09/04/2463;;320047;14/11/2025;26/11/2025;;26/11/2025;;;;;Recebido XD Diadema;;01/12/2025;⚠ Fora do Prazo;237;🔴 Parado + 237 dias
901;;CAOA MOTOR DO BRASIL LTDA;TERMACO;BA;Lauro de Freitas;;;32484;;;;11/11/2025;11/11/2025;03/11/2025;04/04/2463;;320047;14/11/2025;26/11/2025;;26/11/2025;;;;;Recebido XD Diadema;;01/12/2025;⚠ Fora do Prazo;237;🔴 Parado + 237 dias
902;;CAOA MOTOR DO BRASIL LTDA;TERMACO;BA;Lauro de Freitas;;;32738;;;;11/11/2025;11/11/2025;10/11/2025;11/02/2370;;321361;14/11/2025;13/11/2025;;;;03/12/2025;;03/12/2025;NFD Lançada;;01/12/2025;⚠ Concluído Fora do Prazo;–;
903;;CAOA MOTOR DO BRASIL LTDA;TERMACO;BA;Lauro de Freitas;;;33328;;;;11/11/2025;11/11/2025;10/11/2025;02/09/2386;;321383;14/11/2025;13/11/2025;;;;03/12/2025;;03/12/2025;NFD Lançada;;01/12/2025;⚠ Concluído Fora do Prazo;–;
904;;DHC COMERCIO DE VEICULOS E PECAS LTDA;MVT;SP;Bauru;;;2615;;;;11/11/2025;11/11/2025;04/11/2025;04/01/1991;;318279;14/11/2025;13/11/2025;;;;10/12/2025;;10/12/2025;NFD Lançada;;01/12/2025;⚠ Concluído Fora do Prazo;–;
905;;DHC COMERCIO DE VEICULOS E PECAS LTDA;MVT;SP;Bauru;;;7064;;;;11/11/2025;11/11/2025;04/11/2025;09/01/1991;;321794;14/11/2025;13/11/2025;;;;10/12/2025;;10/12/2025;NFD Lançada;;01/12/2025;⚠ Concluído Fora do Prazo;–;
906;;DHC COMERCIO DE VEICULOS E PECAS LTDA;MVT;SP;Bauru;;;8338;;;;11/11/2025;11/11/2025;04/11/2025;06/01/1991;;318753;14/11/2025;13/11/2025;;;;10/12/2025;;10/12/2025;NFD Lançada;;01/12/2025;⚠ Concluído Fora do Prazo;–;
907;;DHC COMERCIO DE VEICULOS E PECAS LTDA;MVT;SP;Bauru;;;10461;;;;11/11/2025;11/11/2025;04/11/2025;26/02/1991;;318428;14/11/2025;13/11/2025;;;;10/12/2025;;10/12/2025;NFD Lançada;;01/12/2025;⚠ Concluído Fora do Prazo;–;
908;;DHC COMERCIO DE VEICULOS E PECAS LTDA;MVT;SP;Bauru;;;12211;;;;11/11/2025;11/11/2025;04/11/2025;05/01/1991;;318435;14/11/2025;13/11/2025;;;;10/12/2025;;10/12/2025;NFD Lançada;;01/12/2025;⚠ Concluído Fora do Prazo;–;
909;;DHC COMERCIO DE VEICULOS E PECAS LTDA;MVT;SP;Bauru;;;13859;;;;11/11/2025;11/11/2025;04/11/2025;27/02/1991;;318433;14/11/2025;13/11/2025;;;;10/12/2025;;10/12/2025;NFD Lançada;;01/12/2025;⚠ Concluído Fora do Prazo;–;
910;;DHC COMERCIO DE VEICULOS E PECAS LTDA;MVT;SP;Bauru;;;18015;;;;11/11/2025;11/11/2025;04/11/2025;07/01/1991;;318696;14/11/2025;13/11/2025;;;;10/12/2025;;10/12/2025;NFD Lançada;;01/12/2025;⚠ Concluído Fora do Prazo;–;
911;;DHC COMERCIO DE VEICULOS E PECAS LTDA;MVT;SP;Bauru;;;24498;;;;11/11/2025;11/11/2025;04/11/2025;08/01/1991;;321794;14/11/2025;13/11/2025;;;;10/12/2025;;10/12/2025;NFD Lançada;;01/12/2025;⚠ Concluído Fora do Prazo;–;
912;;GAMBATO H1 VEICULOS LTDA;TRANSTRY;RS;PASSO FUNDO;;;17226;;;;11/11/2025;11/11/2025;07/11/2025;27/03/2046;;321389;14/11/2025;13/11/2025;;;;06/01/2026;;06/01/2026;NFD Lançada;;01/12/2025;⚠ Concluído Fora do Prazo;–;
913;;GAMBATO H1 VEICULOS LTDA;TRANSTRY;RS;PASSO FUNDO;;;27059;;;;11/11/2025;11/11/2025;07/11/2025;28/03/2046;;321387;14/11/2025;13/11/2025;;;;06/01/2026;;06/01/2026;NFD Lançada;;01/12/2025;⚠ Concluído Fora do Prazo;–;
914;;L.R. COMERCIO DE VEICULOS LTDA;TRANSTRY;SC;São José;;;16892;;;;11/11/2025;11/11/2025;10/11/2025;11/02/2918;;320051;14/11/2025;12/11/2025;;;;17/11/2025;;17/11/2025;NFD Lançada;;01/12/2025;✔ Concluído;–;
915;;L.R. COMERCIO DE VEICULOS LTDA;TRANSTRY;SC;São José;;;33067;;;;11/11/2025;11/11/2025;07/11/2025;27/10/2917;;320468;14/11/2025;12/11/2025;;;;25/11/2025;;25/11/2025;NFD Lançada;;01/12/2025;✔ Concluído;–;
916;;PATEO COMERCIO DE VEICULOS S/A;TERMACO;MA;SAO LUIS;;;1572;;;;11/11/2025;11/11/2025;10/11/2025;21/10/3047;;320048;14/11/2025;14/11/2025;;15/02/2025;;17/02/2025;;17/02/2025;NFD Lançada;;01/12/2025;✔ Concluído;–;
917;;BARI VEICULOS LTDA;TRANSTRY;PR;Guarapuava;;;26487;;;;14/11/2025;14/11/2025;13/11/2025;23/06/2274;;321371;19/11/2025;19/11/2025;;;;03/12/2025;;03/12/2025;NFD Lançada;;04/12/2025;✔ Concluído;–;
918;;CAOA MOTOR DO BRASIL LTDA;TERMACO;BA;Lauro de Freitas;;;25109;;;;14/11/2025;14/11/2025;12/11/2025;23/12/2572;;321392;19/11/2025;18/11/2025;;;;03/12/2025;;03/12/2025;NFD Lançada;;04/12/2025;✔ Concluído;–;
919;;CAOA MOTOR DO BRASIL LTDA;TERMACO;BA;Lauro de Freitas;;;30658;;;;14/11/2025;14/11/2025;12/11/2025;12/12/2023;;321362;19/11/2025;10/12/2025;;;;19/01/2026;;19/01/2026;NFD Lançada;;04/12/2025;⚠ Concluído Fora do Prazo;–;
920;;CAOA MOTOR DO BRASIL LTDA;TERMACO;BA;Lauro de Freitas;;;31658;;;;14/11/2025;14/11/2025;06/11/2025;25/01/1929;;299538;19/11/2025;18/11/2025;;;;02/12/2025;;02/12/2025;NFD Lançada;;04/12/2025;✔ Concluído;–;
921;;CAOA MOTOR DO BRASIL LTDA;TERMACO;BA;Lauro de Freitas;;;31731;;;;14/11/2025;14/11/2025;12/11/2025;19/06/2213;;321092;19/11/2025;19/11/2025;;17/12/2025;;17/12/2026;;17/12/2026;NFD Lançada;;04/12/2025;⚠ Concluído Fora do Prazo;–;
922;;CAOA MOTOR DO BRASIL LTDA;TERMACO;BA;Lauro de Freitas;;;31732;;;;14/11/2025;14/11/2025;06/11/2025;24/01/1929;;299545;19/11/2025;18/11/2025;;;;02/12/2025;;02/12/2025;NFD Lançada;;04/12/2025;✔ Concluído;–;
923;;CAOA MOTOR DO BRASIL LTDA;TERMACO;BA;Lauro de Freitas;;;34609;;;;14/11/2025;14/11/2025;13/11/2025;09/06/1980;;314771;19/11/2025;18/11/2025;;;;10/12/2025;;10/12/2025;NFD Lançada;;04/12/2025;⚠ Concluído Fora do Prazo;–;
924;;CAOA MOTOR DO BRASIL LTDA;TERMACO;BA;Lauro de Freitas;;;35563;;;;14/11/2025;14/11/2025;14/11/2025;;;320511;19/11/2025;18/11/2025;;;;09/03/2026;;09/03/2026;NFD Lançada;;04/12/2025;⚠ Concluído Fora do Prazo;–;
925;;ULSAN COMERCIO DE VEICULOS LTDA;CARVALIMA;RO;Vilhena;;;27580;;;;14/11/2025;14/11/2025;10/11/2025;25/10/2381;;321090;19/11/2025;17/11/2025;;15/02/2025;;17/02/2025;;17/02/2025;NFD Lançada;;04/12/2025;✔ Concluído;–;
926;;ULSAN COMERCIO DE VEICULOS LTDA;CARVALIMA;RO;Vilhena;;;31735;;;;14/11/2025;14/11/2025;07/11/2025;15/08/2381;;321386;19/11/2025;17/11/2025;;12/12/2025;;20/12/2025;;20/12/2025;NFD Lançada;;04/12/2025;⚠ Concluído Fora do Prazo;–;
927;;CAOA MOTOR DO BRASIL LTDA;TERMACO;BA;Lauro de Freitas;;;35595;;;;17/11/2025;17/11/2025;17/11/2025;;;321363;20/11/2025;18/11/2025;;;;09/03/2026;;09/03/2026;NFD Lançada;;07/12/2025;⚠ Concluído Fora do Prazo;–;
928;;CARBEL KOREA VEICULOS LTDA;XD BETIM;MG;Belo Horizonte;;;34487;;;;17/11/2025;17/11/2025;14/11/2025;06/10/2441;;321359;20/11/2025;26/11/2025;;02/12/2025;;02/12/2025;;02/12/2025;NFD Lançada;;07/12/2025;✔ Concluído;–;
929;;MISO VEICULOS LTDA;CARVALIMA;AP;Macapá;;;31662;;;;17/11/2025;17/11/2025;13/11/2025;04/04/2046;;321504;20/11/2025;26/11/2025;;;;19/01/2026;;19/01/2026;NFD Lançada;;07/12/2025;⚠ Concluído Fora do Prazo;–;
930;;SAGA ASIA COMERCIO DE VEICULOS PECAS E SERVICO;CARVALIMA;RO;PORTO VELHO;;;33189;;;;17/11/2025;17/11/2025;14/11/2025;26/02/2201;;321382;20/11/2025;18/11/2025;;08/02/2025;;20/12/2025;;20/12/2025;NFD Lançada;;07/12/2025;⚠ Concluído Fora do Prazo;–;
931;;SAGA ASIA COMERCIO DE VEICULOS PECAS E SERVICO;CARVALIMA;RO;PORTO VELHO;;;33192;;;;17/11/2025;17/11/2025;14/11/2025;25/02/2201;;321384;20/11/2025;18/11/2025;;08/02/2025;;20/12/2025;;20/12/2025;NFD Lançada;;07/12/2025;⚠ Concluído Fora do Prazo;–;
932;;JPG MOTORS COMERCIO DE VEICULOS LTDA;CARVALIMA;MS;Campo Grande;;;61783;;;;18/11/2025;18/11/2025;18/11/2025;18/06/2070;;320922;21/11/2025;19/11/2025;;27/11/2025;;27/11/2025;;27/11/2025;NFD Lançada;;08/12/2025;✔ Concluído;–;
933;;NOBRE DISTRIBUIDORA DE VEICULOS E PECAS LTDA;MVT;SP;Aparecida;;;33244;;;;18/11/2025;18/11/2025;18/11/2025;25/09/2564;;321372;21/11/2025;19/11/2025;;;;03/12/2025;;03/12/2025;NFD Lançada;;08/12/2025;✔ Concluído;–;
934;;NOBRE DISTRIBUIDORA DE VEICULOS E PECAS LTDA;MVT;SP;Aparecida;;;34997;;;;18/11/2025;18/11/2025;18/11/2025;07/11/2565;;321373;21/11/2025;19/11/2025;;;;;;;Coleta Efetuada;;08/12/2025;⚠ Fora do Prazo;242;🔴 Parado + 242 dias
935;;CAOA MOTOR DO BRASIL LTDA;TERMACO;BA;Lauro de Freitas;;;31302;;;;19/11/2025;19/11/2025;19/11/2025;25/07/2573;;321334;24/11/2025;21/11/2025;;;;03/12/2025;;03/12/2025;NFD Lançada;;09/12/2025;✔ Concluído;–;
936;;DESTAQUE SEUL DISTRIBUIDORA DE VEICULOS E PEÇAS;XD-DIADEMA;SP;Bragança Paulista;;;35227;;;;19/11/2025;19/11/2025;18/11/2025;15/12/2063;;321793;24/11/2025;21/11/2025;;;;;;;Coleta Efetuada;;09/12/2025;⚠ Fora do Prazo;239;🔴 Parado + 239 dias
937;;L.R. COMERCIO DE VEICULOS LTDA;TRANSTRY;SC;São José;;;35242;;;;19/11/2025;19/11/2025;19/11/2025;03/12/2919;;321390;24/11/2025;21/11/2025;;;;09/03/2026;;09/03/2026;NFD Lançada;;09/12/2025;⚠ Concluído Fora do Prazo;–;
938;;PRIME CACHOEIRO VEICULOS LTDA;CAMILO;ES;Cachoeiro de Itapemirim;;;28814;;;;19/11/2025;19/11/2025;19/11/2025;25/04/2065;;322216;24/11/2025;25/11/2025;;;;12/03/2026;;12/03/2026;NFD Lançada;;09/12/2025;⚠ Concluído Fora do Prazo;–;
939;;SAGA ASIA COMERCIO DE VEICULOS PECAS E SERVICO;CARVALIMA;RO;PORTO VELHO;;;32527;;;;19/11/2025;19/11/2025;19/11/2025;14/05/2201;;321086;24/11/2025;21/11/2025;;04/12/2025;;17/12/2026;;17/12/2026;NFD Lançada;;09/12/2025;⚠ Concluído Fora do Prazo;–;
940;;SEVEC VEICULOS LTDA;TRANSTRY;PR;Curitiba;;;33861;;;;19/11/2025;19/11/2025;19/11/2025;30/09/2858;;321507;24/11/2025;26/11/2025;;;;08/12/2025;;08/12/2025;NFD Lançada;;09/12/2025;✔ Concluído;–;
941;;SEVEC VEICULOS LTDA;TRANSTRY;PR;Curitiba;;;35307;;;;19/11/2025;19/11/2025;19/11/2025;20/09/2858;;321506;24/11/2025;26/11/2025;;;;08/12/2025;;08/12/2025;NFD Lançada;;09/12/2025;✔ Concluído;–;
942;;CAOA MOTOR DO BRASIL LTDA;TERMACO;BA;Lauro de Freitas;;;26702;;;;21/11/2025;21/11/2025;19/11/2025;21/01/1981;;314915;26/11/2025;26/11/2025;;;;03/12/2025;;03/12/2025;NFD Lançada;;11/12/2025;✔ Concluído;–;
943;;CAOA MOTOR DO BRASIL LTDA;TERMACO;BA;Lauro de Freitas;;;35274;;;;21/11/2025;21/11/2025;13/11/2025;;;320066;26/11/2025;26/11/2025;;;;06/01/2026;;06/01/2026;NFD Lançada;;11/12/2025;⚠ Concluído Fora do Prazo;–;
944;;SEVEC VEICULOS LTDA;TRANSTRY;PR;Curitiba;;;16295;;;;21/11/2025;21/11/2025;06/11/2025;06/07/2856;;323721;26/11/2025;26/11/2025;;;;;;;Coleta Efetuada;;11/12/2025;⚠ Fora do Prazo;237;🔴 Parado + 237 dias
945;;SEVEC VEICULOS LTDA;TRANSTRY;PR;Curitiba;;;16506;;;;21/11/2025;21/11/2025;06/11/2025;03/07/2856;;323721;26/11/2025;26/11/2025;;;;;;;Coleta Efetuada;;11/12/2025;⚠ Fora do Prazo;237;🔴 Parado + 237 dias
946;;SEVEC VEICULOS LTDA;TRANSTRY;PR;Curitiba;;;18060;;;;21/11/2025;21/11/2025;06/11/2025;02/07/2856;;323721;26/11/2025;26/11/2025;;;;;;;Coleta Efetuada;;11/12/2025;⚠ Fora do Prazo;237;🔴 Parado + 237 dias
947;;SEVEC VEICULOS LTDA;TRANSTRY;PR;Curitiba;;;19141;;;;21/11/2025;21/11/2025;06/11/2025;01/07/2856;;323721;26/11/2025;26/11/2025;;;;21/01/2026;;21/01/2026;NFD Lançada;;11/12/2025;⚠ Concluído Fora do Prazo;–;
948;;SEVEC VEICULOS LTDA;TRANSTRY;PR;Curitiba;;;19629;;;;21/11/2025;21/11/2025;06/11/2025;05/07/2856;;323721;26/11/2025;26/11/2025;;;;;;;Coleta Efetuada;;11/12/2025;⚠ Fora do Prazo;237;🔴 Parado + 237 dias
949;;SEVEC VEICULOS LTDA;TRANSTRY;PR;Curitiba;;;19811;;;;21/11/2025;21/11/2025;06/11/2025;13/07/2856;;323721;26/11/2025;26/11/2025;;;;21/01/2026;;21/01/2026;NFD Lançada;;11/12/2025;⚠ Concluído Fora do Prazo;–;
950;;SEVEC VEICULOS LTDA;TRANSTRY;PR;Curitiba;;;22769;;;;21/11/2025;21/11/2025;06/11/2025;25/03/2856;;323721;26/11/2025;26/11/2025;;;;;;;Coleta Efetuada;;11/12/2025;⚠ Fora do Prazo;237;🔴 Parado + 237 dias
951;;SEVEC VEICULOS LTDA;TRANSTRY;PR;Curitiba;;;24484;;;;21/11/2025;21/11/2025;06/11/2025;27/03/2856;;323721;26/11/2025;26/11/2025;;;;;;;Coleta Efetuada;;11/12/2025;⚠ Fora do Prazo;237;🔴 Parado + 237 dias
952;;SEVEC VEICULOS LTDA;TRANSTRY;PR;Curitiba;;;24501;;;;21/11/2025;21/11/2025;06/11/2025;17/07/2856;;323721;26/11/2025;26/11/2025;;;;;;;Coleta Efetuada;;11/12/2025;⚠ Fora do Prazo;237;🔴 Parado + 237 dias
953;;SEVEC VEICULOS LTDA;TRANSTRY;PR;Curitiba;;;25581;;;;21/11/2025;21/11/2025;06/11/2025;08/07/2856;;323721;26/11/2025;26/11/2025;;;;;;;Coleta Efetuada;;11/12/2025;⚠ Fora do Prazo;237;🔴 Parado + 237 dias
954;;CAOA MOTOR DO BRASIL LTDA;TERMACO;BA;Lauro de Freitas;;;33904;;;;26/11/2025;26/11/2025;24/11/2025;14/02/2124;;322068;01/12/2025;01/12/2025;;;;19/01/2026;;19/01/2026;NFD Lançada;;16/12/2025;⚠ Concluído Fora do Prazo;–;
955;;CAOA MOTOR DO BRASIL LTDA;TERMACO;BA;Lauro de Freitas;;;34496;;;;26/11/2025;26/11/2025;24/11/2025;16/02/2124;;322075;01/12/2025;01/12/2025;;;;12/03/2026;;12/03/2026;NFD Lançada;;16/12/2025;⚠ Concluído Fora do Prazo;–;
956;;CAOA MOTOR DO BRASIL LTDA;TERMACO;BA;Lauro de Freitas;;;35287;;;;26/11/2025;26/11/2025;24/11/2025;03/07/1981;;315228;01/12/2025;27/11/2025;;;;10/12/2025;;10/12/2025;NFD Lançada;;16/12/2025;✔ Concluído;–;
957;;GALA COMERCIO DE VEICULOS LTDA;TRANSTRY;RS;Pelotas;;;33445;;;;26/11/2025;26/11/2025;25/11/2025;23/12/2186;;321912;01/12/2025;27/11/2025;;;;06/01/2026;;06/01/2026;NFD Lançada;;16/12/2025;⚠ Concluído Fora do Prazo;–;
958;;PONTO CERTO COMERCIO DE VEICULOS LTDA;TRANSTRY;SC;LAGES;;;35225;;;;26/11/2025;26/11/2025;25/11/2025;03/03/2060;;321796;01/12/2025;28/11/2025;;;;10/12/2025;;10/12/2025;NFD Lançada;;16/12/2025;✔ Concluído;–;
959;;SAGA KOREA COMERCIO DE VEICULOS PECAS E SERVI;RIO VERMELHO;DF;BRASILIA;;;16210;;;;26/11/2025;26/11/2025;17/09/2025;19/03/2342;;316632;01/12/2025;13/10/2025;;;;27/11/2025;;27/11/2025;NFD Lançada;;16/12/2025;✔ Concluído;–;
960;;SAGA KOREA COMERCIO DE VEICULOS PECAS E SERVI;RIO VERMELHO;DF;BRASILIA;;;18013;;;;26/11/2025;26/11/2025;17/09/2025;20/03/2342;;316632;01/12/2025;13/10/2025;;;;27/11/2025;;27/11/2025;NFD Lançada;;16/12/2025;✔ Concluído;–;
961;;SAGA KOREA COMERCIO DE VEICULOS PECAS E SERVI;RIO VERMELHO;DF;BRASILIA;;;18815;;;;26/11/2025;26/11/2025;17/09/2025;21/03/2342;;316632;01/12/2025;13/10/2025;;;;27/11/2025;;27/11/2025;NFD Lançada;;16/12/2025;✔ Concluído;–;
962;;SAGA KOREA COMERCIO DE VEICULOS PECAS E SERVI;RIO VERMELHO;DF;BRASILIA;;;18830;;;;26/11/2025;26/11/2025;17/09/2025;22/03/2342;;316632;01/12/2025;13/10/2025;;;;27/11/2025;;27/11/2025;NFD Lançada;;16/12/2025;✔ Concluído;–;
963;;SAGA KOREA COMERCIO DE VEICULOS PECAS E SERVI;RIO VERMELHO;DF;BRASILIA;;;21331;;;;26/11/2025;26/11/2025;17/09/2025;24/03/2342;;316632;01/12/2025;11/12/2025;;;;27/11/2025;;27/11/2025;NFD Lançada;;16/12/2025;✔ Concluído;–;
964;;SAGA KOREA COMERCIO DE VEICULOS PECAS E SERVI;RIO VERMELHO;DF;BRASILIA;;;22399;;;;26/11/2025;26/11/2025;17/09/2025;23/03/2342;;316632;01/12/2025;13/10/2025;;;;27/11/2025;;27/11/2025;NFD Lançada;;16/12/2025;✔ Concluído;–;
965;;SAGA KOREA COMERCIO DE VEICULOS PECAS E SERVI;RIO VERMELHO;DF;BRASILIA;;;23525;;;;26/11/2025;26/11/2025;17/09/2025;25/03/2342;;316632;01/12/2025;11/12/2025;;;;27/11/2025;;27/11/2025;NFD Lançada;;16/12/2025;✔ Concluído;–;
966;;SAGA KOREA COMERCIO DE VEICULOS PECAS E SERVI;RIO VERMELHO;DF;BRASILIA;;;24174;;;;26/11/2025;26/11/2025;17/09/2025;26/03/2342;;316632;01/12/2025;13/10/2025;;;;27/11/2025;;27/11/2025;NFD Lançada;;16/12/2025;✔ Concluído;–;
967;;NISA COMRCIAL DE VEIC AUTOMOTORES LTDA;RIO VERMELHO;GO;GOIANIA;;;29081;;;;27/11/2025;27/11/2025;26/11/2025;09/10/2430;;322320;02/12/2025;01/12/2025;;;;29/05/2026;;29/05/2026;NFD Lançada;;17/12/2025;⚠ Concluído Fora do Prazo;–;
968;;SEVEC VEICULOS LTDA;TRANSTRY;PR;Curitiba;;;8611;;;;27/11/2025;27/11/2025;06/11/2025;26/03/2856;;321797;02/12/2025;28/11/2025;;;;08/12/2025;;08/12/2025;NFD Lançada;;17/12/2025;✔ Concluído;–;
969;;SEVEC VEICULOS LTDA;TRANSTRY;PR;Curitiba;;;16004;;;;27/11/2025;27/11/2025;06/11/2025;04/07/2856;;321797;02/12/2025;28/11/2025;;;;08/12/2025;;08/12/2025;NFD Lançada;;17/12/2025;✔ Concluído;–;
970;;SEVEC VEICULOS LTDA;TRANSTRY;PR;Curitiba;;;24239;;;;27/11/2025;27/11/2025;06/11/2025;30/06/2856;;321797;02/12/2025;28/11/2025;;;;08/12/2025;;08/12/2025;NFD Lançada;;17/12/2025;✔ Concluído;–;
971;;SEVEC VEICULOS LTDA;TRANSTRY;PR;Curitiba;;;24484;;;;27/11/2025;27/11/2025;06/11/2025;30/03/2856;;322067;02/12/2025;28/11/2025;;;;06/01/2026;;06/01/2026;NFD Lançada;;17/12/2025;⚠ Concluído Fora do Prazo;–;
972;;SEVEC VEICULOS LTDA;TRANSTRY;PR;Curitiba;;;25538;;;;27/11/2025;27/11/2025;06/11/2025;28/03/2856;;321797;02/12/2025;28/11/2025;;;;08/12/2025;;08/12/2025;NFD Lançada;;17/12/2025;✔ Concluído;–;
973;;SEVEC VEICULOS LTDA;TRANSTRY;PR;Curitiba;;;25577;;;;27/11/2025;27/11/2025;06/11/2025;27/06/2856;;321797;02/12/2025;28/11/2025;;;;09/12/2025;;09/12/2025;NFD Lançada;;17/12/2025;✔ Concluído;–;
974;;SAINT LAND COMERCIO DE VEICULOS LTDA;TERMACO;CE;Juazeiro do Norte;;;29276;;;;28/11/2025;28/11/2025;27/11/2025;24/01/1918;;321911;03/12/2025;03/12/2025;;;;08/01/2026;;08/01/2026;NFD Lançada;;18/12/2025;⚠ Concluído Fora do Prazo;–;
975;;SAINT LAND COMERCIO DE VEICULOS LTDA;TERMACO;CE;Juazeiro do Norte;;;31872;;;;28/11/2025;28/11/2025;27/11/2025;22/02/1918;;321911;03/12/2025;03/12/2025;;;;08/01/2026;;08/01/2026;NFD Lançada;;18/12/2025;⚠ Concluído Fora do Prazo;–;
976;;SAINT LAND COMERCIO DE VEICULOS LTDA;TERMACO;CE;Juazeiro do Norte;;;32762;;;;28/11/2025;28/11/2025;27/11/2025;21/02/1918;;321911;03/12/2025;03/12/2025;;;;08/01/2026;;08/01/2026;NFD Lançada;;18/12/2025;⚠ Concluído Fora do Prazo;–;
977;;VIA BRASIL AUTOMOVEIS LTDA;CAMILO;ES;Serra;;;32789;;;;28/11/2025;28/11/2025;26/11/2025;12/05/2554;;322084;03/12/2025;02/12/2025;;17/12/2025;;22/12/2025;;22/12/2025;NFD Lançada;;18/12/2025;⚠ Concluído Fora do Prazo;–;
978;;ANDRETA II DISTRIBUIDORA DE VEICULOS LTDA;XD-DIADEMA;SP;Campinas;;;34282;;;;01/12/2025;01/12/2025;28/11/2025;25/11/2586;;335092;04/12/2025;03/12/2025;;;;;;;Coleta Efetuada;;21/12/2025;⚠ Fora do Prazo;229;🔴 Parado + 229 dias
979;;CAOA MOTOR DO BRASIL LTDA;TERMACO;BA;Lauro de Freitas;;;1597;;;;01/12/2025;01/12/2025;18/11/2025;23/10/1980;;315012;04/12/2025;03/12/2025;;;;10/12/2025;;10/12/2025;NFD Lançada;;21/12/2025;✔ Concluído;–;
980;;CAOA MOTOR DO BRASIL LTDA;TERMACO;BA;Lauro de Freitas;;;2764;;;;01/12/2025;01/12/2025;18/11/2025;25/10/1980;;314963;04/12/2025;03/12/2025;;;;10/12/2025;;10/12/2025;NFD Lançada;;21/12/2025;✔ Concluído;–;
981;;CAOA MOTOR DO BRASIL LTDA;TERMACO;BA;Lauro de Freitas;;;5405;;;;01/12/2025;01/12/2025;18/11/2025;28/10/1980;;315077;04/12/2025;03/12/2025;;;;10/12/2025;;10/12/2025;NFD Lançada;;21/12/2025;✔ Concluído;–;
982;;CAOA MOTOR DO BRASIL LTDA;TERMACO;BA;Lauro de Freitas;;;5470;;;;01/12/2025;01/12/2025;18/11/2025;17/10/1980;;314988;04/12/2025;03/12/2025;;;;10/12/2025;;10/12/2025;NFD Lançada;;21/12/2025;✔ Concluído;–;
983;;CAOA MOTOR DO BRASIL LTDA;TERMACO;BA;Lauro de Freitas;;;5471;;;;01/12/2025;01/12/2025;18/11/2025;16/10/1980;;314914;04/12/2025;03/12/2025;;;;10/12/2025;;10/12/2025;NFD Lançada;;21/12/2025;✔ Concluído;–;
984;;CAOA MOTOR DO BRASIL LTDA;TERMACO;BA;Lauro de Freitas;;;5729;;;;01/12/2025;01/12/2025;18/11/2025;20/10/1980;;314939;04/12/2025;03/12/2025;;;;10/12/2025;;10/12/2025;NFD Lançada;;21/12/2025;✔ Concluído;–;
985;;CAOA MOTOR DO BRASIL LTDA;TERMACO;BA;Lauro de Freitas;;;11670;;;;01/12/2025;01/12/2025;18/11/2025;15/12/1980;;314951;04/12/2025;03/12/2025;;;;11/12/2025;;11/12/2025;NFD Lançada;;21/12/2025;✔ Concluído;–;
986;;CAOA MOTOR DO BRASIL LTDA;TERMACO;BA;Lauro de Freitas;;;19402;;;;01/12/2025;01/12/2025;18/11/2025;27/10/1980;;315018;04/12/2025;03/12/2025;;;;10/12/2025;;10/12/2025;NFD Lançada;;21/12/2025;✔ Concluído;–;
987;;CAOA MOTOR DO BRASIL LTDA;TERMACO;BA;Lauro de Freitas;;;20556;;;;01/12/2025;01/12/2025;18/11/2025;21/10/1980;;314964;04/12/2025;03/12/2025;;;;10/12/2025;;10/12/2025;NFD Lançada;;21/12/2025;✔ Concluído;–;
988;;CAOA MOTOR DO BRASIL LTDA;TERMACO;BA;Lauro de Freitas;;;25330;;;;01/12/2025;01/12/2025;18/11/2025;24/10/1980;;314925;04/12/2025;03/12/2025;;;;10/12/2025;;10/12/2025;NFD Lançada;;21/12/2025;✔ Concluído;–;
989;;DESTAQUE SEUL DISTRIBUIDORA DE VEICULOS E PEÇAS;XD-DIADEMA;SP;Bragança Paulista;;;23227;;;;01/12/2025;01/12/2025;01/12/2025;24/06/2156;;322212;04/12/2025;03/12/2025;;;;10/12/2025;;10/12/2025;NFD Lançada;;21/12/2025;✔ Concluído;–;
990;;HOUSE PARTS - COMERCIO DE PECAS E VEICULOS LTD;TRANSTRY;RS;Porto Alegre;;;31660;;;;01/12/2025;01/12/2025;28/11/2025;26/02/2435;;322789;04/12/2025;05/12/2025;;;;06/01/2026;;06/01/2026;NFD Lançada;;21/12/2025;⚠ Concluído Fora do Prazo;–;
991;;ORVEL AUTOMOTOR HYD LTDA;TERMACO;BA;Teixeira de Freitas;;;933;;;;01/12/2025;01/12/2025;27/11/2025;16/06/2032;;321923;04/12/2025;05/12/2025;;;;08/01/2026;;08/01/2026;NFD Lançada;;21/12/2025;⚠ Concluído Fora do Prazo;–;
992;;ORVEL AUTOMOTOR HYD LTDA;TERMACO;BA;Teixeira de Freitas;;;3450;;;;01/12/2025;01/12/2025;27/11/2025;29/07/2032;;321923;04/12/2025;05/12/2025;;;;08/01/2026;;08/01/2026;NFD Lançada;;21/12/2025;⚠ Concluído Fora do Prazo;–;
993;;ORVEL AUTOMOTOR HYD LTDA;TERMACO;BA;Teixeira de Freitas;;;11000;;;;01/12/2025;01/12/2025;27/11/2025;01/08/2032;;321923;04/12/2025;05/12/2025;;;;08/01/2026;;08/01/2026;NFD Lançada;;21/12/2025;⚠ Concluído Fora do Prazo;–;
994;;CAOA MOTOR DO BRASIL LTDA;TERMACO;BA;Lauro de Freitas;;;32023;;;;03/12/2025;03/12/2025;02/12/2025;11/08/2574;;322781;08/12/2025;05/12/2025;;;;23/12/2025;;23/12/2025;NFD Lançada;;23/12/2025;✔ Concluído;–;
995;;CAOA MOTOR DO BRASIL LTDA;TERMACO;BA;Lauro de Freitas;;;32290;;;;03/12/2025;03/12/2025;03/12/2025;02/05/2125;;327012;08/12/2025;05/12/2025;;;;;;;Coleta Efetuada;;23/12/2025;⚠ Fora do Prazo;225;🔴 Parado + 225 dias
996;;CAOA MOTOR DO BRASIL LTDA;TERMACO;BA;Lauro de Freitas;;;34398;;;;03/12/2025;03/12/2025;02/12/2025;24/12/2465;;324484;08/12/2025;;;;;;;;Coleta Agendada;;23/12/2025;⚠ Fora do Prazo;225;🔴 Parado + 225 dias
997;;CAOA MOTOR DO BRASIL LTDA;TERMACO;BA;Lauro de Freitas;;;35718;;;;03/12/2025;03/12/2025;02/12/2025;22/06/1982;;315441;08/12/2025;05/12/2025;;;;23/12/2025;;23/12/2025;NFD Lançada;;23/12/2025;✔ Concluído;–;
998;;GOLDEN MOTORS VEICULOS LTDA;MVT;SP;Vila Santa Maria;;;27699;;;;03/12/2025;03/12/2025;01/12/2025;10/09/1906;;323091;08/12/2025;04/12/2025;;;;;;;Coleta Efetuada;;23/12/2025;⚠ Fora do Prazo;225;🔴 Parado + 225 dias
999;;BDG AUTOVILLE VEICULOS LTDA;XD BETIM;MG;–;;;32432;;;;04/12/2025;04/12/2025;03/12/2025;10/02/2089;;322442;09/12/2025;05/12/2025;;15/02/2025;;17/02/2025;;17/02/2025;NFD Lançada;;24/12/2025;✔ Concluído;–;
1000;;BDG AUTOVILLE VEICULOS LTDA;XD BETIM;MG;CONTAGE;;;33066;;;;04/12/2025;04/12/2025;03/12/2025;09/02/2089;;322442;09/12/2025;05/12/2025;;15/02/2025;;17/02/2025;;17/02/2025;NFD Lançada;;24/12/2025;✔ Concluído;–;
1001;;CONCESSIONARIA NAGOYA MOTOS E VEICULOS LTDA;XD BETIM;MG;Ubá;;;34484;;;;05/12/2025;05/12/2025;03/12/2025;24/03/2035;;323089;10/12/2025;10/12/2025;;22/12/2025;;22/12/2026;;22/12/2026;NFD Lançada;;25/12/2025;⚠ Concluído Fora do Prazo;–;
1002;;CAOA MOTOR DO BRASIL LTDA;TERMACO;BA;Lauro de Freitas;;;13528;;;;10/12/2025;10/12/2025;09/12/2025;20/08/2388;;323086;15/12/2025;12/12/2025;;;;23/12/2025;;23/12/2025;NFD Lançada;;30/12/2025;✔ Concluído;–;
1003;;CAOA MOTOR DO BRASIL LTDA;TERMACO;BA;Lauro de Freitas;;;13531;;;;10/12/2025;10/12/2025;09/12/2025;21/08/2388;;323086;15/12/2025;12/12/2025;;;;23/12/2025;;23/12/2025;NFD Lançada;;30/12/2025;✔ Concluído;–;
1004;;CAOA MOTOR DO BRASIL LTDA;TERMACO;BA;Lauro de Freitas;;;13824;;;;10/12/2025;10/12/2025;10/12/2025;09/11/2388;;323085;15/12/2025;12/12/2025;;;;23/12/2025;;23/12/2025;NFD Lançada;;30/12/2025;✔ Concluído;–;
1005;;CAOA MOTOR DO BRASIL LTDA;TERMACO;BA;Lauro de Freitas;;;14081;;;;10/12/2025;10/12/2025;09/12/2025;18/08/2388;;323086;15/12/2025;12/12/2025;;;;23/12/2025;;23/12/2025;NFD Lançada;;30/12/2025;✔ Concluído;–;
1006;;CAOA MOTOR DO BRASIL LTDA;TERMACO;BA;Lauro de Freitas;;;14101;;;;10/12/2025;10/12/2025;09/12/2025;19/08/2388;;323086;15/12/2025;12/12/2025;;;;23/12/2025;;23/12/2025;NFD Lançada;;30/12/2025;✔ Concluído;–;
1007;;CAOA MOTOR DO BRASIL LTDA;TERMACO;BA;Lauro de Freitas;;;31531;;;;10/12/2025;10/12/2025;09/12/2025;22/08/2388;;323086;15/12/2025;12/12/2025;;;;23/12/2025;;23/12/2025;NFD Lançada;;30/12/2025;✔ Concluído;–;
1008;;CAOA MOTOR DO BRASIL LTDA;TERMACO;BA;Lauro de Freitas;;;31734;;;;10/12/2025;10/12/2025;08/12/2025;21/07/2206;;335061;15/12/2025;12/12/2025;;;;;;;Coleta Efetuada;;30/12/2025;⚠ Fora do Prazo;218;🔴 Parado + 218 dias
1009;;CAOA MOTOR DO BRASIL LTDA;TERMACO;BA;Lauro de Freitas;;;35473;;;;10/12/2025;10/12/2025;08/12/2025;27/01/2575;;323084;15/12/2025;12/12/2025;;;;23/12/2025;;23/12/2025;NFD Lançada;;30/12/2025;✔ Concluído;–;
1010;;CHS MOTORS VEICULOS PECAS E SERVICOS LTDA;XD-DIADEMA;SP;São Paulo;;;29328;;;;10/12/2025;10/12/2025;12/11/2025;25/05/2370;;335059;15/12/2025;12/12/2025;;;;;;;Coleta Efetuada;;30/12/2025;⚠ Fora do Prazo;218;🔴 Parado + 218 dias
1011;;PRIME CACHOEIRO VEICULOS LTDA;CAMILO;ES;Cachoeiro de Itapemirim;;;24755;;;;10/12/2025;10/12/2025;09/12/2025;06/03/2066;;322939;15/12/2025;12/12/2025;;;;19/01/2026;;19/01/2026;NFD Lançada;;30/12/2025;⚠ Concluído Fora do Prazo;–;
1012;;SEVEC VEICULOS LTDA;TRANSTRY;PR;Curitiba;;;18713;;;;10/12/2025;10/12/2025;09/12/2025;04/09/2862;;323077;15/12/2025;11/12/2025;;;;20/02/2026;;20/02/2026;NFD Lançada;;30/12/2025;⚠ Concluído Fora do Prazo;–;
1013;;SEVEC VEICULOS LTDA;TRANSTRY;PR;Curitiba;;;34238;;;;10/12/2025;10/12/2025;05/12/2025;13/12/2861;;323076;15/12/2025;10/12/2025;;;;20/02/2026;;20/02/2026;NFD Lançada;;30/12/2025;⚠ Concluído Fora do Prazo;–;
1014;;SEVEC VEICULOS LTDA;TRANSTRY;PR;Curitiba;;;35223;;;;10/12/2025;10/12/2025;05/12/2025;09/01/2862;;323078;15/12/2025;11/12/2025;;;;;;;Coleta Efetuada;;30/12/2025;⚠ Fora do Prazo;218;🔴 Parado + 218 dias
1015;;TAI MOTORS VEICULOS S/A;CAMILO;ES;Vitória;;;36947;;;;10/12/2025;10/12/2025;05/12/2025;24/12/2344;;347351;15/12/2025;;;;;01/07/2026;;01/07/2026;NFD Lançada;;30/12/2025;⚠ Concluído Fora do Prazo;–;
1016;;CAOA MOTOR DO BRASIL LTDA;TERMACO;BA;Lauro de Freitas;;;31491;;;;12/12/2025;12/12/2025;11/12/2025;18/05/2215;;341442;17/12/2025;;;;;;;;Coleta Agendada;;01/01/2026;⚠ Fora do Prazo;216;🔴 Parado + 216 dias
1017;;GALA COMERCIO DE VEICULOS LTDA;TRANSTRY;RS;Pelotas;;;19047;;;;12/12/2025;12/12/2025;11/12/2025;14/03/2188;;324156;17/12/2025;16/12/2025;;;;06/01/2026;;06/01/2026;NFD Lançada;;01/01/2026;⚠ Concluído Fora do Prazo;–;
1018;;CAOA MOTOR DO BRASIL LTDA;TERMACO;BA;Lauro de Freitas;;;37632;;;;17/12/2025;17/12/2025;08/12/2025;;;322590;22/12/2025;22/12/2025;;;;06/01/2026;;06/01/2026;NFD Lançada;;06/01/2026;✔ Concluído;–;
1019;;GRANDE COREIA COMERCIO DE VEICULOS LTDA;CARVALIMA;PA;Belém;;;13779;;;;19/12/2025;19/12/2025;15/12/2025;27/03/2112;;326287;24/12/2025;06/01/2026;;18/02/2026;;;;;Recebido XD Diadema;;08/01/2026;⚠ Fora do Prazo;153;🔴 Parado + 153 dias
1020;;BARI VEICULOS LTDA;TRANSTRY;PR;Guarapuava;;;38082;;;;23/12/2025;23/12/2025;22/12/2025;25/02/2279;;324051;26/12/2025;26/12/2025;;;;06/01/2026;;06/01/2026;NFD Lançada;;12/01/2026;✔ Concluído;–;
1021;;CAOA MOTOR DO BRASIL LTDA;TERMACO;BA;Lauro de Freitas;;;29309;;;;23/12/2025;23/12/2025;24/11/2025;01/04/2024;;336487;26/12/2025;;;;;13/04/2026;;13/04/2026;NFD Lançada;;12/01/2026;⚠ Concluído Fora do Prazo;–;
1022;;CAOA MOTOR DO BRASIL LTDA;TERMACO;BA;Lauro de Freitas;;;37859;;;;23/12/2025;23/12/2025;18/12/2025;27/03/2209;;327342;26/12/2025;19/01/2026;;;;12/03/2026;;12/03/2026;NFD Lançada;;12/01/2026;⚠ Concluído Fora do Prazo;–;
1023;;DESTAQUE SEUL DISTRIBUIDORA DE VEICULOS E PECA;XD-DIADEMA;SP;Bragança Paulista;;;37723;;;;23/12/2025;23/12/2025;18/12/2025;03/11/2159;;334341;26/12/2025;;;;;25/03/2026;;25/03/2026;NFD Lançada;;12/01/2026;⚠ Concluído Fora do Prazo;–;
1024;;SEVEC VEICULOS LTDA;TRANSTRY;PR;Curitiba;;;32206;;;;23/12/2025;23/12/2025;17/12/2025;23/02/2864;;324366;26/12/2025;28/12/2025;;;;21/01/2026;;21/01/2026;NFD Lançada;;12/01/2026;⚠ Concluído Fora do Prazo;–;
1025;;TRIAUTO KOREA AUTOMOVEIS LTDA;RIO VERMELHO;GO;Catalão;;;28632;;;;23/12/2025;23/12/2025;11/12/2025;29/06/1926;;338236;26/12/2025;24/01/2026;;;;29/05/2026;;29/05/2026;NFD Lançada;;12/01/2026;⚠ Concluído Fora do Prazo;–;
1026;;CAOA MOTOR DO BRASIL LTDA;TERMACO;BA;Lauro de Freitas;;;37807;;;;30/12/2025;30/12/2025;23/12/2025;09/06/1931;;300347;05/01/2026;19/01/2026;;;;12/03/2026;;12/03/2026;NFD Lançada;;19/01/2026;⚠ Concluído Fora do Prazo;–;
1027;;DESTAQUE SEUL DISTRIBUIDORA DE VEICULOS E PECA;XD-DIADEMA;SP;Bragança Paulista;;;38567;;;;30/12/2025;30/12/2025;29/12/2025;15/04/2158;;;05/01/2026;;;;;06/07/2026;;06/07/2026;NFD Lançada;;19/01/2026;⚠ Concluído Fora do Prazo;–;
1028;;DESTAQUE SEUL DISTRIBUIDORA DE VEICULOS E PECA;XD-DIADEMA;SP;Bragança Paulista;;;38639;;;;30/12/2025;30/12/2025;30/12/2025;08/06/2160;;334340;05/01/2026;;;;;27/03/2026;;27/03/2026;NFD Lançada;;19/01/2026;⚠ Concluído Fora do Prazo;–;
1029;;LEAUTO RIO HAN VEICULOS LTDA;CAMILO;RJ;Nova Iguaçu;;;36830;;;;30/12/2025;30/12/2025;22/12/2025;22/03/1936;;335380;05/01/2026;02/01/2026;;;;15/04/2026;;15/04/2026;NFD Lançada;;19/01/2026;⚠ Concluído Fora do Prazo;–;
1030;;LEAUTO RIO HAN VEICULOS LTDA;CAMILO;RJ;Nova Iguaçu;;;37303;;;;30/12/2025;30/12/2025;22/12/2025;23/03/1936;;335380;05/01/2026;02/01/2026;;;;15/04/2026;;15/04/2026;NFD Lançada;;19/01/2026;⚠ Concluído Fora do Prazo;–;
1031;000354-01;MASTER - BARREIRAS;TERMACO;BA;Barreiras;42579;10018310;38511;;Peça Avariada;RECEBEMOS MERCADORIA DESSE CONHECIMENTO COM UM VOLUME COM AVARIA. Amassado no meio da porta;05/01/2026;;;;;;;;;;;;;;Dt Reclamação;;25/01/2026;⚠ Fora do Prazo;197;🔴 Parado + 197 dias
1032;;SAGA SEUL COMERCIO DE VEICULOS PECAS E SERVICO;CARVALIMA;MT;VARZEA GRANDE;;;19809;;;;05/01/2026;05/01/2026;24/12/2025;22/02/2551;;326305;08/01/2026;06/01/2026;;10/02/2026;;;;;Recebido XD Diadema;;25/01/2026;⚠ Fora do Prazo;161;🔴 Parado + 161 dias
1033;000260-01;SMAFF - BRASÍLIA;RIO VERMELHO;DF;Brasília;41980;10017985;38045;;Peça Avariada;PEÇA CHEGOU DANIFICADA DENTRO DA EMBALAGEM, VOLUME SEM QUALQUER MARCA DE AMASSADO.;05/01/2026;20/02/2026;08/01/2026;18/03/2937;333358;333358;25/02/2026;02/03/2026;;;;02/04/2026;378835;02/04/2026;NFD Lançada;;25/01/2026;⚠ Concluído Fora do Prazo;–;
1034;000055-10;CAOA - IPIRANGA;XD-DIADEMA;SP;São Paulo;41089;10017274;37382;;Peça não compativel;Solicitamos uma peça para atender balcão e quando chegou cliente cancelou o pedido alegando que a peça estava errada ele tinha solicitado a bomba de óleo do cambio e ele queria a bomba  de oleo do motor ;06/01/2026;09/02/2026;04/02/2026;06/08/2579;335337;335337;12/02/2026;;;;;10/04/2026;248219;10/04/2026;NFD Lançada;;26/01/2026;⚠ Concluído Fora do Prazo;–;
1035;000055-10;CAOA - IPIRANGA;XD-DIADEMA;SP;São Paulo;41389;10017663;37756;;Cliente dessistiu devido a demora no faturamento ;Solicitei duas peças de acabamento e o cliente cancelou o pedido e não deu para cancelar ;06/01/2026;03/02/2026;30/01/2026;15/04/2579;335337;335337;06/02/2026;;;;;10/04/2026;248106;10/04/2026;NFD Lançada;;26/01/2026;⚠ Concluído Fora do Prazo;–;
1036;000055-10;CAOA - IPIRANGA;XD-DIADEMA;SP;São Paulo;41996;10017870;38170;;Peça fisica errada;Fiz uma encomenda de peça e veio trocada na embalagem , solicitei a peça 2431223202 e veio a 2431223002 ;06/01/2026;03/02/2026;30/01/2026;16/04/2579;335337;335337;06/02/2026;;;;;10/04/2026;248107;10/04/2026;NFD Lançada;;26/01/2026;⚠ Concluído Fora do Prazo;–;
1037;000027-03;CARHOUSE - SANTA MARIA;TRANSTRY;RS;Santa Maria;43028;10018586;38831;;Peça Avariada;Durante a conferência foi detectada uma avaria, caixa estava lacrada, quando aberta para conferência foi identificada avaria na peça 256003cad0.;06/01/2026;20/03/2026;06/01/2026;14/03/2143;341449;341449;25/03/2026;24/03/2026;;;;13/05/2026;88828;13/05/2026;NFD Lançada;;26/01/2026;⚠ Concluído Fora do Prazo;–;
1038;000111-01;DESTAQUE - BRAGANÇA PAULISTA;XD-DIADEMA;SP;Bragança Paulista;42959;10018541;38752;;Peça não compativel;Foi recebida a NF38752, no dia 23/12/25, a peça 2092042D00, porém quando o cliente veio retirar a peça no balcão, e trouxe a peça velha para comparar, verificamos que a peça estava errada dentro da embalagem,em contato com o Sr Caique Hyngruia , o mesmo verificando na montadora foi constatado que a peça estava errada mesmo, o codigo correto para o veiculo HR16V, seria esse 209204AU07, e não esse que recebemos.;06/01/2026;07/01/2026;06/01/2025;23/08/2158;;;12/01/2026;;;;;06/07/2026;;06/07/2026;NFD Lançada;;26/01/2026;⚠ Concluído Fora do Prazo;–;
1039;000109-02;ULSAN - CAMPO GRANDE;CARVALIMA;MS;Campo Grande;26441;10010183;20704;;Cliente dessistiu devido a demora no faturamento ;Cliente dessistiu devido a demora no faturamento ;06/01/2026;10/02/2026;09/02/2026;04/07/2391;329595;329595;13/02/2026;16/02/2026;;03/03/2026;;12/03/2026;179520;12/03/2026;NFD Lançada;;26/01/2026;⚠ Concluído Fora do Prazo;–;
1040;;BARI VEICULOS LTDA;TRANSTRY;PR;Guarapuava;;;37087;;;;07/01/2026;07/01/2026;09/12/2025;30/07/2277;;327021;12/01/2026;11/01/2026;;;;;;;Coleta Efetuada;;27/01/2026;⚠ Fora do Prazo;190;🔴 Parado + 190 dias
1041;;BDG AUTOVILLE VEICULOS LTDA DANFE;XD BETIM;MG;CONTAGEM;;;38155;;;;07/01/2026;07/01/2026;07/01/2026;16/08/2094;;326568;12/01/2026;08/01/2026;;;;12/03/2026;;12/03/2026;NFD Lançada;;27/01/2026;⚠ Concluído Fora do Prazo;–;
1042;000361-03;GRANDAY - CARRÃO (SERVICE);XD-DIADEMA;SP;São Paulo;40537;10017127;37953;;PN alternativo não atende;SOLICITAMOS A PECA 253104F800 ,POREM NOS MANDARM A PECA 253104F400 DIZENDO QUE ERA UM CODIGO ALTERNATIVO .;07/01/2026;07/01/2026;07/01/2026;22/09/2389;335335;335335;12/01/2026;;;;;;;;Coleta Agendada;;27/01/2026;⚠ Fora do Prazo;190;🔴 Parado + 190 dias
1043;000027-03;CARHOUSE - SANTA MARIA;TRANSTRY;RS;Santa Maria;43076;10018624;38934;;Peça Avariada;Durante a conferência foi detectada uma avaria, caixa estava lacrada, quando aberta para conferência foi identificada avaria na peça R-873712E500;09/01/2026;20/03/2026;09/01/2026;27/04/2143;341449;341449;25/03/2026;24/03/2026;;;;;88872;;Conferência;;29/01/2026;⚠ Fora do Prazo;118;🔴 Parado + 118 dias
1044;000111-02;DESTAQUE - ATIBAIA;XD-DIADEMA;SP;Atibaia;43269;10018765;39252;;Peça Avariada;Faturado NF 39252 código 921012E011 farol LE e veio riscado;09/01/2026;10/02/2026;26/01/2026;28/12/2162;335343;335343;13/02/2026;;;;;10/04/2026;96057;10/04/2026;NFD Lançada;;29/01/2026;⚠ Concluído Fora do Prazo;–;
1045;000111-02;DESTAQUE - ATIBAIA;XD-DIADEMA;SP;Atibaia;43507;10018943;39284;;Peça Avariada;Faturado NF 39284 código 921012E011 farol LE e veio riscado;09/01/2026;28/01/2026;26/01/2026;27/12/2162;331896;331896;02/02/2026;;;;;13/03/2026;96056;13/03/2026;NFD Lançada;;29/01/2026;⚠ Concluído Fora do Prazo;–;
1046;000097-01;GALA - PELOTAS;TRANSTRY;RS;Pelotas;41272;10017618;37523;;Peça não compativel; Recebemos na CC hoje pela manhã 19 unidades do filtro B319804F802,  sendo que as mesmas não foram solicitadas.;09/01/2026;12/01/2026;08/01/2026;28/11/2189;333363;333363;15/01/2026;09/03/2026;;;;13/05/2026;105889;13/05/2026;NFD Lançada;;29/01/2026;⚠ Concluído Fora do Prazo;–;
1047;000361-03;GRANDAY - CARRÃO (SERVICE);XD-DIADEMA;SP;São Paulo;25203;10009633;29159;;Peça não compativel;PECA MAIOR NÃO CABE NO VEICULO ;09/01/2026;14/01/2026;09/01/2026;05/01/2390;335335;335335;19/01/2026;;;;;;;;Coleta Agendada;;29/01/2026;⚠ Fora do Prazo;183;🔴 Parado + 183 dias
1048;000361-03;GRANDAY - CARRÃO (SERVICE);XD-DIADEMA;SP;São Paulo;34132;10013207;29310;;Peça não compativel;PECA MAIOR NÃO CABE NO VEICULO ;09/01/2026;14/01/2026;09/01/2026;07/01/2390;335335;335335;19/01/2026;;;;;;96057;;Conferência;;29/01/2026;⚠ Fora do Prazo;183;🔴 Parado + 183 dias
1049;000055-24;HYUNDAI CAOA - CRISTIANO MACHADO;XD BETIM;MG;BELO HORIZONTE;36002;10014174;31546;;Peça não compativel;;09/01/2026;12/01/2026;09/01/2026;26/08/2237;326567;326567;15/01/2026;20/01/2026;;;;12/03/2026;;12/03/2026;NFD Lançada;;29/01/2026;⚠ Concluído Fora do Prazo;–;
1050;000055-24;HYUNDAI CAOA - CRISTIANO MACHADO;XD BETIM;MG;BELO HORIZONTE;39011;10016070;34725;;Peça não compativel;;09/01/2026;12/01/2026;05/01/2026;17/03/2237;326567;326567;15/01/2026;20/01/2026;;;;12/03/2026;123164;12/03/2026;NFD Lançada;;29/01/2026;⚠ Concluído Fora do Prazo;–;
1051;000055-24;HYUNDAI CAOA - CRISTIANO MACHADO;XD BETIM;MG;BELO HORIZONTE;41505;10017735;37769;;Peça não compativel;PEÇA VEIO DIFERENTE DA PEÇA DO CATALOGO E DO VEICULO      ,  O CODIGO QUE ESTA NA PEÇA  NÃO CONDIZ COM O MESMO DA EMBALAGEM;09/01/2026;12/01/2026;05/01/2026;18/03/2237;326567;326567;15/01/2026;20/01/2026;;;;12/03/2026;123165;12/03/2026;NFD Lançada;;29/01/2026;⚠ Concluído Fora do Prazo;–;
1052;;BDG AUTOVILLE VEICULOS LTDA DANFE;XD BETIM;MG;CONTAGEM;;;36037;;;;12/01/2026;12/01/2026;08/01/2026;04/11/2094;;326569;15/01/2026;16/01/2026;;;;;;;Coleta Efetuada;;01/02/2026;⚠ Fora do Prazo;186;🔴 Parado + 186 dias
1053;000097-01;GALA - PELOTAS;TRANSTRY;RS;Pelotas;40623;10016210;36692;;Peça não compativel;Peça  similar não é compativel com o veiculo;12/01/2026;;;30/04/2006;;;;;;;;;;;Nº NFD;;01/02/2026;⚠ Fora do Prazo;190;🔴 Parado + 190 dias
1054;;GALA COMERCIO DE VEICULOS LTDA;TRANSTRY;RS;Pelotas;;;38837;;;;12/01/2026;12/01/2026;09/01/2026;26/12/2189;;327011;15/01/2026;15/01/2026;;;;25/03/2026;;25/03/2026;NFD Lançada;;01/02/2026;⚠ Concluído Fora do Prazo;–;
1055;000055-10;CAOA - IPIRANGA;XD-DIADEMA;SP;São Paulo;41130;10017424;37402;;Peça não compativel;Fiz um pedido de um radiador e veio trocado na embalagem, pedi a peça para o veiculo Tucson 2.0 e provavelmente veio do modelo 2.7 pois tem uma etiqueta no radiador com estas especificações ;13/01/2026;20/02/2026;13/02/2026;08/09/2580;335337;335337;25/02/2026;;;;;10/04/2026;248618;10/04/2026;NFD Lançada;;02/02/2026;⚠ Concluído Fora do Prazo;–;
1056;000055-32;HB CAOA - FORTALEZA;TERMACO;CE;Fortaleza;43458;10018904;39195;;Peça não compativel;876113xxxxx – LENTE DO RETROVISOR = 01 UNIDADE ( A REFERENCIA DA LENTE NA CAIXA ESTAR INCOMPLETA CONFORME A EMBALAGEM;13/01/2026;15/01/2026;14/01/2026;03/06/2247;;;20/01/2026;;;;;;;;Coleta Agendada;;02/02/2026;⚠ Fora do Prazo;182;🔴 Parado + 182 dias
1057;000269-01;NAGOYA - UBÁ;XD BETIM;MG;Ubá;41391;10017709;37601;;Pedido errado;Peça pedida utilizando numero errado.;13/01/2026;14/01/2026;12/01/2026;26/04/2036;326566;326566;19/01/2026;28/01/2026;;;;;49791;;Conferência;;02/02/2026;⚠ Fora do Prazo;174;🔴 Parado + 174 dias
1058;;ULSAN COMERCIO DE VEICULOS LTDA;CARVALIMA;RO;Vilhena;;;35327;;;;13/01/2026;13/01/2026;13/01/2026;21/08/2388;;323086;16/01/2026;13/01/2026;;;;;;;Coleta Efetuada;;02/02/2026;⚠ Fora do Prazo;186;🔴 Parado + 186 dias
1059;;ULSAN COMERCIO DE VEICULOS LTDA;CARVALIMA;RO;Vilhena;;;37357;;;;13/01/2026;13/01/2026;13/01/2026;22/08/2388;;323086;16/01/2026;13/01/2026;;;;;;;Coleta Efetuada;;02/02/2026;⚠ Fora do Prazo;186;🔴 Parado + 186 dias
1060;;ULSAN COMERCIO DE VEICULOS LTDA;CARVALIMA;RO;Vilhena;;;163548;;;;13/01/2026;13/01/2026;13/01/2026;19/08/2388;;323086;16/01/2026;13/01/2026;;;;;;;Coleta Efetuada;;02/02/2026;⚠ Fora do Prazo;186;🔴 Parado + 186 dias
1061;;ULSAN COMERCIO DE VEICULOS LTDA;CARVALIMA;RO;Vilhena;;;176982;;;;13/01/2026;13/01/2026;13/01/2026;18/08/2388;;323086;16/01/2026;13/01/2026;;;;;;;Coleta Efetuada;;02/02/2026;⚠ Fora do Prazo;186;🔴 Parado + 186 dias
1062;;ULSAN COMERCIO DE VEICULOS LTDA;CARVALIMA;RO;Vilhena;;;176983;;;;13/01/2026;13/01/2026;13/01/2026;20/08/2388;;323086;16/01/2026;13/01/2026;;;;;;;Coleta Efetuada;;02/02/2026;⚠ Fora do Prazo;186;🔴 Parado + 186 dias
1063;000111-02;DESTAQUE - ATIBAIA;XD-DIADEMA;SP;Atibaia;43674;10019081;39486;;Peça Avariada;código 924012S510 - Lanterna Tras LE chegou quebrada;14/01/2026;09/02/2026;05/02/2026;08/03/2164;335343;335343;12/02/2026;;;;;;96493;;Conferência;;03/02/2026;⚠ Fora do Prazo;159;🔴 Parado + 159 dias
1064;000335-01;MOTONET - SOROCABA OFICINA;XD-DIADEMA;SP;SOROCABA;43823;10019209;39563;;Peça Avariada;Porta avariada, com amassados;14/01/2026;20/01/2026;15/01/2026;22/10/2892;335333;335333;23/01/2026;;;;;29/05/2026;;29/05/2026;NFD Lançada;;03/02/2026;⚠ Concluído Fora do Prazo;–;
1065;000335-01;MOTONET - SOROCABA OFICINA;XD-DIADEMA;SP;SOROCABA;43823;10019209;39563;;Peça Avariada;vidro parabrisa trincado;14/01/2026;;15/01/2026;22/10/2892;335333;;23/01/2026;;;;;;;;Coleta Agendada;;03/02/2026;⚠ Fora do Prazo;179;🔴 Parado + 179 dias
1066;000373-02;SINAL - BARUERI;XD-DIADEMA;SP;Barueri;41662;10017808;37787;;Peça não compativel;O kit 2091042P01  é incompativel com o motor do veiculo para qual solicitamos ;14/01/2026;19/01/2026;14/01/2026;15/04/2617;326570;326570;22/01/2026;28/01/2026;;;;;261985;;Conferência;;03/02/2026;⚠ Fora do Prazo;174;🔴 Parado + 174 dias
1067;000373-02;SINAL - BARUERI;XD-DIADEMA;SP;Barueri;42520;10018260;38474;;Peça não compativel;Solicitamos o kit de junta completo e recebemos apenas a do cabeçote ;14/01/2026;19/01/2026;14/01/2026;13/04/2617;326570;326570;22/01/2026;28/01/2026;;;;;;;Coleta Efetuada;;03/02/2026;⚠ Fora do Prazo;174;🔴 Parado + 174 dias
1068;000373-02;SINAL - BARUERI;XD-DIADEMA;SP;Barueri;43108;10018636;38908;;Peça não compativel;O kit 2092042P01 é incompativel com o motor do veiculo para qual solicitamos ;14/01/2026;19/01/2026;14/01/2026;17/04/2617;326570;326570;22/01/2026;28/01/2026;;;;;;;Coleta Efetuada;;03/02/2026;⚠ Fora do Prazo;174;🔴 Parado + 174 dias
1069;000234-01;CYCOSA - MACEIÓ;TERMACO;AL;Maceió;43172;10018674;39125;;Pedido duplicado;NO Cte VEIO MAIS DE UMA PEÇA, SENDO ELAS A PEÇA QUE SOLICITAMOS E A DUPLICADA POR ESSE MOTIVO NÃO FIZEMOS A RESSALVA NO;15/01/2026;15/01/2026;13/01/2026;14/04/2587;327945;327945;20/01/2026;;;;;;;;Coleta Agendada;;04/02/2026;⚠ Fora do Prazo;182;🔴 Parado + 182 dias
1070;000007-03;GERAÇÃO - ILHA;TRANSTRY;SC;Florianópolis;36973;10014815;34401;;Dealer mudou de cidade;AUTORIZADO A DEVOLUÇÃO DO ITEM 96000NI000  CLIENTE MUDOU-SE PARA SÃO PAULO E FARÁ TROCA LÁ. Em tratativas com o Marcio Lisboa, ele nos orientou a solicitar a devolução. ;15/01/2026;19/01/2026;14/01/2026;11/11/1942;304220;304220;22/01/2026;;;;;24/06/2025;;24/06/2025;NFD Lançada;;04/02/2026;✔ Concluído;–;
1071;000007-03;GERAÇÃO - ILHA;TRANSTRY;SC;Florianópolis;37190;10015108;34490;;Dealer mudou de cidade;AUTORIZADO A DEVOLUÇÃO DO ITEM 96000NI000  CLIENTE MUDOU-SE PARA SÃO PAULO E FARÁ TROCA LÁ. Em tratativas com o Marcio Lisboa, ele nos orientou a solicitar a devolução. ;15/01/2026;19/01/2026;14/01/2026;13/11/1942;304002;304002;22/01/2026;EXTRAVIO;;EXTRAVIO;;EXTRAVIO;;EXTRAVIO;NFD Lançada;;04/02/2026;⚠ Concluído Fora do Prazo;–;
1072;000055-36;HYUNDAI CAOA - RAPOSO TAVARES OFICINA;XD-DIADEMA;SP;Sao Paulo;9302;10001906;32829;;Cliente dessistiu devido a demora no faturamento ;SOLICITO DEVOLUÇÃO DO ITEM PN 284164A610 RESFRIADOR DA VÁLVULA EGR / PEÇA ESTEVE EM B.O DURANTE 7 MESES, POR ESSE MOTIVO O CLIENTE DESISTIU DA COMPRA.;15/01/2026;28/01/2026;28/01/2026;01/10/1932;335339;335339;02/02/2026;03/04/2026;;03/04/2026;;10/04/2026;11963;10/04/2026;NFD Lançada;;04/02/2026;⚠ Concluído Fora do Prazo;–;
1073;000055-36;HYUNDAI CAOA - RAPOSO TAVARES OFICINA;XD-DIADEMA;SP;Sao Paulo;41814;10017882;37992;;Peça Avariada; SOLICITO DEVOLUÇÃO DO ITEM B253102S550 RADIADOR COM AVARIA NA PASSAGEM DE ÁGUA COMO MOSTRA AS FOTOS A BAIXO!;15/01/2026;30/01/2026;29/01/2026;29/10/1932;335339;335339;04/02/2026;03/04/2026;;03/04/2026;;10/04/2026;;10/04/2026;NFD Lançada;;04/02/2026;⚠ Concluído Fora do Prazo;–;
1074;000055-36;HYUNDAI CAOA - RAPOSO TAVARES OFICINA;XD-DIADEMA;SP;Sao Paulo;42913;10018386;38758;;Peça Avariada; SOLICITO DEVOLUÇÃO DO ITEM B253102S550 RADIADOR COM AVARIA NA PASSAGEM DE ÁGUA COMO MOSTRA AS FOTOS A BAIXO!;15/01/2026;03/02/2026;30/01/2026;20/11/1932;335339;335339;06/02/2026;03/04/2026;;03/04/2026;;10/04/2026;12013;10/04/2026;NFD Lançada;;04/02/2026;⚠ Concluído Fora do Prazo;–;
1075;000055-04;CAOA - SBC;XD-DIADEMA;SP;Sao Paulo;43573;10018999;39342;;Peça Avariada;CAIXA DANIFICADA CONFORME FOTOS ( PEÇA VEIO DANIFICADA DENTRO DA EMBALAGEM );16/01/2026;22/01/2026;21/01/2026;20/10/2508;335336;335336;27/01/2026;;;;;;222362;;Conferência;;05/02/2026;⚠ Fora do Prazo;175;🔴 Parado + 175 dias
1076;000311-01;GOLDEN MOTORS - DOURADOS;CARVALIMA;MS;Dourados;17526;10005403;13433;;Pedido cancelado;MERCADORIA FOI SOLICITADA O CANCELAMENTO PEDIDO N. 10000114, PEDIDO FOI CANCELADO E GERADO OUTRO PEDIDO E ENVIADO A PECA PARA A CONCESSIONARIA PEDIDO 10005403;16/01/2026;12/02/2026;11/02/2026;08/01/2248;329728;329728;20/02/2026;16/02/2026;;10/03/2026;16/06/2026;;;;Enviado Araçariguama;;05/02/2026;⚠ Fora do Prazo;35;🔴 Parado + 35 dias
1077;000311-02;GOLDEN MOTORS - TRÊS LAGOAS;CARVALIMA;MS;Três Lagoas;2039;962322;1795;;Enviado para dealer errado;MERCADORIA FOI SOLICITADA POR UNIDADE DA GOLDEN MOTORS DE TRES LAGOAS E FOI FATURADA E ENVIADA PARA GOLDEN MOTORS DE DOURADOS.;16/01/2026;;;126321/126366;;;;;;;;;;;Nº NFD;;05/02/2026;⚠ Fora do Prazo;186;🔴 Parado + 186 dias
1078;000055-36;HYUNDAI CAOA - RAPOSO TAVARES OFICINA;XD-DIADEMA;SP;Sao Paulo;7060;10001488;23908;;Peça não compativel; SOLICITO DEVOLUÇÃO DO ITEN PÉ DE COLUNA PN 712355K000 NA DESCRIÇÃO, PORÉM A PEÇA EM ESPECIE É UMA BARRA DE DIREÇÃO DA HR.  PEÇA VEIO ERRADO DA MONTADORA. NF 23908;16/01/2026;28/01/2026;27/01/2026;08/08/1932;301201;301201;02/02/2026;;;;;12/03/2026;;12/03/2026;NFD Lançada;;05/02/2026;⚠ Concluído Fora do Prazo;–;
1079;000055-36;HYUNDAI CAOA - RAPOSO TAVARES OFICINA;XD-DIADEMA;SP;Sao Paulo;17817;10005523;30169;;Pedido duplicado por Alex Agostinho; SOLICITO DEVOLUÇÃO DOS ITENS PN 712355K000 PÉ DE COLUNA DIANT 4 PEÇAS EM DUPLICIDADE NOTAS FISCAIS   30169 / 30170 / 30171 / 30880 PEDIDO FEITO POR ALEX AGOSTINHO;16/01/2026;29/01/2026;28/01/2026;27/09/1932;335339;335339;03/02/2026;03/04/2026;;03/04/2026;;10/04/2026;11959;10/04/2026;NFD Lançada;;05/02/2026;⚠ Concluído Fora do Prazo;–;
1080;000055-36;HYUNDAI CAOA - RAPOSO TAVARES OFICINA;XD-DIADEMA;SP;Sao Paulo;23696;10008768;30170;;Pedido duplicado por Alex Agostinho; SOLICITO DEVOLUÇÃO DOS ITENS PN 712355K000 PÉ DE COLUNA DIANT 4 PEÇAS EM DUPLICIDADE NOTAS FISCAIS   30169 / 30170 / 30171 / 30880 PEDIDO FEITO POR ALEX AGOSTINHO;16/01/2026;28/01/2026;28/01/2026;18/09/1932;335339;335339;02/02/2026;03/04/2026;;03/04/2026;;10/04/2026;11950;10/04/2026;NFD Lançada;;05/02/2026;⚠ Concluído Fora do Prazo;–;
1081;000055-36;HYUNDAI CAOA - RAPOSO TAVARES OFICINA;XD-DIADEMA;SP;Sao Paulo;21137;10007455;30171;;Pedido duplicado por Alex Agostinho; SOLICITO DEVOLUÇÃO DOS ITENS PN 712355K000 PÉ DE COLUNA DIANT 4 PEÇAS EM DUPLICIDADE NOTAS FISCAIS   30169 / 30170 / 30171 / 30880 PEDIDO FEITO POR ALEX AGOSTINHO;16/01/2026;28/01/2026;28/01/2026;17/09/1932;335339;335339;02/02/2026;03/04/2026;;03/04/2026;;10/04/2026;11949;10/04/2026;NFD Lançada;;05/02/2026;⚠ Concluído Fora do Prazo;–;
1082;000055-36;HYUNDAI CAOA - RAPOSO TAVARES OFICINA;XD-DIADEMA;SP;Sao Paulo;28324;962603;30487;;Pedido cancelado;SOLICITO DEVOLUÇÃO DO ITEM 495062BA20 KIT COIFA INT HOMOCINETICA DIAT LD;16/01/2026;;28/01/2026;20/09/1932;335339;;02/02/2026;03/04/2026;;03/04/2026;;;;;Recebido XD Diadema;;05/02/2026;⚠ Fora do Prazo;109;🔴 Parado + 109 dias
1083;000055-36;HYUNDAI CAOA - RAPOSO TAVARES OFICINA;XD-DIADEMA;SP;Sao Paulo;34526;10008412;30738;;Pedido duplicado por Alex Agostinho;SOLICITO DEVOLUÇÃO DO ITEN  PN 568805k000-BI TERMINAL DE DIREÇÃO ENVIADO EM DUPLICIDADE PELA MONTADORA 4 UNIDADES NF 30738  2 UNIDADES NF 33774 TOTAL DE 6 UNIDADES.;16/01/2026;;;;;;;;;;;;;;Dt Reclamação;;05/02/2026;⚠ Fora do Prazo;186;🔴 Parado + 186 dias
1084;000055-36;HYUNDAI CAOA - RAPOSO TAVARES OFICINA;XD-DIADEMA;SP;Sao Paulo;23718;10008868;30880;;Pedido duplicado por Alex Agostinho; SOLICITO DEVOLUÇÃO DOS ITENS PN 712355K000 PÉ DE COLUNA DIANT 4 PEÇAS EM DUPLICIDADE NOTAS FISCAIS   30169 / 30170 / 30171 / 30880 PEDIDO FEITO POR ALEX AGOSTINHO;16/01/2026;28/01/2026;28/01/2026;20/09/1932;335339;335339;02/02/2026;03/04/2026;;03/04/2026;;10/04/2026;;10/04/2026;NFD Lançada;;05/02/2026;⚠ Concluído Fora do Prazo;–;
1085;000055-36;HYUNDAI CAOA - RAPOSO TAVARES OFICINA;XD-DIADEMA;SP;Sao Paulo;23083;10008412;33774;;Pedido duplicado por Alex Agostinho;SOLICITO DEVOLUÇÃO DO ITEN  PN 568805k000-BI TERMINAL DE DIREÇÃO ENVIADO EM DUPLICIDADE PELA MONTADORA 4 UNIDADES NF 30738  2 UNIDADES NF 33774 TOTAL DE 6 UNIDADES.;16/01/2026;03/02/2026;02/02/2026;22/12/1932;335339;335339;06/02/2026;03/04/2026;;03/04/2026;;10/04/2026;12045;10/04/2026;NFD Lançada;;05/02/2026;⚠ Concluído Fora do Prazo;–;
1086;000372-01;SEVEC - CURITIBA;TRANSTRY;PR;CURITIBA;43976;10019312;39682;;Peça fisica errada;Na data de hoje (14/01/2026), durante o processo de conferência da Nota Fiscal nº 39682, foi constatada divergência entre os códigos das peças descritos na nota fiscal e os códigos das peças recebidas fisicamente, Conforme Nota Fiscal: 832102E000 - 872922E000 / Conforme material recebido (físico): 872912E000ZI - 832202E0000;16/01/2026;28/01/2026;26/01/2026;27/04/2870;337559;337559;02/02/2026;19/03/2026;;;;;354404;;Conferência;;05/02/2026;⚠ Fora do Prazo;124;🔴 Parado + 124 dias
1087;000309-02;CARWAY - PORTO ALEGRE (AZENHA);TRANSTRY;RS;PORTO ALEGRE;36659;10014559;31971;;Peça não compativel;Recebemos o teto para atender o cliente que estamos tentando achar a cor correta mas o enviado veio diferente a cor e sem a furação do teto.Autorizado por email a devolução em caso de divergencia. ;19/01/2026;19/01/2026;09/01/2026;20/04/2652;342336;342336;22/01/2026;24/03/2026;;;;13/04/2026;274774;13/04/2026;NFD Lançada;;08/02/2026;⚠ Concluído Fora do Prazo;–;
1088;000109-02;ULSAN - CAMPO GRANDE;CARVALIMA;MS;Campo Grande;17894;10005666;13414;;Pedido duplicado;PEÇA NÃO SOLICITADA , SOLICITAMOS A DEVOLUÇÃO DE TODAS AS PEÇAS POIS AS MESMAS NÃO TEM DEMANDA PARA NOSSA LOJA.;19/01/2026;;;;;;;;;;;;;;Dt Reclamação;;08/02/2026;⚠ Fora do Prazo;183;🔴 Parado + 183 dias
1089;000109-02;ULSAN - CAMPO GRANDE;CARVALIMA;MS;Campo Grande;17706;10005591;13662;;Pedido duplicado;PEÇA VEIO EM DUPLICIDADE;19/01/2026;22/01/2026;21/01/2026;23/07/2389;333858;333858;27/01/2026;23/01/2026;;;;12/03/2026;178809;12/03/2026;NFD Lançada;;08/02/2026;⚠ Concluído Fora do Prazo;–;
1090;000109-02;ULSAN - CAMPO GRANDE;CARVALIMA;MS;Campo Grande;17931;10000474;17107;;Cliente dessistiu devido a demora no faturamento ;Cliente desistiu da compra pela demora;19/01/2026;22/01/2026;21/01/2026;18/07/2389;333858;333858;27/01/2026;23/01/2026;;;;12/03/2026;178804;12/03/2026;NFD Lançada;;08/02/2026;⚠ Concluído Fora do Prazo;–;
1091;000109-02;ULSAN - CAMPO GRANDE;CARVALIMA;MS;Campo Grande;23137;10008545;18048;;Pedido duplicado;PEÇA NÃO SOLICITADA , SOLICITAMOS A DEVOLUÇÃO DE TODAS AS PEÇAS POIS AS MESMAS NÃO TEM DEMANDA PARA NOSSA LOJA;19/01/2026;;;;;;;;;;;;;;Dt Reclamação;;08/02/2026;⚠ Fora do Prazo;183;🔴 Parado + 183 dias
1092;000109-02;ULSAN - CAMPO GRANDE;CARVALIMA;MS;Campo Grande;21128;10007660;22056;;Pedido duplicado;PEDIDO 10000474 DUPLICADO SEGUNDO ANALISE DO AGOSTINHO.;19/01/2026;;;;;;;;;;;;;;Dt Reclamação;;08/02/2026;⚠ Fora do Prazo;183;🔴 Parado + 183 dias
1093;000109-02;ULSAN - CAMPO GRANDE;CARVALIMA;MS;Campo Grande;21079;10007658;22057;;Pedido duplicado;PEDIDO 10000474 DUPLICADO SEGUNDO ANALISE DO AGOSTINHO.;19/01/2026;22/01/2026;21/01/2026;22/07/2389;333858;333858;27/01/2026;23/01/2026;;;;12/03/2026;178808;12/03/2026;NFD Lançada;;08/02/2026;⚠ Concluído Fora do Prazo;–;
1094;000109-02;ULSAN - CAMPO GRANDE;CARVALIMA;MS;Campo Grande;29815;10000474;24196;;Cliente dessistiu devido a demora no faturamento ;Cliente desistiu da compra pela demora;19/01/2026;22/01/2026;21/01/2026;05/08/2389;333858;333858;27/01/2026;23/01/2026;;;;12/03/2026;178822;12/03/2026;NFD Lançada;;08/02/2026;⚠ Concluído Fora do Prazo;–;
1095;000109-02;ULSAN - CAMPO GRANDE;CARVALIMA;MS;Campo Grande;29816;963270;24197;;Pedido duplicado;PEÇA NÃO SOLICITADA , SOLICITAMOS A DEVOLUÇÃO DE TODAS AS PEÇAS POIS AS MESMAS NÃO TEM DEMANDA PARA NOSSA LOJA.;19/01/2026;22/01/2026;21/01/2026;29/07/2389;333858;333858;27/01/2026;23/01/2026;;;;12/03/2026;178815;12/03/2026;NFD Lançada;;08/02/2026;⚠ Concluído Fora do Prazo;–;
1096;000109-02;ULSAN - CAMPO GRANDE;CARVALIMA;MS;Campo Grande;35718;10000494;30967;;Pedido cancelado;PEDIDO 10000474 CANCELADO;19/01/2026;28/01/2026;21/01/2026;19/07/2389;326565;326565;02/02/2026;02/02/2026;;;;24/03/2026;178805;24/03/2026;NFD Lançada;;08/02/2026;⚠ Concluído Fora do Prazo;–;
1097;000109-02;ULSAN - CAMPO GRANDE;CARVALIMA;MS;Campo Grande;35717;10000494;31023;;Pedido duplicado;PEÇA NÃO SOLICITADA , SOLICITAMOS A DEVOLUÇÃO DE TODAS AS PEÇAS POIS AS MESMAS NÃO TEM DEMANDA PARA NOSSA LOJA.;19/01/2026;;;;;;;;;;;;;;Dt Reclamação;;08/02/2026;⚠ Fora do Prazo;183;🔴 Parado + 183 dias
1098;000335-01;MOTONET - SOROCABA OFICINA;XD-DIADEMA;SP;SOROCABA;44461;10019710;40089;;Peça Avariada;Porta avariada, com amassados;21/01/2026;22/01/2026;21/01/2026;31/05/2894;335333;335333;27/01/2026;;;;;;;;Coleta Agendada;;10/02/2026;⚠ Fora do Prazo;175;🔴 Parado + 175 dias
1099;000373-02;SINAL - BARUERI;XD-DIADEMA;SP;Barueri;44593;10019821;40155;;Peça Avariada;O capô chegou amassado.;21/01/2026;22/01/2026;21/01/2026;18/07/2618;335334;335334;27/01/2026;;;;;;262444;;Conferência;;10/02/2026;⚠ Fora do Prazo;175;🔴 Parado + 175 dias
1100;000109-02;ULSAN - CAMPO GRANDE;CARVALIMA;MS;Campo Grande;10062;10000494;6256;;Pedido cancelado;Pedido Cancelado;21/01/2026;28/01/2026;22/01/2026;06/10/2389;326565;326565;02/02/2026;02/02/2026;;;;24/03/2026;;24/03/2026;NFD Lançada;;10/02/2026;⚠ Concluído Fora do Prazo;–;
1101;000109-02;ULSAN - CAMPO GRANDE;CARVALIMA;MS;Campo Grande;11959;10001279;14777;;Pedido cancelado;Pedido cancelado;21/01/2026;28/01/2026;22/01/2026;20/10/2389;326565;326565;02/02/2026;02/02/2026;;;;24/03/2026;;24/03/2026;NFD Lançada;;10/02/2026;⚠ Concluído Fora do Prazo;–;
1102;000109-02;ULSAN - CAMPO GRANDE;CARVALIMA;MS;Campo Grande;18386;10005977;17081;;Pedido duplicado por Alex Agostinho;Pedido duplicado;21/01/2026;28/01/2026;22/01/2026;13/10/2389;326565;326565;02/02/2026;02/02/2026;;;;24/03/2026;178891;24/03/2026;NFD Lançada;;10/02/2026;⚠ Concluído Fora do Prazo;–;
1103;000109-02;ULSAN - CAMPO GRANDE;CARVALIMA;MS;Campo Grande;17790;10005524;17122;;pedido duplicado;Pedido duplicado;21/01/2026;;;;;;;;;;;;;;Dt Reclamação;;10/02/2026;⚠ Fora do Prazo;181;🔴 Parado + 181 dias
1104;000109-02;ULSAN - CAMPO GRANDE;CARVALIMA;MS;Campo Grande;19692;10000494;17189;;Pedido cancelado;Pedido Cancelado;21/01/2026;;;;;;;;;;;;;;Dt Reclamação;;10/02/2026;⚠ Fora do Prazo;181;🔴 Parado + 181 dias
1105;000109-02;ULSAN - CAMPO GRANDE;CARVALIMA;MS;Campo Grande;21132;10007593;19155;;Pedido duplicado por Alex Agostinho;Pedido duplicado;21/01/2026;28/01/2026;22/01/2026;22/10/2389;326565;326565;02/02/2026;02/02/2026;;;;24/03/2026;178900;24/03/2026;NFD Lançada;;10/02/2026;⚠ Concluído Fora do Prazo;–;
1106;000109-02;ULSAN - CAMPO GRANDE;CARVALIMA;MS;Campo Grande;23697;10008842;19174;;Pedido duplicado por Alex Agostinho;Pedido duplicado;21/01/2026;28/01/2026;22/01/2026;23/10/2389;326565;326565;02/02/2026;02/02/2026;;;;24/03/2026;178901;24/03/2026;NFD Lançada;;10/02/2026;⚠ Concluído Fora do Prazo;–;
1107;000109-02;ULSAN - CAMPO GRANDE;CARVALIMA;MS;Campo Grande;35716;10000474;30939;;Cliente dessistiu devido a demora no faturamento ;Cliente desistiu da compra pela demora;21/01/2026;10/02/2026;09/02/2026;03/02/2391;329595;329595;13/02/2026;16/02/2026;;03/03/2026;;12/03/2026;179369;12/03/2026;NFD Lançada;;10/02/2026;⚠ Concluído Fora do Prazo;–;
1108;000109-02;ULSAN - CAMPO GRANDE;CARVALIMA;MS;Campo Grande;35717;10000494;31023;;Cliente dessistiu devido a demora no faturamento ;Cliente desistiu da compra pela demora;21/01/2026;10/02/2026;05/02/2026;05/02/2391;328493;328493;13/02/2026;13/03/2026;;25/02/2026;;12/03/2026;;12/03/2026;NFD Lançada;;10/02/2026;⚠ Concluído Fora do Prazo;–;
1109;000055-33;CAOA – BARRA DA TIJUCA;CAMILO;RJ;Rio de Janeiro;43724;10019096;39450;;Pedido cancelado;Pedido Cancelado;22/01/2026;22/01/2026;20/01/2026;04/08/2129;327013;327013;27/01/2026;02/02/2026;;;;10/04/2026;83858;10/04/2026;NFD Lançada;;11/02/2026;⚠ Concluído Fora do Prazo;–;
1110;000109-02;ULSAN - CAMPO GRANDE;CARVALIMA;MS;Campo Grande;23031;10008455;21245;;Pedido duplicado por Alex Agostinho;Pedido duplicado por Alex Agostinho 10001279;22/01/2026;09/02/2026;05/02/2026;06/02/2391;329357;329357;12/02/2026;10/02/2026;;10/03/2026;;12/03/2026;179372;12/03/2026;NFD Lançada;;11/02/2026;⚠ Concluído Fora do Prazo;–;
1111;;VIA VR VEICULOS LTDA;CAMILO;RJ;Volta Redonda;;;39378;;;;22/01/2026;22/01/2026;20/01/2026;16/05/1962;;309653;27/01/2026;29/01/2026;;;;07/05/2026;;07/05/2026;NFD Lançada;;11/02/2026;⚠ Concluído Fora do Prazo;–;
1112;000055-33;CAOA – BARRA DA TIJUCA;CAMILO;RJ;Rio de Janeiro;43813;10019185;39598;;Peça avariada;Bom dia ao conferirmos os volumes dessa nota fiscal constatamos que uma das peças estava avariada=, segue abaixo imagens e ressalva.;23/01/2026;28/01/2026;26/01/2026;12/01/2130;331721;331721;02/02/2026;06/03/2026;;;;10/04/2026;84019;10/04/2026;NFD Lançada;;12/02/2026;⚠ Concluído Fora do Prazo;–;
1113;000109-02;ULSAN - CAMPO GRANDE;CARVALIMA;MS;Campo Grande;9537;960281;6269;;Pedido cancelado;Pedido Cancelado;23/01/2026;;;10/10/2389;;;;;;;;;;;Nº NFD;;12/02/2026;⚠ Fora do Prazo;179;🔴 Parado + 179 dias
1114;000109-02;ULSAN - CAMPO GRANDE;CARVALIMA;MS;Campo Grande;9534;963270;6319;;Pedido cancelado;Pedido Cancelado;23/01/2026;;;14/10/2389;;;;;;;;;;;Nº NFD;;12/02/2026;⚠ Fora do Prazo;179;🔴 Parado + 179 dias
1115;000109-02;ULSAN - CAMPO GRANDE;CARVALIMA;MS;Campo Grande;17936;960281;17125;;Peça não compativel ;Emitir a NF devolução, agendar a coleta do material para retornar ao CD.;23/01/2026;22/01/2026;21/01/2026;21/08/2389;326282;326282;27/01/2026;23/01/2026;;;;12/03/2026;178838;12/03/2026;NFD Lançada;;12/02/2026;⚠ Concluído Fora do Prazo;–;
1116;000109-02;ULSAN - CAMPO GRANDE;CARVALIMA;MS;Campo Grande;26441;10010183;20704;;Pedido cancelado;Pedido Cancelado;23/01/2026;;;24/10/2389;;;;;;;;;;;Nº NFD;;12/02/2026;⚠ Fora do Prazo;179;🔴 Parado + 179 dias
1117;000109-02;ULSAN - CAMPO GRANDE;CARVALIMA;MS;Campo Grande;35717;10000494;31023;;Cliente dessistiu devido a demora no faturamento ;Cliente desistiu da compra pela demora;23/01/2026;;05/02/2026;05/02/2391;328493;;13/02/2026;13/03/2026;;25/02/2026;;;;;Recebido XD Diadema;;12/02/2026;⚠ Fora do Prazo;130;🔴 Parado + 130 dias
1118;000055-32;HB CAOA - FORTALEZA;TERMACO;CE;Fortaleza;44372;10019608;39962;;Peça fisica errada;Pediu um pn e foi o similar mas não atende o pedido;26/01/2026;29/01/2026;29/01/2026;01/09/2248;328922;328922;03/02/2026;23/02/2026;;;;27/03/2026;127350;27/03/2026;NFD Lançada;;15/02/2026;⚠ Concluído Fora do Prazo;–;
1119;000109-02;ULSAN - CAMPO GRANDE;CARVALIMA;MS;Campo Grande;3114;10000494;529;;Cliente dessistiu devido a demora no faturamento ;Cliente desistiu da compra pela demora;26/01/2026;09/02/2026;05/02/2026;23/02/2391;329357;329357;12/02/2026;10/02/2026;;10/03/2026;;12/03/2026;179389;12/03/2026;NFD Lançada;;15/02/2026;⚠ Concluído Fora do Prazo;–;
1120;000109-02;ULSAN - CAMPO GRANDE;CARVALIMA;MS;Campo Grande;3096;10000474;703;;Cliente dessistiu devido a demora no faturamento ;Cliente desistiu da compra pela demora;26/01/2026;09/02/2026;05/02/2026;22/02/2391;329357;329357;12/02/2026;10/02/2026;;10/03/2026;;12/03/2026;179388;12/03/2026;NFD Lançada;;15/02/2026;⚠ Concluído Fora do Prazo;–;
1121;000109-02;ULSAN - CAMPO GRANDE;CARVALIMA;MS;Campo Grande;6811;10000494;2629;;Cliente dessistiu devido a demora no faturamento ;Cliente dessistiu devido a demora no faturamento ;26/01/2026;09/02/2026;05/02/2026;20/02/2391;329357;329357;12/02/2026;10/02/2026;;10/03/2026;;12/03/2026;179386;12/03/2026;NFD Lançada;;15/02/2026;⚠ Concluído Fora do Prazo;–;
1122;000109-02;ULSAN - CAMPO GRANDE;CARVALIMA;MS;Campo Grande;8409;960281;4781;;Cliente dessistiu devido a demora no faturamento ;Cliente dessistiu devido a demora no faturamento ;26/01/2026;09/02/2026;05/02/2026;29/01/2391;329357;329357;12/02/2026;10/02/2026;;10/03/2026;;12/03/2026;179364;12/03/2026;NFD Lançada;;15/02/2026;⚠ Concluído Fora do Prazo;–;
1123;000109-02;ULSAN - CAMPO GRANDE;CARVALIMA;MS;Campo Grande;8410;963270;5002;;Cliente dessistiu devido a demora no faturamento ;Cliente dessistiu devido a demora no faturamento ;26/01/2026;09/02/2026;05/02/2026;31/01/2391;329357;329357;12/02/2026;10/02/2026;;10/03/2026;;12/03/2026;179366;12/03/2026;NFD Lançada;;15/02/2026;⚠ Concluído Fora do Prazo;–;
1124;000109-02;ULSAN - CAMPO GRANDE;CARVALIMA;MS;Campo Grande;9542;10000494;5315;;Cliente dessistiu devido a demora no faturamento ;Cliente desistiu da compra pela demora;26/01/2026;09/02/2026;05/02/2026;19/02/2391;329357;329357;12/02/2026;10/02/2026;;10/03/2026;;12/03/2026;179385;12/03/2026;NFD Lançada;;15/02/2026;⚠ Concluído Fora do Prazo;–;
1125;000109-02;ULSAN - CAMPO GRANDE;CARVALIMA;MS;Campo Grande;9540;10000474;5582;;Cliente dessistiu devido a demora no faturamento ;Cliente desistiu da compra pela demora;26/01/2026;10/02/2026;09/02/2026;15/07/2391;329595;329595;13/02/2026;16/02/2026;;03/03/2026;;12/03/2026;179531;12/03/2026;NFD Lançada;;15/02/2026;⚠ Concluído Fora do Prazo;–;
1126;000109-02;ULSAN - CAMPO GRANDE;CARVALIMA;MS;Campo Grande;11267;10000494;8581;;Cliente dessistiu devido a demora no faturamento ;Cliente dessistiu devido a demora no faturamento ;26/01/2026;09/02/2026;05/02/2026;16/02/2391;329357;329357;12/02/2026;10/02/2026;;10/03/2026;;12/03/2026;179382;12/03/2026;NFD Lançada;;15/02/2026;⚠ Concluído Fora do Prazo;–;
1127;000109-02;ULSAN - CAMPO GRANDE;CARVALIMA;MS;Campo Grande;26441;10010183;20704;;Cliente dessistiu devido a demora no faturamento ;Cliente dessistiu devido a demora no faturamento ;26/01/2026;09/02/2026;05/02/2026;07/02/2391;329357;329357;12/02/2026;10/02/2026;;10/03/2026;;12/03/2026;179373;12/03/2026;NFD Lançada;;15/02/2026;⚠ Concluído Fora do Prazo;–;
1128;000109-02;ULSAN - CAMPO GRANDE;CARVALIMA;MS;Campo Grande;38032;10000494;35712;;Cliente dessistiu devido a demora no faturamento ;Cliente dessistiu devido a demora no faturamento ;26/01/2026;10/02/2026;05/02/2026;04/02/2391;323939;323939;13/02/2026;16/02/2026;;03/03/2026;;12/03/2026;179370;12/03/2026;NFD Lançada;;15/02/2026;⚠ Concluído Fora do Prazo;–;
1129;000027-03;CARHOUSE - SANTA MARIA;TRANSTRY;RS;Santa Maria;44763;10019929;40408;;Peça avariada;Durante a conferência foi detectada uma avaria, avaria na peça 86512b8000.;27/01/2026;03/02/2026;30/01/2026;14/04/2145;341443;341443;06/02/2026;24/03/2026;;;;;89590;;Conferência;;16/02/2026;⚠ Fora do Prazo;119;🔴 Parado + 119 dias
1130;000055-39;HMB CAOA - LAURO DE FREITAS;TERMACO;BA;Lauro de Freitas;28631;10010838;23070;;Cliente dessistiu devido a demora no faturamento ;Cliente desistiu da compra pela demora;27/01/2026;28/01/2026;27/01/2026;28/02/2218;326758;326758;02/02/2026;05/02/2026;;03/03/2026;;27/03/2026;116207;27/03/2026;NFD Lançada;;16/02/2026;⚠ Concluído Fora do Prazo;–;
1131;000109-02;ULSAN - CAMPO GRANDE;CARVALIMA;MS;Campo Grande;3114;10000494;529;;Cliente dessistiu devido a demora no faturamento ;Cliente dessistiu devido a demora no faturamento ;27/01/2026;;05/02/2026;23/02/2391;329357;;12/02/2026;10/02/2026;;10/03/2026;;;;;Recebido XD Diadema;;16/02/2026;⚠ Fora do Prazo;133;🔴 Parado + 133 dias
1132;000109-02;ULSAN - CAMPO GRANDE;CARVALIMA;MS;Campo Grande;4334;960226;1586;;Cliente dessistiu devido a demora no faturamento ;Cliente dessistiu devido a demora no faturamento ;27/01/2026;09/02/2026;05/02/2026;01/02/2391;329357;329357;12/02/2026;10/02/2026;;10/03/2026;;12/03/2026;179367;12/03/2026;NFD Lançada;;16/02/2026;⚠ Concluído Fora do Prazo;–;
1133;000109-02;ULSAN - CAMPO GRANDE;CARVALIMA;MS;Campo Grande;13560;10003233;12142;;Cliente dessistiu devido a demora no faturamento ;Cliente desistiu da compra pela demora;27/01/2026;09/02/2026;05/02/2026;15/02/2391;329357;329357;12/02/2026;10/02/2026;;10/03/2026;;12/03/2026;179381;12/03/2026;NFD Lançada;;16/02/2026;⚠ Concluído Fora do Prazo;–;
1134;000109-02;ULSAN - CAMPO GRANDE;CARVALIMA;MS;Campo Grande;14969;963270;13326;;Cliente dessistiu devido a demora no faturamento ;Cliente dessistiu devido a demora no faturamento ;27/01/2026;09/02/2026;05/02/2026;12/02/2391;329357;329357;12/02/2026;10/02/2026;;10/03/2026;;12/03/2026;179378;12/03/2026;NFD Lançada;;16/02/2026;⚠ Concluído Fora do Prazo;–;
1135;000109-02;ULSAN - CAMPO GRANDE;CARVALIMA;MS;Campo Grande;26470;10010186;20668;;Cliente dessistiu devido a demora no faturamento ;Cliente dessistiu devido a demora no faturamento ;27/01/2026;09/02/2026;05/02/2026;09/02/2391;329357;329357;12/02/2026;10/02/2026;;10/03/2026;;12/03/2026;179375;12/03/2026;NFD Lançada;;16/02/2026;⚠ Concluído Fora do Prazo;–;
1136;000109-02;ULSAN - CAMPO GRANDE;CARVALIMA;MS;Campo Grande;26441;10010183;20704;;Cliente dessistiu devido a demora no faturamento ;Cliente dessistiu devido a demora no faturamento ;27/01/2026;10/02/2026;09/02/2026;28/06/2391;329595;329595;13/02/2026;16/02/2026;;03/03/2026;;12/03/2026;179514;12/03/2026;NFD Lançada;;16/02/2026;⚠ Concluído Fora do Prazo;–;
1137;000109-02;ULSAN - CAMPO GRANDE;CARVALIMA;MS;Campo Grande;32871;10007634;37285;;Pedido duplicado por Alex Agostinho;Pedido duplicado por Alex Agostinho;27/01/2026;10/02/2026;09/02/2026;02/02/2391;329595;329595;13/02/2026;16/02/2026;;03/03/2026;;12/03/2026;179368;12/03/2026;NFD Lançada;;16/02/2026;⚠ Concluído Fora do Prazo;–;
1138;000276-04;ANDRETA - CAMPINAS;XD-DIADEMA;SP;Campinas;42319;10018173;38355;;Peça não compativel;Peça não compativel ;28/01/2026;28/01/2026;27/01/2026;16/02/2601;333115;333115;02/02/2026;02/02/2026;;;;25/03/2026;;25/03/2026;NFD Lançada;;17/02/2026;⚠ Concluído Fora do Prazo;–;
1139;;GOLDEN MOTORS VEICULOS LTDA;MVT;SP;Vila Santa Maria;;;1795;;;;28/01/2026;28/01/2026;22/01/2026;22/12/2245;;;02/02/2026;19/11/2026;;21/11/2026;;16/02/2026;;16/02/2026;NFD Lançada;;17/02/2026;✔ Concluído;–;
1140;;GOLDEN MOTORS VEICULOS LTDA;MVT;SP;Vila Santa Maria;;;530169;;;;28/01/2026;28/01/2026;27/01/2026;10/05/1909;;294285;02/02/2026;;;;;;;;Coleta Agendada;;17/02/2026;⚠ Fora do Prazo;169;🔴 Parado + 169 dias
1141;000109-02;ULSAN - CAMPO GRANDE;CARVALIMA;MS;Campo Grande;6406;960281;1879;;Cliente dessistiu devido a demora no faturamento ;Cliente dessistiu devido a demora no faturamento ;28/01/2026;09/02/2026;05/02/2026;21/02/2391;329357;329357;12/02/2026;10/02/2026;;10/03/2026;;12/03/2026;179387;12/03/2026;NFD Lançada;;17/02/2026;⚠ Concluído Fora do Prazo;–;
1142;000109-02;ULSAN - CAMPO GRANDE;CARVALIMA;MS;Campo Grande;6696;960281;5640;;Cliente dessistiu devido a demora no faturamento ;Cliente dessistiu devido a demora no faturamento ;28/01/2026;09/02/2026;05/02/2026;18/02/2391;329357;329357;12/02/2026;10/02/2026;;10/03/2026;;12/03/2026;179384;12/03/2026;NFD Lançada;;17/02/2026;⚠ Concluído Fora do Prazo;–;
1143;000109-02;ULSAN - CAMPO GRANDE;CARVALIMA;MS;Campo Grande;26441;10010183;20704;;Cliente dessistiu devido a demora no faturamento ;Cliente desistiu da compra pela demora;28/01/2026;;05/02/2026;07/02/2391;329357;;12/02/2026;10/02/2026;;10/03/2026;;;179373;;Conferência;;17/02/2026;⚠ Fora do Prazo;133;🔴 Parado + 133 dias
1144;000109-02;ULSAN - CAMPO GRANDE;CARVALIMA;MS;Campo Grande;26441;10010183;20704;;Cliente dessistiu devido a demora no faturamento ;Cliente dessistiu devido a demora no faturamento ;28/01/2026;;05/02/2026;07/02/2391;329357;;12/02/2026;10/02/2026;;10/03/2026;;;179373;;Conferência;;17/02/2026;⚠ Fora do Prazo;133;🔴 Parado + 133 dias
1145;000109-02;ULSAN - CAMPO GRANDE;CARVALIMA;MS;Campo Grande;30841;10010183;27488;;Cliente dessistiu devido a demora no faturamento ;Cliente desistiu da compra pela demora;28/01/2026;28/01/2026;22/01/2026;16/10/2389;326837;326837;02/02/2026;06/02/2026;;;;;178894;;Conferência;;17/02/2026;⚠ Fora do Prazo;165;🔴 Parado + 165 dias
1146;;ULSAN COMERCIO DE VEICULOS LTDA;CARVALIMA;RO;Vilhena;;;31023;;;;28/01/2026;28/01/2026;21/01/2026;09/08/2389;;326565;02/02/2026;02/02/2026;;;;24/03/2026;;24/03/2026;NFD Lançada;;17/02/2026;⚠ Concluído Fora do Prazo;–;
1147;000055-32;HB CAOA - FORTALEZA;TERMACO;CE;Fortaleza;44596;10019784;40228;;Peça fisica errada;OBS: O VOLUME VEIO LACRADO. (COM O ITEM TROCADO DENTRO DA EMBALAGEM ;29/01/2026;30/01/2026;29/01/2026;01/10/2248;330044;330044;04/02/2026;;;;;;;;Coleta Agendada;;18/02/2026;⚠ Fora do Prazo;167;🔴 Parado + 167 dias
1148;000055-36;HYUNDAI CAOA - RAPOSO TAVARES OFICINA;XD-DIADEMA;SP;Sao Paulo;18499;10006136;21207;;Pedido duplicado;Pedido criado por Alex em substituição ao pedido 10000436;29/01/2026;03/02/2026;02/02/2026;23/12/1932;335339;335339;06/02/2026;03/04/2026;;03/04/2026;;10/04/2026;12046;10/04/2026;NFD Lançada;;18/02/2026;⚠ Concluído Fora do Prazo;–;
1149;000055-36;HYUNDAI CAOA - RAPOSO TAVARES OFICINA;XD-DIADEMA;SP;Sao Paulo;19930;10005123;21553;;Pedido duplicado;Pedido criado por Alex em substituição ao pedido 10000436;29/01/2026;03/02/2026;02/02/2026;24/12/1932;300866;300866;06/02/2026;;;;;;12047;;Conferência;;18/02/2026;⚠ Fora do Prazo;165;🔴 Parado + 165 dias
1150;000327-01;OPEN - CASCAVEL;TRANSTRY;PR;Cascavel;42984;10018529;38807;;Peça avariada;CAPO CHEGOU DESCOLADO OS REFORÇOS INTERNOS;29/01/2026;03/02/2026;30/01/2026;11/07/2231;;;06/02/2026;;;;;;;;Coleta Agendada;;18/02/2026;⚠ Fora do Prazo;165;🔴 Parado + 165 dias
1151;;GOLDEN MOTORS VEICULOS LTDA;MVT;SP;Vila Santa Maria;;;13433;;;;30/01/2026;30/01/2026;28/01/2026;05/11/2246;;333362;04/02/2026;06/03/2026;;;;;;;Coleta Efetuada;;19/02/2026;⚠ Fora do Prazo;137;🔴 Parado + 137 dias
1152;000055-36;HYUNDAI CAOA - RAPOSO TAVARES OFICINA;XD-DIADEMA;SP;Sao Paulo;33968;10007666;30330;;Pedido duplicado;Pedido duplicado por Alex similar;02/02/2026;;;;;;;;;;;;;;Dt Reclamação;;22/02/2026;⚠ Fora do Prazo;169;🔴 Parado + 169 dias
1153;000055-36;HYUNDAI CAOA - RAPOSO TAVARES OFICINA;XD-DIADEMA;SP;Sao Paulo;31310;10004498;30438;;Pedido cancelado;JÁ TINHA FEITO O CANCELAMENTO DO PEDIDO;02/02/2026;03/02/2026;02/02/2026;25/12/1932;335339;335339;06/02/2026;03/04/2026;;03/04/2026;;10/04/2026;12048;10/04/2026;NFD Lançada;;22/02/2026;⚠ Concluído Fora do Prazo;–;
1154;000241-01;NOBRE - MOGI DAS CRUZES - OFICINA;XD-DIADEMA;SP;MOGI DAS CRUZES;44237;10019542;39926;;Peça não compativel;Peça não compativel ;02/02/2026;03/02/2026;02/02/2026;09/02/2572;335331;335331;06/02/2026;;;;30/04/2026;;245484;;Conferência;;22/02/2026;⚠ Fora do Prazo;82;🔴 Parado + 82 dias
1155;000315-04;PATEO - SALVADOR;TERMACO;BA;Salvador;1982;962260;350;;Pedido não solicitado;FOI ENTREGUE EM MANAUS PEDIDO DE SALVADOR;02/02/2026;09/02/2026;05/02/2026;21/06/2172;328547;328547;12/02/2026;09/02/2026;;;;;;;Coleta Efetuada;;22/02/2026;⚠ Fora do Prazo;159;🔴 Parado + 159 dias
1156;000315-04;PATEO - SALVADOR;TERMACO;BA;Salvador;40;960216;461;;Pedido não solicitado;FOI ENTREGUE EM MANAUS PEDIDO DE SALVADOR;02/02/2026;09/02/2026;05/02/2026;24/06/2172;328547;328547;12/02/2026;09/02/2026;;;;;;;Coleta Efetuada;;22/02/2026;⚠ Fora do Prazo;159;🔴 Parado + 159 dias
1157;000315-04;PATEO - SALVADOR;TERMACO;BA;Salvador;767;960956;764;;Pedido não solicitado;FOI ENTREGUE EM MANAUS PEDIDO DE SALVADOR;02/02/2026;;;;;;;;;;;;;;Dt Reclamação;;22/02/2026;⚠ Fora do Prazo;169;🔴 Parado + 169 dias
1158;000315-04;PATEO - SALVADOR;TERMACO;BA;Salvador;3369;960216;3852;;Pedido não solicitado;FOI ENTREGUE EM MANAUS PEDIDO DE SALVADOR;02/02/2026;20/02/2026;07/02/2026;26/04/2866;329363;329363;25/02/2026;26/02/2026;;3/18/2026;;25/03/2026;352942;25/03/2026;NFD Lançada;;22/02/2026;⚠ Concluído Fora do Prazo;–;
1159;000315-04;PATEO - SALVADOR;TERMACO;BA;Salvador;8217;960216;7996;;Pedido não solicitado;FOI ENTREGUE EM MANAUS PEDIDO DE SALVADOR;02/02/2026;;;23/04/2866;;;;;;;;;;;Nº NFD;;22/02/2026;⚠ Fora do Prazo;169;🔴 Parado + 169 dias
1160;000315-04;PATEO - SALVADOR;TERMACO;BA;Salvador;19250;10006683;15138;;Pedido cancelado;JÁ TINHA FEITO O CANCELAMENTO DO PEDIDO;02/02/2026;20/02/2026;13/02/2026;25/11/2867;329363;329363;25/02/2026;26/02/2026;;3/18/2026;;25/03/2026;353520;25/03/2026;NFD Lançada;;22/02/2026;⚠ Concluído Fora do Prazo;–;
1161;000315-04;PATEO - SALVADOR;TERMACO;BA;Salvador;11958;960216;26902;;Pedido não solicitado;FOI ENTREGUE EM MANAUS PEDIDO DE SALVADOR;02/02/2026;;;;;;;;;;;;;;Dt Reclamação;;22/02/2026;⚠ Fora do Prazo;169;🔴 Parado + 169 dias
1162;000315-02;PATEO - SÃO LUIS (CALHAU);TERMACO;MA;São Luís;101;960285;1487;;Pedido não solicitado;FOI ENTREGUE EM MANAUS PEDIDO DE CALHAU;02/02/2026;;;12047/99519;;;;;;;;;;;Nº NFD;;22/02/2026;⚠ Fora do Prazo;169;🔴 Parado + 169 dias
1163;000315-02;PATEO - SÃO LUIS (CALHAU);TERMACO;MA;São Luís;2478;962781;1621;;Pedido não solicitado;FOI ENTREGUE EM MANAUS PEDIDO DE CALHAU;02/02/2026;09/02/2026;05/02/2026;22/06/2172;328547;328547;12/02/2026;09/02/2026;;;;;;;Coleta Efetuada;;22/02/2026;⚠ Fora do Prazo;159;🔴 Parado + 159 dias
1164;000315-09;PATEO - SÃO LUIS II (BEQUIMÃO);TERMACO;MA;São Luís;4763;962783;2055;;Pedido não solicitado;FOI ENTREGUE EM MANAUS PEDIDO DE BEQUIMÃO;02/02/2026;09/02/2026;05/02/2026;23/06/2172;328547;328547;12/02/2026;09/02/2026;;;;;;;Coleta Efetuada;;22/02/2026;⚠ Fora do Prazo;159;🔴 Parado + 159 dias
1165;;DESTAQUE SEUL DISTRIBUIDORA DE VEICULOS;XD-DIADEMA;SP;Bragança Paulista;;;18703;;;;03/02/2026;03/02/2026;05/08/2025;09/04/2147;;;06/02/2026;;;;;;;;Coleta Agendada;;23/02/2026;⚠ Fora do Prazo;165;🔴 Parado + 165 dias
1166;;DESTAQUE SEUL DISTRIBUIDORA DE VEICULOS;XD-DIADEMA;SP;Bragança Paulista;;;21066;;;;03/02/2026;03/02/2026;05/08/2025;10/04/2147;;;06/02/2026;;;;;06/07/2026;;06/07/2026;NFD Lançada;;23/02/2026;⚠ Concluído Fora do Prazo;–;
1167;000055-42;HMB - IMARÉS;XD-DIADEMA;SP;Sao Paulo;44088;10019338;39754;;Peça fisica errada;PEÇA VEIO TROCADA DENTRO DA CAIXA NÃO CONDIS COM A REFERENCIA;03/02/2026;09/02/2026;04/02/2026;08/01/1988;335338;335338;12/02/2026;;;;;10/04/2026;32150;10/04/2026;NFD Lançada;;23/02/2026;⚠ Concluído Fora do Prazo;–;
1168;000354-01;MASTER - BARREIRAS;TERMACO;BA;Barreiras;44922;10020045;40481;;Peça Avariada;RECEBEMOS MERCADORIA DESSE CONHECIMENTO 325911 UM VOLUME COM AVARIA, AMASSADO NO MEIO DA PORTA;03/02/2026;09/02/2026;04/02/2026;25/08/2018;330203;330203;12/02/2026;;;;;;;;Coleta Agendada;;23/02/2026;⚠ Fora do Prazo;159;🔴 Parado + 159 dias
1169;000241-01;NOBRE - MOGI DAS CRUZES - OFICINA;TRANSTRY;PR;CURITIBA;44652;10019851;40226;;Peça não compativel;PEÇA SOLICITADA COM ESSE PN POR ORIENTAÇÃO DE NOSSO REGIONAL, PORÉM PEÇA NÃO COMPATIVEL COM MODELO DO VEICULO QUE ESTÁ PARA REPARO ;03/02/2026;09/02/2026;04/02/2026;13/03/2572;335331;335331;12/02/2026;;;;;;245517;;Conferência;;23/02/2026;⚠ Fora do Prazo;159;🔴 Parado + 159 dias
1170;000315-07;PATEO - JOÃO PESSOA;TERMACO;PB;João Pessoa;38748;10015984;34707;;Peça não compativel;Após veículo entrar em serviço foi constatado que a peça de referência: 865304F500 está diferente da peça solicitada para o veículo do cliente.;03/02/2026;09/02/2026;06/02/2026;10/10/2145;;;12/02/2026;;;;;;;;Coleta Agendada;;23/02/2026;⚠ Fora do Prazo;159;🔴 Parado + 159 dias
1171;000352-02;AUTOVILLE - CONTAGEM;XD BETIM;MG;Contagem;44841;10019985;40342;;Peça Avariada;devido aos arranhões da peça 877123V000 e por ser cromada, teremos que realizar a devolução. Segue em anexo a nota fiscal 72831. Lembrando que recebemos este item, portanto será necessário agendar coleta. ;04/02/2026;04/02/2026;28/01/2026;26/05/2099;328172;328172;09/02/2026;05/02/2026;;;;;72831;;Conferência;;24/02/2026;⚠ Fora do Prazo;162;🔴 Parado + 162 dias
1172;000055-33;CAOA – BARRA DA TIJUCA;CAMILO;RJ;Rio de Janeiro;45466;10020419;41024;;Peça não compativel;Bom dia ao conferirmos os volumes dessa nota fiscal constatamos que uma das peças estava avariada, segue abaixo imagens e ressalva.Vale ressaltar que dentro da caixa também vieram duas peças de ferro como demonstro na foto e provavelmente foram elas as causadoras dessa avaria.;05/02/2026;02/03/2026;11/02/2026;01/12/2131;332120;332120;05/03/2026;06/03/2026;;24/03/2026;;10/04/2026;84707;10/04/2026;NFD Lançada;;25/02/2026;⚠ Concluído Fora do Prazo;–;
1173;000027-04;CARHOUSE - PORTO ALEGRE;TRANSTRY;RS;Porto Alegre;17262;10005204;13103;;Pedido duplicado por Alex Agostinho;Item 28650D3470 fornecido aos pedidos abaixo substituindo 3 vezes o mesmo pedido antigo, solicito autorização para devolver os dois duplicados 10005245 e 100007273.;05/02/2026;06/03/2026;02/06/2026;09/12/2447;333361;333361;11/03/2026;12/03/2026;;;;;200132;;Conferência;;25/02/2026;⚠ Fora do Prazo;49;🔴 Parado + 49 dias
1174;000027-04;CARHOUSE - PORTO ALEGRE;TRANSTRY;RS;Porto Alegre;17327;10005245;13151;;Pedido duplicado por Alex Agostinho;Item 28650D3470 fornecido aos pedidos abaixo substituindo 3 vezes o mesmo pedido antigo, solicito autorização para devolver os dois duplicados 10005245 e 100007273.;05/02/2026;;;;;;;;;;;;;;Dt Reclamação;;25/02/2026;⚠ Fora do Prazo;166;🔴 Parado + 166 dias
1175;000027-04;CARHOUSE - PORTO ALEGRE;TRANSTRY;RS;Porto Alegre;20567;10007273;16058;;Pedido duplicado por Alex Agostinho;Item 28650D3470 fornecido aos pedidos abaixo substituindo 3 vezes o mesmo pedido antigo, solicito autorização para devolver os dois duplicados 10005245 e 100007273.;05/02/2026;06/03/2026;02/06/2026;10/12/2447;333361;333361;11/03/2026;12/03/2026;;;;;200133;;Conferência;;25/02/2026;⚠ Fora do Prazo;49;🔴 Parado + 49 dias
1176;000055-24;HYUNDAI CAOA - CRISTIANO MACHADO;XD BETIM;MG;BELO HORIZONTE;31770;10007541;35593;;Pedido duplicado;SOLICITAMOS A DEVOLUÇÃO DOS ITENS ABAIXO , OS MESMO VIERAM DUPLICADOS  APOS UM GRANDE PERIODO EM B.O  .;05/02/2026;20/02/2026;12/02/2026;16/01/2240;329831;329831;25/02/2026;25/02/2026;;;;27/03/2026;124199;27/03/2026;NFD Lançada;;25/02/2026;⚠ Concluído Fora do Prazo;–;
1177;000055-24;HYUNDAI CAOA - CRISTIANO MACHADO;XD BETIM;MG;BELO HORIZONTE;35360;10005657;35601;;Pedido duplicado;SOLICITAMOS A DEVOLUÇÃO DOS ITENS ABAIXO , OS MESMO VIERAM DUPLICADOS  APOS UM GRANDE PERIODO EM B.O  .;05/02/2026;20/02/2026;12/02/2026;17/01/2240;329831;329831;25/02/2026;25/02/2026;;;;27/03/2026;124200;27/03/2026;NFD Lançada;;25/02/2026;⚠ Concluído Fora do Prazo;–;
1178;000327-01;OPEN - CASCAVEL;TRANSTRY;PR;Cascavel;45642;10020369;41167;;Peça fisica errada;Recebimento da nota fiscal 41167 com a peça trocada dentro da embalagem, na nota fiscal esta uma caixa de direção PN  565002S010 e a peça fisica chegou uma   barra estabilizadora PN 555103W000-SJ.;05/02/2026;09/02/2026;05/02/2026;17/04/2232;339493;339493;12/02/2026;27/03/2026;;;;13/05/2026;121369;13/05/2026;NFD Lançada;;25/02/2026;⚠ Concluído Fora do Prazo;–;
1179;000278-02;PRIME - LINHARES OFICINA;CAMILO;ES;Linhares;42212;10018164;39403;;Peça não compativel;NÃO TEM RESSALVA, A PEÇA NÃO SERVIU PRO CARRO DA CLIENTE CONFORME FOI DESCRITO NO CORPO DO EMAIL.;05/02/2026;20/02/2026;05/02/2026;06/07/2068;332127;332127;25/02/2026;10/03/2026;;;;10/04/2026;61550;10/04/2026;NFD Lançada;;25/02/2026;⚠ Concluído Fora do Prazo;–;
1180;000251-09;BARIGUI - JARAGUÁ DO SUL;TRANSTRY;SC;Jaraguá do Sul;45653;10020575;41307;;Peça fisica errada;Foi solicitado um parachoque dianteiro código 865112S00 mas dentro da embalagem esta um parachoque traseiro do código 866122S000;06/02/2026;09/02/2026;06/02/2026;14/03/1911;333357;333357;12/02/2026;11/03/2026;;;;;4091;;Conferência;;26/02/2026;⚠ Fora do Prazo;132;🔴 Parado + 132 dias
1181;000327-01;OPEN - CASCAVEL;TRANSTRY;PR;Cascavel;45543;10019439;41115;;Peça avariada;Recebemos a nota fiscal 41115 com o item 8681113V500 faltando a metade da peça, dentro do volume.;06/02/2026;09/02/2026;06/02/2026;17/05/2232;337563;337563;12/02/2026;20/03/2026;;;;;;;Coleta Efetuada;;26/02/2026;⚠ Fora do Prazo;123;🔴 Parado + 123 dias
1182;000109-02;ULSAN - CAMPO GRANDE;CARVALIMA;MS;Campo Grande;17645;10005524;13473;;Pedido duplicado;Pedido duplicado;06/02/2026;10/02/2026;09/02/2026;06/07/2391;329595;329595;13/02/2026;16/02/2026;;03/03/2026;;12/03/2026;179522;12/03/2026;NFD Lançada;;26/02/2026;⚠ Concluído Fora do Prazo;–;
1183;000109-02;ULSAN - CAMPO GRANDE;CARVALIMA;MS;Campo Grande;18387;10005978;14052;;Pedido duplicado;PEDIDO CRIADO EM SUBSTITUIÇÃO AO 10001279;06/02/2026;10/02/2026;09/02/2026;13/07/2391;329595;329595;13/02/2026;16/02/2026;;03/03/2026;;12/03/2026;179529;12/03/2026;NFD Lançada;;26/02/2026;⚠ Concluído Fora do Prazo;–;
1184;000109-02;ULSAN - CAMPO GRANDE;CARVALIMA;MS;Campo Grande;20973;10007710;16140;;Pedido duplicado;PEDIDO CRIADO EM SUBSTITUIÇÃO AO 10001279;06/02/2026;10/02/2026;09/02/2026;01/07/2391;329595;329595;13/02/2026;16/02/2026;;03/03/2026;;12/03/2026;179517;12/03/2026;NFD Lançada;;26/02/2026;⚠ Concluído Fora do Prazo;–;
1185;000109-02;ULSAN - CAMPO GRANDE;CARVALIMA;MS;Campo Grande;19692;10000494;17189;;Pedido cancelado;Pedido cancelado;06/02/2026;10/02/2026;09/02/2026;03/07/2391;329595;329595;13/02/2026;16/02/2026;;03/03/2026;;12/03/2026;;12/03/2026;NFD Lançada;;26/02/2026;⚠ Concluído Fora do Prazo;–;
1186;000109-02;ULSAN - CAMPO GRANDE;CARVALIMA;MS;Campo Grande;22938;10008455;17734;;Pedido duplicado;Pedido duplicado;06/02/2026;10/02/2026;09/02/2026;11/07/2391;329595;329595;13/02/2026;16/02/2026;;03/03/2026;;12/03/2026;;12/03/2026;NFD Lançada;;26/02/2026;⚠ Concluído Fora do Prazo;–;
1187;000109-02;ULSAN - CAMPO GRANDE;CARVALIMA;MS;Campo Grande;26470;10010186;20668;;Cliente dessistiu devido a demora no faturamento ;Cliente dessistiu devido a demora no faturamento ;06/02/2026;10/02/2026;09/02/2026;05/07/2391;329595;329595;13/02/2026;16/02/2026;;03/03/2026;;12/03/2026;179521;12/03/2026;NFD Lançada;;26/02/2026;⚠ Concluído Fora do Prazo;–;
1188;000109-02;ULSAN - CAMPO GRANDE;CARVALIMA;MS;Campo Grande;26441;10010183;20704;;Cliente dessistiu devido a demora no faturamento ;Cliente dessistiu devido a demora no faturamento ;06/02/2026;10/02/2026;09/02/2026;12/07/2391;329595;329595;13/02/2026;16/02/2026;;03/03/2026;;12/03/2026;;12/03/2026;NFD Lançada;;26/02/2026;⚠ Concluído Fora do Prazo;–;
1189;000251-01;BARI - BLUMENAU OFICINA;TRANSTRY;SC;Blumenau;45129;10020187;40648;;Peça fisica errada;Foi solicitado e emitido NF da peça 872922E000 e foi enviado filtros 31112A70A0, conforme etiqueta abaixo na caixa.NF 40648.;09/02/2026;06/02/2026;09/02/2026;29/05/2284;332126;332126;11/02/2026;10/03/2026;;;;;140404;;Conferência;;01/03/2026;⚠ Fora do Prazo;133;🔴 Parado + 133 dias
1190;000007-03;GERAÇÃO - ILHA;TRANSTRY;SC;Florianópolis;42560;10018289;38534;;Peça não compativel;Peça veio incorreta, deveria ser a medida de 19mm e veio medida de 16mm.;09/02/2026;10/02/2026;09/02/2026;11/07/1944;304439;304439;13/02/2026;EXTRAVIO;;EXTRAVIO;;EXTRAVIO;;EXTRAVIO;NFD Lançada;;01/03/2026;⚠ Concluído Fora do Prazo;–;
1191;000322-01;GRANDE COREIA - MONTES CLAROS;XD BETIM;MG;Montes Claros;45373;10020357;40975;;Peça avariada;Peça chegou ao concessionario com a avaria descrimidnada, por ser uma peça que não vai pintura, ela se torna invalida para venda balcão;09/02/2026;02/03/2026;09/02/2026;13/01/1978;332124;332124;05/03/2026;09/03/2026;;;;27/03/2026;28503;27/03/2026;NFD Lançada;;01/03/2026;⚠ Concluído Fora do Prazo;–;
1192;000315-04;PATEO - SALVADOR;TERMACO;BA;Salvador;7338;960216;4057;;Pedido não solicitado;Enviado para loja errada;09/02/2026;;;22/04/2866;;;;;;;;;;;Nº NFD;;01/03/2026;⚠ Fora do Prazo;162;🔴 Parado + 162 dias
1193;;PATEO COMERCIO DE VEICULOS S/A;–;–;–;;;1487;;;;09/02/2026;09/02/2026;05/02/2026;20/06/2172;;328547;12/02/2026;09/02/2026;;;;;;;Coleta Efetuada;;01/03/2026;⚠ Fora do Prazo;159;🔴 Parado + 159 dias
1194;000109-02;ULSAN - CAMPO GRANDE;CARVALIMA;MS;Campo Grande;3379;10000494;861;;Cliente dessistiu devido a demora no faturamento ;Cliente dessistiu devido a demora no faturamento ;09/02/2026;10/02/2026;09/02/2026;17/07/2391;328493;328493;13/02/2026;13/03/2026;;25/02/2026;;12/03/2026;;12/03/2026;NFD Lançada;;01/03/2026;⚠ Concluído Fora do Prazo;–;
1195;;CAOA MOTOR DO BRASIL LTDA;TERMACO;BA;Lauro de Freitas;;;30893;;;;10/02/2026;10/02/2026;05/02/2026;28/04/2021;;334339;13/02/2026;;;;;;;;Coleta Agendada;;02/03/2026;⚠ Fora do Prazo;158;🔴 Parado + 158 dias
1196;;CAOA MOTOR DO BRASIL LTDA;TERMACO;BA;Lauro de Freitas;;;30896;;;;10/02/2026;10/02/2026;05/02/2026;29/04/2021;;334339;13/02/2026;;;;;;;;Coleta Agendada;;02/03/2026;⚠ Fora do Prazo;158;🔴 Parado + 158 dias
1197;000315-06;PATEO - FEIRA DE SANTANA;TERMACO;BA;Feira de Santana;42706;10015433;41195;;Pedido duplicado;Pedido duplicado;10/02/2026;20/02/2026;09/02/2026;22/02/2144;330037;330037;25/02/2026;;;;;10/04/2026;89173;10/04/2026;NFD Lançada;;02/03/2026;⚠ Concluído Fora do Prazo;–;
1198;000260-01;SMAFF - BRASÍLIA;RIO VERMELHO;DF;Brasília;35623;10009128;41248;;Peça fisica errada;Peça veio errado foi uma roda no lugar ;10/02/2026;20/02/2026;11/02/2026;03/01/2943;333358;333358;25/02/2026;02/03/2026;;;;02/04/2026;;02/04/2026;NFD Lançada;;02/03/2026;⚠ Concluído Fora do Prazo;–;
1199;000372-01;SEVEC - CURITIBA;TRANSTRY;PR;CURITIBA;44936;10020062;40457;;Peça faltante;Durante a conferência da Nota Fiscal nº 40497, foi identificada a falta de uma peça, código 98510G2000 Em anexo, seguem as fotos da ressalva, o template preenchido e as evidências para melhor visualização e análise.;11/02/2026;;;;;;;;;;;;;;Dt Reclamação;;03/03/2026;⚠ Fora do Prazo;160;🔴 Parado + 160 dias
1200;000276-04;ANDRETA - CAMPINAS;XD-DIADEMA;SP;Campinas;36970;10014775;41302;;Peça avariada;NO ATO DA ENTREGA FOI REALIZADA A CONFERÊNCIA JUNTO AO MOTORISTA, MOMENTO EM QUE CONSTATAMOS QUE A PEÇA REFERENTE À NOTA FISCAL 33071 APRESENTA AVARIA NA PARTE DA SERIGRAFIA, CONFORME FOTO EM ANEXO. PEÇA R86111A5526BI - DE 01 PEÇA DE  01 VOLUME;12/02/2026;04/03/2026;12/02/2026;14/11/2605;;;09/03/2026;17/04/2026;;;;;257815;;Conferência;;04/03/2026;⚠ Fora do Prazo;95;🔴 Parado + 95 dias
1201;;GOLDEN MOTORS VEICULOS LTDA;MVT;SP;Vila Santa Maria;;;1795;;;;12/02/2026;12/02/2026;11/02/2026;06/01/2248;;329728;20/02/2026;16/02/2026;;10/03/2026;16/06/2026;;;;Enviado Araçariguama;;04/03/2026;⚠ Fora do Prazo;35;🔴 Parado + 35 dias
1202;000251-09;BARIGUI - JARAGUÁ DO SUL;TRANSTRY;SC;Jaraguá do Sul;46238;10020989;41835;;Peça fisica errada;Foi solicitado um parachoque dianteiro código 865112S00 mas dentro da embalagem esta um parachoque dianteiro inferior do código B865122S500;13/02/2026;20/02/2026;13/02/2026;13/05/1911;333357;333357;25/02/2026;10/03/2026;;;;13/04/2026;4151;13/04/2026;NFD Lançada;;05/03/2026;⚠ Concluído Fora do Prazo;–;
1203;B05AM26055;GoldenMotors - Araçatuba;MVT;SP;Vila Santa Maria;45364;10020348;41084;;Peça não compativel;Realizamos o pedido de um sensor de combustivel flex (B944602S900), atraves do pedido nº 10020348. Porém o que chegou para nós foi o sensor de combustivel gasolina (944602S900);13/02/2026;13/03/2026;;26/02/1912;;349472;18/03/2026;;;;;;;;Coleta Agendada;;05/03/2026;⚠ Fora do Prazo;125;🔴 Parado + 125 dias
1204;000372-01;SEVEC - CURITIBA;TRANSTRY;PR;CURITIBA;45274;10020300;40813;;Peça avariada;"referente a nf 40813- Após a conferencia da nota fiscal 40813, foi identificado uma avaria, código 822102l000 1 unidade - VINDO com a embalagem escrita ""avariada"" ";13/02/2026;20/02/2026;13/02/2026;14/04/2874;337557;337557;25/02/2026;19/03/2026;;;;;355852;;Conferência;;05/03/2026;⚠ Fora do Prazo;124;🔴 Parado + 124 dias
1205;000109-02;ULSAN - CAMPO GRANDE;CARVALIMA;MS;Campo Grande;30060;10011445;24653;;Cliente dessistiu devido a demora no faturamento ;Cliente dessistiu devido a demora no faturamento ;13/02/2026;;;;;;;;;;;;;;Dt Reclamação;;05/03/2026;⚠ Fora do Prazo;158;🔴 Parado + 158 dias
1206;000109-02;ULSAN - CAMPO GRANDE;CARVALIMA;MS;Campo Grande;30060;10011445;24653;;Cliente dessistiu devido a demora no faturamento ;Cliente dessistiu devido a demora no faturamento ;13/02/2026;;;;;;;;;;;;;;Dt Reclamação;;05/03/2026;⚠ Fora do Prazo;158;🔴 Parado + 158 dias
1207;000109-02;ULSAN - CAMPO GRANDE;CARVALIMA;MS;Campo Grande;30060;10011445;24653;;Cliente dessistiu devido a demora no faturamento ;Cliente dessistiu devido a demora no faturamento ;13/02/2026;16/03/2026;10/03/2026;30/05/2394;334332;334332;19/03/2026;18/03/2026;;;;;180581;;Conferência;;05/03/2026;⚠ Fora do Prazo;124;🔴 Parado + 124 dias
1208;000109-02;ULSAN - CAMPO GRANDE;CARVALIMA;MS;Campo Grande;30060;10011445;24653;;Cliente dessistiu devido a demora no faturamento ;Cliente dessistiu devido a demora no faturamento ;13/02/2026;;;;;;;;;;;;;;Dt Reclamação;;05/03/2026;⚠ Fora do Prazo;158;🔴 Parado + 158 dias
1209;000109-02;ULSAN - CAMPO GRANDE;CARVALIMA;MS;Campo Grande;39993;10000494;41291;;Cliente dessistiu devido a demora no faturamento ;Cliente dessistiu devido a demora no faturamento ;13/02/2026;;;;;;;;;;;;;;Dt Reclamação;;05/03/2026;⚠ Fora do Prazo;158;🔴 Parado + 158 dias
1210;000109-02;ULSAN - CAMPO GRANDE;CARVALIMA;MS;Campo Grande;28591;10005591;41357;;Cliente dessistiu devido a demora no faturamento ;Cliente dessistiu devido a demora no faturamento ;13/02/2026;;;;;;;;;;;;;;Dt Reclamação;;05/03/2026;⚠ Fora do Prazo;158;🔴 Parado + 158 dias
1211;000109-02;ULSAN - CAMPO GRANDE;CARVALIMA;MS;Campo Grande;33258;10011445;30773;;Cliente dessistiu devido a demora no faturamento ;Cliente dessistiu devido a demora no faturamento ;14/02/2026;;;;;;;;;;;;;;Dt Reclamação;;06/03/2026;⚠ Fora do Prazo;157;🔴 Parado + 157 dias
1212;000109-02;ULSAN - CAMPO GRANDE;CARVALIMA;MS;Campo Grande;30104;10011445;27513;;Cliente dessistiu devido a demora no faturamento ;Cliente dessistiu devido a demora no faturamento ;15/02/2026;;;;;;;;;;;;;;Dt Reclamação;;07/03/2026;⚠ Fora do Prazo;156;🔴 Parado + 156 dias
1213;000109-02;ULSAN - CAMPO GRANDE;CARVALIMA;MS;Campo Grande;32885;10011445;28142;;Cliente dessistiu devido a demora no faturamento ;Cliente dessistiu devido a demora no faturamento ;16/02/2026;;;;;;;;;;;;;;Dt Reclamação;;08/03/2026;⚠ Fora do Prazo;155;🔴 Parado + 155 dias
1214;000097-01;GALA - PELOTAS;TRANSTRY;RS;Pelotas;46818;10021389;42337;;Peça avariada;PARACHOQUE  CHEGOU COM UMA PARTE QUEBRADA, INUTILIZANDO O MESMO.;20/02/2026;10/03/2026;26/02/2026;16/12/2192;333363;333363;13/03/2026;12/03/2026;;;;;;;Coleta Efetuada;;12/03/2026;⚠ Fora do Prazo;130;🔴 Parado + 130 dias
1215;;LEAUTO RIO HAN VEICULOS LTDA;CAMILO;RJ;Nova Iguaçu;;;3721;;;;20/02/2026;20/02/2026;02/03/2026;26/09/1936;;302329;25/02/2026;19/02/2026;;;;20/02/2026;;20/02/2026;NFD Lançada;;12/03/2026;✔ Concluído;–;
1216;;LEAUTO RIO HAN VEICULOS LTDA;CAMILO;RJ;Nova Iguaçu;;;5654;;;;20/02/2026;20/02/2026;02/03/2026;29/08/1936;;302626;25/02/2026;19/02/2026;;;;20/02/2026;;20/02/2026;NFD Lançada;;12/03/2026;✔ Concluído;–;
1217;;LEAUTO RIO HAN VEICULOS LTDA;CAMILO;RJ;Nova Iguaçu;;;5654;;;;20/02/2026;20/02/2026;02/03/2026;16/10/1936;;302159;25/02/2026;19/02/2026;;;;20/02/2026;;20/02/2026;NFD Lançada;;12/03/2026;✔ Concluído;–;
1218;;LEAUTO RIO HAN VEICULOS LTDA;CAMILO;RJ;Nova Iguaçu;;;6958;;;;20/02/2026;20/02/2026;02/03/2026;05/09/1936;;302348;25/02/2026;19/02/2026;;;;20/02/2026;;20/02/2026;NFD Lançada;;12/03/2026;✔ Concluído;–;
1219;;LEAUTO RIO HAN VEICULOS LTDA;CAMILO;RJ;Nova Iguaçu;;;9504;;;;20/02/2026;20/02/2026;02/03/2026;13/08/1936;;302152;25/02/2026;19/02/2026;;;;20/02/2026;;20/02/2026;NFD Lançada;;12/03/2026;✔ Concluído;–;
1220;;LEAUTO RIO HAN VEICULOS LTDA;CAMILO;RJ;Nova Iguaçu;;;10042;;;;20/02/2026;20/02/2026;02/03/2026;01/10/1936;;302222;25/02/2026;19/02/2026;;;;20/02/2026;;20/02/2026;NFD Lançada;;12/03/2026;✔ Concluído;–;
1221;;LEAUTO RIO HAN VEICULOS LTDA;CAMILO;RJ;Nova Iguaçu;;;10317;;;;20/02/2026;20/02/2026;02/03/2026;22/08/1936;;301992;25/02/2026;19/02/2026;;;;20/02/2026;;20/02/2026;NFD Lançada;;12/03/2026;✔ Concluído;–;
1222;;LEAUTO RIO HAN VEICULOS LTDA;CAMILO;RJ;Nova Iguaçu;;;12101;;;;20/02/2026;20/02/2026;02/03/2026;14/09/1936;;302049;25/02/2026;19/02/2026;;;;20/02/2026;;20/02/2026;NFD Lançada;;12/03/2026;✔ Concluído;–;
1223;;LEAUTO RIO HAN VEICULOS LTDA;CAMILO;RJ;Nova Iguaçu;;;13266;;;;20/02/2026;20/02/2026;02/03/2026;08/10/1936;;302226;25/02/2026;19/02/2026;;;;20/02/2026;;20/02/2026;NFD Lançada;;12/03/2026;✔ Concluído;–;
1224;;LEAUTO RIO HAN VEICULOS LTDA;CAMILO;RJ;Nova Iguaçu;;;14477;;;;20/02/2026;20/02/2026;03/02/2026;26/02/2219;;328723;25/02/2026;19/02/2026;;;;20/02/2026;;20/02/2026;NFD Lançada;;12/03/2026;✔ Concluído;–;
1225;;LEAUTO RIO HAN VEICULOS LTDA;CAMILO;RJ;Nova Iguaçu;;;17394;;;;20/02/2026;20/02/2026;02/03/2026;01/08/1936;;302626;25/02/2026;19/02/2026;;;;20/02/2026;;20/02/2026;NFD Lançada;;12/03/2026;✔ Concluído;–;
1226;;LEAUTO RIO HAN VEICULOS LTDA;CAMILO;RJ;Nova Iguaçu;;;18030;;;;20/02/2026;20/02/2026;02/03/2026;29/07/1936;;302244;25/02/2026;19/02/2026;;;;20/02/2026;;20/02/2026;NFD Lançada;;12/03/2026;✔ Concluído;–;
1227;;LEAUTO RIO HAN VEICULOS LTDA;CAMILO;RJ;Nova Iguaçu;;;20736;;;;20/02/2026;20/02/2026;02/03/2026;02/09/1936;;302697;25/02/2026;19/02/2026;;;;20/02/2026;;20/02/2026;NFD Lançada;;12/03/2026;✔ Concluído;–;
1228;;LEAUTO RIO HAN VEICULOS LTDA;CAMILO;RJ;Nova Iguaçu;;;24079;;;;20/02/2026;20/02/2026;02/03/2026;27/07/1936;;302205;25/02/2026;19/02/2026;;;;20/02/2026;;20/02/2026;NFD Lançada;;12/03/2026;✔ Concluído;–;
1229;;LEAUTO RIO HAN VEICULOS LTDA;CAMILO;RJ;Nova Iguaçu;;;26503;;;;20/02/2026;20/02/2026;02/03/2026;10/08/1936;;328724;25/02/2026;19/02/2026;;;;20/02/2026;;20/02/2026;NFD Lançada;;12/03/2026;✔ Concluído;–;
1230;;LEAUTO RIO HAN VEICULOS LTDA;CAMILO;RJ;Nova Iguaçu;;;27707;;;;20/02/2026;20/02/2026;02/03/2026;31/08/1936;;302543;25/02/2026;19/02/2026;;;;20/02/2026;;20/02/2026;NFD Lançada;;12/03/2026;✔ Concluído;–;
1231;;LEAUTO RIO HAN VEICULOS LTDA;CAMILO;RJ;Nova Iguaçu;;;31219;;;;20/02/2026;20/02/2026;02/03/2026;20/10/1936;;301982;25/02/2026;19/02/2026;;;;20/02/2026;;20/02/2026;NFD Lançada;;12/03/2026;✔ Concluído;–;
1232;;LEAUTO RIO HAN VEICULOS LTDA;CAMILO;RJ;Nova Iguaçu;;;31282;;;;20/02/2026;20/02/2026;02/03/2026;09/09/1936;;302168;25/02/2026;19/02/2026;;;;20/02/2026;;20/02/2026;NFD Lançada;;12/03/2026;✔ Concluído;–;
1233;;LEAUTO RIO HAN VEICULOS LTDA;CAMILO;RJ;Nova Iguaçu;;;32108;;;;20/02/2026;20/02/2026;02/03/2026;27/10/1936;;302079;25/02/2026;19/02/2026;;;;20/02/2026;;20/02/2026;NFD Lançada;;12/03/2026;✔ Concluído;–;
1234;000052-01;NEW - FRANCA;MVT;SP;Franca;46140;10020922;41782;;Peça faltante;APÓS LIBERAÇÃO DE ENTRADA PARA GUARDAR, NOTAMOS FALTA DE UM VOLUME DO ITEM: 863622S500 DEMAIS VOLUMES E ITENS DA ENTREGA ESTÃO COERENTES.;20/02/2026;;;;;;;;;;;;;;Dt Reclamação;;12/03/2026;⚠ Fora do Prazo;151;🔴 Parado + 151 dias
1235;000044-05;SAGA - GOIÂNIA II;RIO VERMELHO;GO;Goiânia;39070;10016139;35038;;Peça não compativel;DIVERGENCIA FOI IDENTIFICADA NO MOMENTO DA MONTAGEM DO MOTOR, QUANDO COMPARAMOS COM A PECA QUE ESTAVA NO VEICULO DO ;23/02/2026;02/03/2026;21/02/2026;03/07/2131;332122;332122;05/03/2026;06/03/2026;;19/03/2026;;;84556;;Conferência;;15/03/2026;⚠ Fora do Prazo;124;🔴 Parado + 124 dias
1236;;BILLY DISTRIBUIDORA DE VEICULOS LTDA;XD-DIADEMA;SP;Barueri;;;;;;;24/02/2026;24/02/2026;;15/11/2017;;329937;27/03/2026;;;;;;;;Coleta Agendada;;16/03/2026;⚠ Fora do Prazo;116;🔴 Parado + 116 dias
1237;000359-02;GRANDE COREIA - SALVADOR;TERMACO;BA;Salvador;37833;10015461;33761;;Peça não compativel;A peça de código 944602S900 está errada na embalagem. Foi pedido conforme chassi, mas é incompatível com a peça instalada no veículo do cliente.;24/02/2026;25/03/2026;25/03/2026;29/09/2703;339035;339035;30/03/2026;;;;;;;;Coleta Agendada;;16/03/2026;⚠ Fora do Prazo;113;🔴 Parado + 113 dias
1238;000359-02;GRANDE COREIA - SALVADOR;TERMACO;BA;Salvador;45412;10020392;40958;;Peça fisica errada;A peça de código 495012S760 está errada na embalagem. A peça pedida é lado direito, mas veio o esquerdo.;24/02/2026;01/04/2026;27/03/2026;07/07/2704;337975;337975;07/04/2026;;;;;;;;Coleta Agendada;;16/03/2026;⚠ Fora do Prazo;105;🔴 Parado + 105 dias
1239;000055-09;CAOA - CONSOLACÃO;XD-DIADEMA;SP;São Paulo;47328;10021533;42823;;Pedido duplicado;duplicidade de pedido ;25/02/2026;;;19/09/2212;;;;;;;;;;;Nº NFD;;17/03/2026;⚠ Fora do Prazo;146;🔴 Parado + 146 dias
1240;000097-01;GALA - PELOTAS;TRANSTRY;RS;Pelotas;46632;10021228;42138;;Peça avariada;Capô avariado. Amassado e inclinado na ponta;25/02/2026;02/03/2026;25/02/2026;22/10/2192;331315;331315;05/03/2026;03/03/2026;;;;;106948;;Conferência;;17/03/2026;⚠ Fora do Prazo;138;🔴 Parado + 138 dias
1241;000055-42;HMB - IMARÉS;XD-DIADEMA;SP;Sao Paulo;47078;10021557;42584;;Peça avariada;RECEBEMOS UM PARA-CHOQUE NA DATA 19/02/26 QUEBRADO E PINTADO  FOI CONFERIDO NA PRESENÇA DO MOTORISTA COM REF. 865113X020;25/02/2026;02/03/2026;26/02/2026;29/01/1990;335338;335338;05/03/2026;;;;;10/04/2026;32902;10/04/2026;NFD Lançada;;17/03/2026;⚠ Concluído Fora do Prazo;–;
1242;000232-02;PRIME - SERRA;CAMILO;ES;Serra;46459;10021082;41943;;Peça avariada;PEÇA ENVIADA PELA MONTADORA NÃO É COMPATÍVEL COM A SOLICITADA.;25/02/2026;;;;;;;;;;;;;;Dt Reclamação;;17/03/2026;⚠ Fora do Prazo;146;🔴 Parado + 146 dias
1243;000055-03;CAOA - OFICINA CEASA;XD-DIADEMA;SP;Sao Paulo;41573;10003619;37597;;Peça não compativel;Após o recebimento e verificação da peça, constatou-se que a mesma é incompatível com o veículo informado no momento da compra, não sendo possível realizar ainstalação ou utilização adequada.;26/02/2026;04/03/2026;02/03/2026;22/12/2209;;;09/03/2026;11/06/2026;;;;06/07/2026;;06/07/2026;NFD Lançada;;18/03/2026;⚠ Concluído Fora do Prazo;–;
1244;000055-14;CAOA - IMBIRIBEIRA;TERMACO;PE;RECIFE;46582;10021148;42015;;Peça avariada;RECEBEMOS 01 PEÇA COM AVARIA. TRATA-SE DA PEÇA DE CÓDIGO 924022V120 – LANTERNA TRASEIRA LD DA NOTA FISCAL 42015. lascado na lateral;02/03/2026;27/03/2026;26/03/2026;12/08/2475;337076;337076;01/04/2026;;;;30/04/2026;;210240;;Conferência;;22/03/2026;⚠ Fora do Prazo;82;🔴 Parado + 82 dias
1245;;CAOA MOTOR DO BRASIL LTDA;TERMACO;BA;Lauro de Freitas;34526;10008412;30738;;Pedido duplicado por Alex Agostinho;SOLICITO DEVOLUÇÃO DO ITEN  PN 568805k000-BI TERMINAL DE DIREÇÃO ENVIADO EM DUPLICIDADE PELA MONTADORA 4 UNIDADES NF 30738  2 UNIDADES NF 33774 TOTAL DE 6 UNIDADES.;02/03/2026;02/03/2026;30/01/2026;26/11/1932;;335339;05/03/2026;03/04/2026;;03/04/2026;;10/04/2026;;10/04/2026;NFD Lançada;;22/03/2026;⚠ Concluído Fora do Prazo;–;
1246;;GOLDEN MOTORS VEICULOS LTDA;MVT;SP;Vila Santa Maria;;;33248;;;;02/03/2026;02/03/2026;05/12/2025;29/06/1906;;293749;05/03/2026;;;;;;;;Coleta Agendada;;22/03/2026;⚠ Fora do Prazo;138;🔴 Parado + 138 dias
1247;000055-32;HB CAOA - FORTALEZA;TERMACO;CE;Fortaleza;46815;10021291;42397;;Peça enviada a mais que solicitado;FOI CONSTATADO NO ATO DO RECEBIMENTO QUE O VOLUME REFERENTE A NOTA 42397 VEIO SOBRANDO 13 Unidades;02/03/2026;;;;;;;;;;;;;;Dt Reclamação;;22/03/2026;⚠ Fora do Prazo;141;🔴 Parado + 141 dias
1248;;VIA BRASIL AUTOMOVEIS LTDA;CAMILO;ES;Serra;46459;10021082;41943;;Peça avariada;PEÇA ENVIADA PELA MONTADORA NÃO É COMPATÍVEL COM A SOLICITADA.;02/03/2026;02/03/2026;25/02/2026;23/08/2564;;339492;05/03/2026;02/04/2026;;;;29/05/2026;;29/05/2026;NFD Lançada;;22/03/2026;⚠ Concluído Fora do Prazo;–;
1249;000055-42;HMB - IMARÉS;–;–;–;47275;10021632;42794;;Peça enviada a mais que solicitado;Consta na NF a referência 2550023010, porém recebemos 07 unidades a mais.;03/03/2026;;;;;;;;;;;;;;Dt Reclamação;;23/03/2026;⚠ Fora do Prazo;140;🔴 Parado + 140 dias
1250;000044-05;SAGA - GOIÂNIA II;RIO VERMELHO;GO;Goiânia;45485;10020451;41126;;Peça não compativel;DIVERGENCIA FOI IDENTIFICADA NO MOMENTO DA MONTAGEM DA PECA, QUANDO O CLIENTE COMPAROU COM A OUTRA;03/03/2026;;;;;;;;;;;;;;Dt Reclamação;;23/03/2026;⚠ Fora do Prazo;140;🔴 Parado + 140 dias
1251;000309-02;CARWAY - PORTO ALEGRE (AZENHA);TRANSTRY;RS;Porto Alegre;37512;10015299;32900;;Peça avariada;Conforme orientado pela montadora, via email, para atender o reclame do cliente, recebemos a peça completa para remover a peça danificada e devolver.;04/03/2026;04/03/2026;03/03/2026;25/09/2658;;;09/03/2026;;;;;;;;Coleta Agendada;;24/03/2026;⚠ Fora do Prazo;134;🔴 Parado + 134 dias
1252;;PATEO COMERCIO DE VEICULOS S/A CALHAU;TERMACO;MA;SAO LUIS;;;29171;;;;04/03/2026;04/03/2026;10/10/2025;18/05/2329;;;09/03/2026;;;;;;;;Coleta Agendada;;24/03/2026;⚠ Fora do Prazo;134;🔴 Parado + 134 dias
1253;000055-04;CAOA - SBC;–;–;–;61682;10022243;43511;;Peça não compativel;PEÇA VEIO DIVERGENTE CATALOGO NÃO TRAS CODIGO CORRETO.;06/03/2026;;;;;;;;;;;;;;Dt Reclamação;;26/03/2026;⚠ Fora do Prazo;137;🔴 Parado + 137 dias
1254;000007-03;GERAÇÃO - ILHA;TRANSTRY;SC;Florianópolis;45477;10020443;41049;;Pedido cancelado;SOLICITADO O CANCELAMENTO E CONFIRMADO -- PEDIDO 10020443 PN 583502EA00;06/03/2026;;;;;;;;;;;;;;Dt Reclamação;;26/03/2026;⚠ Fora do Prazo;137;🔴 Parado + 137 dias
1255;000007-03;GERAÇÃO - ILHA;TRANSTRY;SC;Florianópolis;55351;10020443;43261;;Pedido cancelado;SOLICITADO O CANCELAMENTO E CONFIRMADO -- PEDIDO 10020443 PN 583502EA00;09/03/2026;09/03/2026;09/03/2026;13/02/1946;305155;305155;12/03/2026;;;;;02/07/2025;16846;02/07/2025;NFD Lançada;;29/03/2026;✔ Concluído;–;
1256;000251-02;BARI - ITAJAÍ OFICINA;TRANSTRY;SC;Itajaí;43907;10019264;39630;;Peça fisica errada;Boa tarde, informo que o item 92406D3000 faturado na NF 39630 estava divergente dentro da caixa, era para ser lado direito e veio o lado esquerdo.;10/03/2026;16/03/2026;16/03/2026;05/10/2274;337554;337554;19/03/2026;19/03/2026;;;;;;;Coleta Efetuada;;30/03/2026;⚠ Fora do Prazo;124;🔴 Parado + 124 dias
1257;000055-42;HMB - IMARÉS;XD-DIADEMA;SP;Sao Paulo;44013;10019338;39671;;Cliente dessistiu devido a demora no faturamento ;Devido à divergência referente à falta da peça, o cliente optou por retirar o veículo da autorizada.;10/03/2026;24/03/2026;23/03/2026;09/04/1992;318674;318674;27/03/2026;;;;;;;;Coleta Agendada;;30/03/2026;⚠ Fora do Prazo;116;🔴 Parado + 116 dias
1258;000055-36;HYUNDAI CAOA - RAPOSO TAVARES OFICINA;XD-DIADEMA;SP;Sao Paulo;61835;10021916;43620;;Peça não compativel;CONFORME INFORMADO ANTERIORMENTE O ITEM PN 86540D3020 NAO ATENDE O PEDIDO, POIS NELE  ENCONTRA-SE  FUROS PARA ENCAIXE DO SENSOR DE ESTACIONAMENTO! O MODELO QUE PRECISAMOS É PN 86511D3000 O MODELO QUE PRECISAMOS NÃO CONTEM OS FUROS DE SENSOR DE ESTACIONAMENTO!;11/03/2026;04/06/2026;26/05/2026;29/12/1936;;353064;10/06/2026;;;;;06/07/2026;;06/07/2026;NFD Lançada;;31/03/2026;⚠ Concluído Fora do Prazo;–;
1259;000373-02;SINAL - BARUERI;XD-DIADEMA;SP;Barueri;47656;10021855;43727;;Pedido cancelado;Informo que a peça 331004A700, referente ao pedido 10021855, foi cancelada. O cancelamento ocorreu devido a uma inconsistência na identificação do veículo vinculado ao pedido.;11/03/2026;12/03/2026;11/03/2026;03/08/2627;;;17/03/2026;11/06/2026;;;;06/07/2026;;06/07/2026;NFD Lançada;;31/03/2026;⚠ Concluído Fora do Prazo;–;
1260;000276-04;ANDRETA - CAMPINAS;XD-DIADEMA;SP;Campinas;46919;10021459;42467;;Peça fisica errada;NO ATO DA ENTREGA FOI REALIZADA A CONFERÊNCIA JUNTO AO MOTORISTA, MOMENTO EM QUE CONSTATAMOS QUE A PEÇA REFERENTE À NOTA FISCAL 33071 APRESENTA AVARIA NA PARTE DA SERIGRAFIA, CONFORME FOTO EM ANEXO. PEÇA R86111A5526BI - DE 01 PEÇA DE  01 VOLUME;13/03/2026;02/04/2026;31/03/2026;24/05/2616;;352042;08/04/2026;;;;;06/07/2026;;06/07/2026;NFD Lançada;;02/04/2026;⚠ Concluído Fora do Prazo;–;
1261;000097-01;GALA - PELOTAS;TRANSTRY;RS;Pelotas;47400;10021816;43002;;Peça avariada;Peça chegou na CC avariada.;13/03/2026;16/03/2026;13/03/2026;01/11/2193;341448;341448;19/03/2026;;;;;14/05/2026;107323;;Conferência;;02/04/2026;⚠ Fora do Prazo;124;🔴 Parado + 124 dias
1262;000111-02;DESTAQUE - ATIBAIA;XD-DIADEMA;SP;Atibaia;62254;10022698;44013;;Peça avariada;PEÇA COM MARCA DE RISCO E AMASSADO;15/03/2026;10/04/2026;02/04/2026;18/06/2169;;;15/04/2026;;;;;06/07/2026;;06/07/2026;NFD Lançada;;04/04/2026;⚠ Concluído Fora do Prazo;–;
1263;B05AM26055;GoldenMotors - Araçatuba;MVT;SP;Vila Santa Maria;46579;10021186;42280;;Peça fisica errada;Realizamos o pedido de um sensor de combustivel flex (B944602S900), atraves do pedido nº 10021186. Porém o que chegou para nós foi o sensor de combustivel gasolina (944602S900);15/03/2026;;;;;;;;;;;;;;Dt Reclamação;;04/04/2026;⚠ Fora do Prazo;128;🔴 Parado + 128 dias
1264;;CAOA MOTOR DO BRASIL LTDA;TERMACO;BA;Lauro de Freitas;;;25022;;;;16/03/2026;16/03/2026;28/10/2025;26/03/1963;;333347;19/03/2026;19/03/2026;;24/03/2026;;27/03/2026;;27/03/2026;NFD Lançada;;05/04/2026;✔ Concluído;–;
1265;000027-03;CARHOUSE - SANTA MARIA;TRANSTRY;RS;Santa Maria;43076;10018624;38934;;Peça avariada;Durante a conferência foi detectada uma avaria, avaria na peça 86511R1600BIJ.;16/03/2026;;;;;;;;;;;;;;Dt Reclamação;;05/04/2026;⚠ Fora do Prazo;127;🔴 Parado + 127 dias
1266;;CARWAY SUL VEICULOS LTDA;TRANSTRY;RS;Porto Alegre;;;29705;;;;16/03/2026;16/03/2026;08/10/2025;15/09/2638;;;19/03/2026;29/05/2026;;;;;;;Coleta Efetuada;;05/04/2026;⚠ Fora do Prazo;53;🔴 Parado + 53 dias
1267;;CARWAY SUL VEICULOS LTDA;TRANSTRY;RS;Porto Alegre;;;29705;;;;16/03/2026;16/03/2026;08/10/2025;20/09/2638;;;19/03/2026;29/05/2026;;;;;;;Coleta Efetuada;;05/04/2026;⚠ Fora do Prazo;53;🔴 Parado + 53 dias
1268;;MASTER COMERCIAL DE VEICULOS LTDA;TERMACO;AL;MACEIO;;;3036;;;;16/03/2026;16/03/2026;16/03/2026;01/01/2020;;333349;19/03/2026;23/03/2026;;;30/04/2026;07/05/2026;;07/05/2026;NFD Lançada;;05/04/2026;⚠ Concluído Fora do Prazo;–;
1269;000014-01;SEVEL -  ARACAJU;TERMACO;SE;ARACAJU;44968;10019928;42433;;Peça fisica errada;PEÇA TROCADA DENTRO DA EMBALAGEM. NO LUGAR DA PEÇA REF. 86511D3000 VEIO A PEÇA REF. 86512D3500.;16/03/2026;16/03/2026;16/03/2026;13/03/2455;342598;342598;19/03/2026;19/03/2026;;;;06/07/2026;;06/07/2026;NFD Lançada;;05/04/2026;⚠ Concluído Fora do Prazo;–;
1270;000008-01;VITAL - IPATINGA;XD BETIM;MG;Ipatinga;41569;961631;41190;;Peça não compativel;Em 2024 inseri um pedido no portal pois  precisava de uma jogo de vela da HD 80 nessa ocasião pedi ajuda ao analista da época e ele me orientou a pedir a vela   com o codigo 05003519920,essa peça estava em bo e so foi faturada agora chegando pra  na loja em 04/02/2026 porem a peça enviada nao serve na HD;17/03/2026;16/03/2026;09/03/2026;05/01/2102;338367;338367;19/03/2026;;;;;06/03/2026;73785;;Conferência;;06/04/2026;⚠ Fora do Prazo;124;🔴 Parado + 124 dias
1271;;AMX COM. E SERVICOS DE AUTOMOTORES LTDA;CAMILO;RJ;Rio de Janeiro;;;42287;;;;18/03/2026;18/03/2026;;12/02/2026;;333123;18/03/2026;;;;;;;;Coleta Agendada;;07/04/2026;⚠ Fora do Prazo;125;🔴 Parado + 125 dias
1272;;CAOA MOTOR DO BRASIL LTDA;TERMACO;BA;Lauro de Freitas;;;44064;;;;18/03/2026;18/03/2026;18/03/2026;10/03/2026;;333346;18/03/2026;;;;;29/05/2026;;29/05/2026;NFD Lançada;;07/04/2026;⚠ Concluído Fora do Prazo;–;
1273;000353-01;CARBEL - BELO HORIZONTE;XD BETIM;MG;Belo Horizonte;62801;10012801;44375;;Pedido duplicado;PEDIDO CHEGOU DUPLICIDADE - NF 44375 CÓD 96611CM500 MANDOU EM DUPLICIDADE - POIS A MESMA PEÇA CHEGOU NA NF 34646 - CÓD 96611G2000 Esse pedido errado pois já foi atendido com a NF 34646;18/03/2026;23/03/2026;20/03/2026;24/02/2462;;;26/03/2026;;;;23/06/2026;;;;Enviado Araçariguama;;07/04/2026;⚠ Fora do Prazo;28;🔴 Parado + 28 dias
1274;000044-02;SAGA - GOIÂNIA;RIO VERMELHO;GO;Goiânia;61635;10022275;43400;;Peça não compativel;Pedimos a peça 86511D3000 e a fabrica envio código 86540D3020;19/03/2026;;;;;;;;;;;;;;Dt Reclamação;;08/04/2026;⚠ Fora do Prazo;124;🔴 Parado + 124 dias
1275;;SEVEC VEICULOS LTDA;TRANSTRY;PR;Curitiba;;;33337;;;;20/03/2026;20/03/2026;05/01/2026;27/03/2866;;337556;25/03/2026;20/03/2026;;;;;;;Coleta Efetuada;;09/04/2026;⚠ Fora do Prazo;118;🔴 Parado + 118 dias
1276;000109-01;ULSAN - RIO BRANCO;CARVALIMA;AC;Rio Branco;47105;10021601;42542;;Peça não compativel;Peça foi solicitada conforme dados do veículo no WPC, onde foi indicado o código 331004A900 ao qual foi realizado o pedido.;20/03/2026;25/03/2026;25/03/2026;04/02/2100;;;30/03/2026;02/04/2026;;;;;;;Coleta Efetuada;;09/04/2026;⚠ Fora do Prazo;110;🔴 Parado + 110 dias
1277;000352-02;AUTOVILLE - CONTAGEM;XD BETIM;MG;Contagem;45493;10020456;41094;;Peça fisica errada;;23/03/2026;26/03/2026;26/03/2026;10/03/2111;342599;342599;31/03/2026;31/03/2023;;;;29/05/2026;;29/05/2026;NFD Lançada;;12/04/2026;⚠ Concluído Fora do Prazo;–;
1278;000251-01;BARI - BLUMENAU OFICINA;TRANSTRY;SC;Blumenau;62480;10022864;44221;;Peça fisica errada;Nota Fiscal nº 44221 referente ao pedido nº 62480.No ato do recebimento foi identificado divergência na peça. Código da etiqueta 866902S010, porém o código da peça é o B865112S300.;23/03/2026;23/03/2026;23/03/2026;18/10/2289;339153;339153;26/03/2026;16/04/2026;;;;18/05/2026;142372;;Conferência;;12/04/2026;⚠ Fora do Prazo;96;🔴 Parado + 96 dias
1279;;CAOA MOTOR DO BRASIL LTDA;TERMACO;BA;Lauro de Freitas;;;43293;;;;23/03/2026;23/03/2026;26/02/2026;;;330289;26/03/2026;;;;;;;;Coleta Agendada;;12/04/2026;⚠ Fora do Prazo;117;🔴 Parado + 117 dias
1280;000309-03;CARWAY - CANOAS;TRANSTRY;RS;CANOAS;47094;10021592;42539;;Peça avariada;;23/03/2026;;;;;;;;;;;;;;Dt Reclamação;;12/04/2026;⚠ Fora do Prazo;120;🔴 Parado + 120 dias
1281;000097-01;GALA - PELOTAS;TRANSTRY;RS;Pelotas;62555;10022923;44243;;Peça avariada;Peça chegou avariada na CC. Quebrada.;23/03/2026;24/03/2026;23/03/2026;29/04/2194;337960;337960;27/03/2026;25/03/2026;;;;05/11/2026;107502;;Conferência;;12/04/2026;⚠ Fora do Prazo;-107;🟢 OK
1282;000097-01;GALA - PELOTAS;TRANSTRY;RS;Pelotas;62603;10022951;44303;;Peça avariada;Chegou na CC avariado. Pegão profundo(raspado).;23/03/2026;08/04/2026;07/04/2026;21/03/2195;337555;337555;13/04/2026;09/04/2026;;;;13/04/2026;107828;13/04/2026;NFD Lançada;;12/04/2026;⚠ Concluído Fora do Prazo;–;
1283;000007-01;GERAÇÃO - SAO JOSE;TRANSTRY;SC;São José;46067;10020872;41696;;Cliente dessistiu devido a demora no faturamento ;Recebemos o novo parachoque, agora o correto e precisamos devolver a peça errado;23/03/2026;23/03/2026;23/03/2026;16/02/2941;;;26/03/2026;;;;;;;;Coleta Agendada;;12/04/2026;⚠ Fora do Prazo;117;🔴 Parado + 117 dias
1284;000232-02;PRIME - SERRA;CAMILO;ES;Serra;45218;10020262;40865;;Peça avariada;na embalagem .;23/03/2026;24/03/2026;24/03/2026;21/09/2567;;348108;27/03/2026;;;;;01/07/2026;;01/07/2026;NFD Lançada;;12/04/2026;⚠ Concluído Fora do Prazo;–;
1285;;BILLY DISTRIBUIDORA DE VEICULOS LTDA;XD-DIADEMA;SP;Barueri;;;43054;;;;24/03/2026;24/03/2026;;;;334319;27/03/2026;;;;;;;;Coleta Agendada;;13/04/2026;⚠ Fora do Prazo;116;🔴 Parado + 116 dias
1286;000055-09;CAOA - CONSOLACÃO;XD-DIADEMA;SP;São Paulo;46127;10020838;41809;;Peça não compativel;Solicitado peça com codigo errado;24/03/2026;25/03/2026;24/03/2026;01/03/2214;;;30/03/2026;;;;;;;;Coleta Agendada;;13/04/2026;⚠ Fora do Prazo;113;🔴 Parado + 113 dias
1287;000055-32;HB CAOA - FORTALEZA;TERMACO;CE;Fortaleza;61977;10022402;43833;;Peça avariada;O ITEM CHEGOU AVARIADO POR CONTA DO ARMAZENAMENTO DENTRO DA CAIXA COMO MOSTRAM AS FOTOS ABAIXO.;24/03/2026;24/03/2026;24/03/2026;04/10/2252;338722;338722;27/03/2026;;;;;;;;Coleta Agendada;;13/04/2026;⚠ Fora do Prazo;116;🔴 Parado + 116 dias
1288;000055-35;HYUNDAI CAOA - TIJUCA OFICINA;CAMILO;RJ;Rio de Janeiro;41871;962675;38093;;Pedido não solicitado;Ao analisar a nota, identificamos que todos os pedidos realizados por nossa filial para esse item já haviam sido devidamente atendidos e recebidos, não havendo pedido em aberto que justifique o envio dessas pastilhas;24/03/2026;24/03/2026;24/03/2026;05/06/1965;310324;310324;27/03/2026;;;;;06/03/2026;23898;;Conferência;;13/04/2026;⚠ Fora do Prazo;116;🔴 Parado + 116 dias
1289;000373-01;SINAL - SÃO CAETANO;XD-DIADEMA;SP;São Caetano do Sul;44238;10019544;39818;;Peça fisica errada;Não há ressalva  pois a peça foi recebida normalmente e somente após a venda houve a constatação que a peça estava errada;24/03/2026;;;02/05/2662;;;;;;;;;;;Nº NFD;;13/04/2026;⚠ Fora do Prazo;119;🔴 Parado + 119 dias
1290;;AUTORAC VEICULOS LTDA;TERMACO;PE;Caruaru;;;40974;;;;25/03/2026;25/03/2026;28/01/2026;;;334342;30/03/2026;;;;;;;;Coleta Agendada;;14/04/2026;⚠ Fora do Prazo;113;🔴 Parado + 113 dias
1291;;AUTORAC VEICULOS LTDA;TERMACO;PE;Caruaru;;;41042;;;;25/03/2026;25/03/2026;28/01/2026;;;334342;30/03/2026;;;;;;;;Coleta Agendada;;14/04/2026;⚠ Fora do Prazo;113;🔴 Parado + 113 dias
1292;;BILLY DISTRB DE VEICULOS LTDA - F03 GOIAS;XD-DIADEMA;SP;SAO CAETANO DO SUL;44238;10019544;39818;;Peça fisica errada;Não há ressalva  pois a peça foi recebida normalmente e somente após a venda houve a constatação que a peça estava errada;25/03/2026;25/03/2026;25/03/2026;04/09/2662;;;30/03/2026;;;;;;;;Coleta Agendada;;14/04/2026;⚠ Fora do Prazo;113;🔴 Parado + 113 dias
1293;000027-04;CARHOUSE - PORTO ALEGRE;TRANSTRY;RS;Porto Alegre;62803;10007622;44381;;Pedido duplicado;PRODUTO ENVIADO EM DUPLICIDADE;25/03/2026;;;;;;;;;;;;;;Dt Reclamação;;14/04/2026;⚠ Fora do Prazo;118;🔴 Parado + 118 dias
1294;000335-01;MOTONET - SOROCABA OFICINA;XD-DIADEMA;SP;SOROCABA;63536;10023484;44871;;Peça avariada;Porta avariada;25/03/2026;;;;;;;;;;;;;;Dt Reclamação;;14/04/2026;⚠ Fora do Prazo;118;🔴 Parado + 118 dias
1295;;PRIME VILA VELHA VEICULOS LTDA.;CAMILO;ES;Vila Velha;;;41667;;;;25/03/2026;25/03/2026;04/02/2026;;;327293;30/03/2026;;;;17/04/2026;;;;Enviado Araçariguama;;14/04/2026;⚠ Fora do Prazo;95;🔴 Parado + 95 dias
1296;000109-02;ULSAN - CAMPO GRANDE;CARVALIMA;MS;Campo Grande;43675;10019082;39441;;Peça não compativel;A peça foi solicitada do lado incorreto. O correto seria lado direito, porém acabou sendo incluída no orçamento a peça do lado esquerdo.;25/03/2026;;;;;;;;;;;;;;Dt Reclamação;;14/04/2026;⚠ Fora do Prazo;118;🔴 Parado + 118 dias
1297;000352-02;AUTOVILLE - CONTAGEM;XD BETIM;MG;Contagem;62838;10023082;44402;;Peça avariada;;26/03/2026;26/03/2026;26/03/2026;08/03/2111;;350346;31/03/2026;21/04/2026;;;;;;;Coleta Efetuada;;15/04/2026;⚠ Fora do Prazo;91;🔴 Parado + 91 dias
1298;000111-01;DESTAQUE - BRAGANÇA PAULISTA;XD-DIADEMA;SP;Bragança Paulista;62841;10023086;44430;;Peça não compativel;Foi solicitada a peça  87110G2110-BI  CONFORME PEDIDO 100010171, ;26/03/2026;31/03/2026;30/03/2002;24/01/2164;335343;335343;06/04/2026;;;;;10/04/2026;96449;10/04/2026;NFD Lançada;;15/04/2026;✔ Concluído;–;
1299;000370-01;UNIQUE - ANANINDEUA;CARVALIMA;PA;Ananindeua;63108;10023311;44624;;Peça avariada;No ato da entrega com a embalagem lacrada, observei o engate do parachoque quebrado solto dentro da embalagem!;26/03/2026;;;;;;;;;;;;;;Dt Reclamação;;15/04/2026;⚠ Fora do Prazo;117;🔴 Parado + 117 dias
1300;000270-03;URCA RIO VERDE OFICINA;CARVALIMA;MS;DOURADOS;24755;10005745;22433;;Peça avariada;Mercadoria acusou falha interna no componente  kit recall - 919403k005qqh, após substituicao da peça ficou acusando luz de abs, freio de mao e de estabilidade acessa no painel.;26/03/2026;27/03/2026;27/03/2026;11/11/2250;336782;336782;01/04/2026;31/03/2026;;;30/04/2026;06/07/2026;;06/07/2026;NFD Lançada;;15/04/2026;⚠ Concluído Fora do Prazo;–;
1301;000007-01;GERAÇÃO - SAO JOSE;TRANSTRY;SC;São José;60114;10022138;43284;;Devolução aceita pelo Maicon;CONFORME TRATATIVA E AUTORIZAÇÃO POR EMAIL, ESTAMOS DEVOLVENDO AS PEÇAS;27/03/2026;29/04/2026;27/03/2026;23/12/2941;342335;342335;05/05/2026;04/05/2026;;;; 18/05/2026;380576; 18/05/2026;NFD Lançada;;16/04/2026;⚠ Concluído Fora do Prazo;–;
1302;000007-01;GERAÇÃO - SAO JOSE;TRANSTRY;SC;São José;60114;10022138;43284;;Devolução aceita pelo Maicon;CONFORME TRATATIVA E AUTORIZAÇÃO POR EMAIL, ESTAMOS DEVOLVENDO AS PEÇAS;27/03/2026;;27/03/2026;23/12/2941;342335;;05/05/2026;04/05/2026;;;; 18/05/2026;380576;;Conferência;;16/04/2026;⚠ Fora do Prazo;77;🔴 Parado + 77 dias
1303;000007-01;GERAÇÃO - SAO JOSE;TRANSTRY;SC;São José;60114;10022138;43284;;Devolução aceita pelo Maicon;CONFORME TRATATIVA E AUTORIZAÇÃO POR EMAIL, ESTAMOS DEVOLVENDO AS PEÇAS;27/03/2026;;27/03/2026;23/12/2941;342335;;05/05/2026;04/05/2026;;;;18/05/2026;380576;;Conferência;;16/04/2026;⚠ Fora do Prazo;77;🔴 Parado + 77 dias
1304;;HOUSE PARTS - COMERCIO DE PECAS E VEICULOS LTD;TRANSTRY;RS;Porto Alegre;62803;10007622;44381;;Pedido duplicado;PRODUTO ENVIADO EM DUPLICIDADE;27/03/2026;27/03/2026;;15/02/2456;;;01/04/2026;;;;;;;;Coleta Agendada;;16/04/2026;⚠ Fora do Prazo;111;🔴 Parado + 111 dias
1305;000372-01;SEVEC - CURITIBA;TRANSTRY;PR;Curitiba;62853;10023100;44349;;Peça avariada;Referente a nf 44349- Após a conferencia da nota fiscal 44349, foi identificado uma avaria, código 877432E001 1 unidade - VINDO com  marcas de uso e riscos em toda parte da peça;27/03/2026;31/03/2026;30/03/2002;25/12/2881;337553;337553;06/04/2026;01/04/2026;;;;20/04/2026;358664;;Conferência;;16/04/2026;⚠ Fora do Prazo;106;🔴 Parado + 106 dias
1306;000055-10;CAOA - IPIRANGA;XD-DIADEMA;SP;São Paulo;63270;10023343;44754;;Peça avariada;Compramos um modulo de injeção PNC-391083C737  para atender um cliente balcão e quando o cliente passou o aparelho para configurar o modulo, constou que o modulo já tinha um chassis gravado impossibilitando a gravação do mesmo;30/03/2026;04/05/2026;04/05/2026;26/09/2586;;;07/05/2026;;;;;;;;Coleta Agendada;;19/04/2026;⚠ Fora do Prazo;75;🔴 Parado + 75 dias
1307;;CHINHAN AUTOMOVEIS LTDA;TRANSTRY;RS;Erechim;;;45043;;;;30/03/2026;30/03/2026;27/03/2026;18/10/2012;;337562;02/04/2026;02/04/2026;;;;;;;Coleta Efetuada;;19/04/2026;⚠ Fora do Prazo;110;🔴 Parado + 110 dias
1308;000359-02;GRANDE COREIA - SALVADOR;TERMACO;BA;Salvador;42794;10018400;38671;;Peça fisica errada;Peça PN 86611D3000 trocada dentro da embalagem.;30/03/2026;;;294754/296588;;;;;;;;;;;Nº NFD;;19/04/2026;⚠ Fora do Prazo;113;🔴 Parado + 113 dias
1309;000359-02;GRANDE COREIA - SALVADOR;TERMACO;BA;Salvador;44642;10019841;40308;;Peça fisica errada;Peça PN 86611D3000 trocada dentro da embalagem;30/03/2026;;08/04/2026;20/12/2706;;;14/04/2026;;;;;;;;Coleta Agendada;;19/04/2026;⚠ Fora do Prazo;98;🔴 Parado + 98 dias
1310;000055-42;HMB - IMARÉS;XD-DIADEMA;SP;Sao Paulo;64420;10023967;45451;;Pedido cancelado;tinha feito cancelamento ;30/03/2026;01/04/2026;31/03/2026;13/01/1993;318838;318838;07/04/2026;;;;;;;;Coleta Agendada;;19/04/2026;⚠ Fora do Prazo;105;🔴 Parado + 105 dias
1311;;PATEO COMERCIO DE VEICULOS S/A CALHAU;TERMACO;MA;SAO LUIS;;;29171;;;;30/03/2026;30/03/2026;30/03/2026;23/08/2342;;;02/04/2026;;;;;;;;Coleta Agendada;;19/04/2026;⚠ Fora do Prazo;110;🔴 Parado + 110 dias
1312;000260-02;SMAFF - BRASÍLIA ASA NORTE;RIO VERMELHO;DF;Brasília;44101;10019413;39724;;Peça não compativel;PEÇA TROCADA DENTRO DA EMBALAGEM, BOMBA DIFERENTE DA QUE ESTA NO VEICULO, SEGUEM FOTOS DAS DUAS PEÇAS PARA COMPARAÇÃO.;30/03/2026;;;;;;;;;;;;;;Dt Reclamação;;19/04/2026;⚠ Fora do Prazo;113;🔴 Parado + 113 dias
1313;000369-01;ULSAN - CAMPO GRANDE II;CARVALIMA;MS;Campo Grande;62798;10015405;44377;;Pedido duplicado;Já atendido no pedido 10015405;30/03/2026;;;65086/65487;;;;;;;;;;;Nº NFD;;19/04/2026;⚠ Fora do Prazo;113;🔴 Parado + 113 dias
1314;000055-33;CAOA – BARRA DA TIJUCA;CAMILO;RJ;Rio de Janeiro;64231;10023858;45375;;Peça avariada;Bom dia ao conferirmos os volumes desta nota fiscal constatamos que umas das peças estava avariada.;31/03/2026;06/04/2026;02/04/2026;25/09/2136;342604;342604;09/04/2026;06/04/2026;;;;06/07/2026;;06/07/2026;NFD Lançada;;20/04/2026;⚠ Concluído Fora do Prazo;–;
1315;;CARWAY SUL VEICULOS LTDA;TRANSTRY;RS;Porto Alegre;47094;10021592;42539;;Peça avariada;;01/04/2026;01/04/2026;31/03/2026;24/06/2422;;342600;07/04/2026;06/04/2026;;;;;;01/07/2026;NFD Lançada;;21/04/2026;⚠ Concluído Fora do Prazo;–;
1316;000352-01;AUTOVILLE - BELO HORIZONTE;XD BETIM;MG;Belo Horizonte;62487;10002108;14820;;Peça não compativel;PEÇA SIMILAR NÃO APLICA NO VEICULO. ;02/04/2026;;;;;;;;;;;;;;Dt Reclamação;;22/04/2026;⚠ Fora do Prazo;110;🔴 Parado + 110 dias
1317;000027-06;CARHOUSE CAXIAS DO SUL;TRANSTRY;RS;CAXIAS DO SUL;64342;10022626;45487;;Peça fisica errada;Foi feito o pedido de dois Amortecedores de porta malas com o código R-817712W500 e na abertura das caixas como mostra em anexos haviam dois taparros etiquetados com o codigo dos amortecedores.Ou seja pegaram as etiquetas e colaram nos tapabarros e enviaram sem verificar quais peças eram.;02/04/2026;07/04/2026;06/04/2026;31/03/1907;334983;347419;10/04/2026;28/05/2026;;;;;;01/07/2026;NFD Lançada;;22/04/2026;⚠ Concluído Fora do Prazo;–;
1318;000352-02;HYUNDAI;MVT;SP;N/A;64706;10024204;45950;;Peça avariada;PEÇA 921014510 CHEGOU AVARIADA ;02/04/2026;06/04/2026;02/04/2026;24/10/2112;339154;339154;09/04/2026;07/04/2026;;;;06/03/2026;77730;;Conferência;;22/04/2026;⚠ Fora do Prazo;103;🔴 Parado + 103 dias
1319;000372-01;SEVEC - CURITIBA;TRANSTRY;PR;TRANSTRY;47080;10021577;42593;;Cliente dessistiu devido a demora no faturamento ;Referente a NF43593- Apos a conferencia da nota fiscal 42593, foi indentificado uma avaria , codigo 822102s0001 unidade- vindocom marcas de avarias no  meio da pestana.;02/04/2026;02/04/2026;02/04/2026;24/10/2882;337553;337553;08/04/2026;07/04/2026;;;;20/04/2026;358967;20/04/2026;NFD Lançada;;22/04/2026;⚠ Concluído Fora do Prazo;–;
1320;000353-01;CARBEL - BELO HORIZONTE;XD BETIM;MG;Belo Horizonte;64274;10023888;45586;;Peça fisica errada;"
NF 45586 SKU 86511D3500 - CAPA PARACHOQUE DIANT SUPERIOR chegou errado  para Carbel Korea, conforme as fotos anexo chegou foi um para-barro!";06/04/2026;07/04/2026;06/04/2026;08/09/2464;338238;338238;10/04/2026;08/04/2026;;;;29/05/2026;;29/05/2026;NFD Lançada;;26/04/2026;⚠ Concluído Fora do Prazo;–;
1321;000094-01;HYMAX - MOGI-GUACU;RISSO;SP;MOGI-GUAÇU;65353;10024623;46345;;Peça faltante;Foi inserido um novo pedido 10024623 para atender a peça faltante, porém já havia sido enviado através de outro pedido a peça que faltava. Dealer decidiu devolver a peça referente ao pedido 10024623;06/04/2026;04/05/2026;04/05/2026;26/05/2248;342144;342144;07/05/2026;07/05/2026;;;;;;;Coleta Efetuada;;26/04/2026;⚠ Fora do Prazo;75;🔴 Parado + 75 dias
1322;000270-01;URCA - UBERLÂNDIA OFICINA;XD BETIM;MG;Uberlândia;62487;10022870;44182;;PN alternativo não atende;PEÇA ENVIADA INCORRETAMENTE. ;06/04/2026;06/04/2026;06/04/2026;10/06/2685;338321;338321;09/04/2026;07/04/2026;;;;06/03/2026;286878;;Conferência;;26/04/2026;⚠ Fora do Prazo;103;🔴 Parado + 103 dias
1323;;LR COMERCIO DE VEICULOS LTDA;TRANSTRY;SC;SAO JOSE;;;44246;;;;07/04/2026;07/04/2026;09/03/2026;;;;10/04/2026;07/04/2026;;;;;;27/04/2026;NFD Lançada;;27/04/2026;✔ Concluído;–;
1324;;MASTER COMERCIAL DE VEICULOS LTDA;TERMACO;BA;Barreiras;;;18514;;;;07/04/2026;07/04/2026;07/04/2026;23/09/2020;;332059;10/04/2026;;;;;13/03/2026;;13/03/2026;NFD Lançada;;27/04/2026;✔ Concluído;–;
1325;;PATEO COMERCIO DE VEICULOS S A;NORTEX;AM;Manaus;;;43143;;;;07/04/2026;07/04/2026;25/02/2026;;;342714;10/04/2026;07/04/2026;;;;;;;Coleta Efetuada;;27/04/2026;⚠ Fora do Prazo;102;🔴 Parado + 102 dias
1326;;PATEO COMERCIO DE VEICULOS S A;NORTEX;AM;Manaus;;;43390;;;;07/04/2026;07/04/2026;26/02/2026;;;342714;10/04/2026;07/04/2026;;;;;;;Coleta Efetuada;;27/04/2026;⚠ Fora do Prazo;102;🔴 Parado + 102 dias
1327;;PATEO COMERCIO DE VEICULOS S A;NORTEX;AM;Manaus;;;43759;;;;07/04/2026;07/04/2026;05/03/2026;;;342714;10/04/2026;07/04/2026;;;;;;;Coleta Efetuada;;27/04/2026;⚠ Fora do Prazo;102;🔴 Parado + 102 dias
1328;;PATEO COMERCIO DE VEICULOS S A;NORTEX;AM;Manaus;;;44014;;;;07/04/2026;07/04/2026;09/03/2026;;;342714;10/04/2026;07/04/2026;;;;;;;Coleta Efetuada;;27/04/2026;⚠ Fora do Prazo;102;🔴 Parado + 102 dias
1329;;PATEO COMERCIO DE VEICULOS S A;NORTEX;AM;Manaus;;;44339;;;;07/04/2026;07/04/2026;12/03/2026;;;342714;10/04/2026;07/04/2026;;;;;;;Coleta Efetuada;;27/04/2026;⚠ Fora do Prazo;102;🔴 Parado + 102 dias
1330;;PATEO COMERCIO DE VEICULOS S A;NORTEX;AM;Manaus;;;44387;;;;07/04/2026;07/04/2026;12/03/2026;;;342714;10/04/2026;07/04/2026;;;;;;;Coleta Efetuada;;27/04/2026;⚠ Fora do Prazo;102;🔴 Parado + 102 dias
1331;;PATEO COMERCIO DE VEICULOS S A;NORTEX;AM;Manaus;;;45285;;;;07/04/2026;07/04/2026;24/03/2026;;;342714;10/04/2026;07/04/2026;;;;;;;Coleta Efetuada;;27/04/2026;⚠ Fora do Prazo;102;🔴 Parado + 102 dias
1332;;PATEO COMERCIO DE VEICULOS S A;NORTEX;AM;Manaus;;;45301;;;;07/04/2026;07/04/2026;24/03/2026;;;342714;10/04/2026;07/04/2026;;;;;;;Coleta Efetuada;;27/04/2026;⚠ Fora do Prazo;102;🔴 Parado + 102 dias
1333;;POLE POSITION TECNOLOGIA LTDA;CARVALIMA;AM;Manaus;;;42724;;;;07/04/2026;07/04/2026;19/02/2026;;;342842;10/04/2026;07/04/2026;;;;;;;Coleta Efetuada;;27/04/2026;⚠ Fora do Prazo;102;🔴 Parado + 102 dias
1334;;POLE POSITION TECNOLOGIA LTDA;CARVALIMA;AM;Manaus;;;43302;;;;07/04/2026;07/04/2026;26/02/2026;;;342842;10/04/2026;07/04/2026;;;;;;;Coleta Efetuada;;27/04/2026;⚠ Fora do Prazo;102;🔴 Parado + 102 dias
1335;;POLE POSITION TECNOLOGIA LTDA;CARVALIMA;AM;Manaus;;;43693;;;;07/04/2026;07/04/2026;04/03/2026;;;342842;10/04/2026;07/04/2026;;;;;;;Coleta Efetuada;;27/04/2026;⚠ Fora do Prazo;102;🔴 Parado + 102 dias
1336;;SMAFF IMPORT VEICULOS LTDA;RIO VERMELHO;DF;Brasília;44101;10019413;39724;;Peça não compativel;PEÇA TROCADA DENTRO DA EMBALAGEM, BOMBA DIFERENTE DA QUE ESTA NO VEICULO, SEGUEM FOTOS DAS DUAS PEÇAS PARA COMPARAÇÃO.;07/04/2026;07/04/2026;07/04/2026;24/08/2638;;337569;10/04/2026;09/04/2026;;;;29/05/2026;;29/05/2026;NFD Lançada;;27/04/2026;⚠ Concluído Fora do Prazo;–;
1337;000055-21;CAOA - ITAÚNA;CAMILO;RJ;Rio de Janeiro;61802;10021222;44480;;Peça avariada;Não houve ressalva do CTE pois a caixa e o plástico estavam intactos, sendo assim o motorista do caminhão foi liberado.;08/04/2026;09/04/2026;09/04/2026;17/07/2342;337576;337576;14/04/2026;10/04/2026;;;;06/03/2026;161636;;Conferência;;28/04/2026;⚠ Fora do Prazo;98;🔴 Parado + 98 dias
1338;000315-02;PATEO - SÃO LUIS (CALHAU);TERMACO;MA;São Luís;3685;10000744;1146;;Peça faltante;RECEBEMOS UM CONHECIMENTO COM DOIS VOLUMES SENDO QUE UM VOLUME VEIO COM UMA FALTA DE PEÇA DENTRO DESTE VOLUME ;08/04/2026;;;20/05/2343;;;;;;;;;;;Nº NFD;;28/04/2026;⚠ Fora do Prazo;104;🔴 Parado + 104 dias
1339;000260-01;SMAFF - BRASÍLIA;RIO VERMELHO;DF;Brasília;31997;10012119;26583;;Peça avariada;CHEGOU AVARIADA ;08/04/2026;08/04/2026;19/02/2026;15/11/2943;;;13/04/2026;;;;;;;;Coleta Agendada;;28/04/2026;⚠ Fora do Prazo;99;🔴 Parado + 99 dias
1340;000353-01;CARBEL - BELO HORIZONTE;XD BETIM;MG;Belo Horizonte;64274;10023888;45586;;Pedido não solicitado;Pedido faturou para o dealer errado.;09/04/2026;09/04/2026;08/04/2026;09/06/2040;339043;339043;14/04/2026;10/04/2026;;;; 03/06/2026;51296;;Conferência;;29/04/2026;⚠ Fora do Prazo;98;🔴 Parado + 98 dias
1341;;FAZZA MOTORS COMERCIO DE VEICULOS LTDA;TERMACO;BA;Salvador;;;38671;;;;09/04/2026;09/04/2026;08/04/2026;20/12/2706;;;14/04/2026;;;;;;;;Conferência;;29/04/2026;⚠ Fora do Prazo;98;🔴 Parado + 98 dias
1342;;SAGA KOREA COMERCIO DE VEICULOS PECAS E SERVI;RIO VERMELHO;GO;GOIANIA;;;41126;;;;09/04/2026;09/04/2026;21/02/2026;11/07/2131;;340233;14/04/2026;15/04/2026;;;;29/05/2026;;29/05/2026;NFD Lançada;;29/04/2026;⚠ Concluído Fora do Prazo;–;
1343;000251-06;BARI - PONTA GROSSA;TRANSTRY;PR;Ponta Grossa;44106;10019417;41304;;Seguradora realizou o cancelamento;Item cancelado pela seguradora por conta da demora no faturamento.(Devolução aceita por Abel);10/04/2026;13/04/2026;10/04/2026;20/04/2217;337726;337726;16/04/2026;14/04/2026;;;; 20/04/2026;115893; 20/04/2026;NFD Lançada;;30/04/2026;⚠ Concluído Fora do Prazo;–;
1344;000055-33;CAOA – BARRA DA TIJUCA;CAMILO;RJ;Rio de Janeiro;62240;10022676;43940;;Peça fisica errada;Peça trocada dentro da embalagem.;10/04/2026;10/04/2026;09/04/2026;19/04/2137;;349212;15/04/2026;17/04/2026;;;;;;;Coleta Efetuada;;30/04/2026;⚠ Fora do Prazo;95;🔴 Parado + 95 dias
1345;;FAZZA MOTORS COMERCIO DE VEICULOS LTDA;TERMACO;BA;Salvador;;;40308;;;;10/04/2026;10/04/2026;08/04/2026;03/01/2707;;337972;15/04/2026;;;;;07/05/2026;;07/05/2026;NFD Lançada;;30/04/2026;⚠ Concluído Fora do Prazo;–;
1346;000359-02;GRANDE COREIA - SALVADOR;TERMACO;BA;Salvador;48320;10022016;43582;;Peça não compativel ;boia do combustivel não é compativel;10/04/2026;10/04/2026;08/04/2026;04/01/2707;;;15/04/2026;;;;;;;;Coleta Agendada;;30/04/2026;⚠ Fora do Prazo;97;🔴 Parado + 97 dias
1347;000055-36;HYUNDAI CAOA - RAPOSO TAVARES OFICINA;XD-DIADEMA;SP;Sao Paulo;47268;10021675;42813;;Peça avariada;detectamos no ato da entrega que a peça FAROL LE(CONJUNTO OPTICO) (V) PN 92101D3100 encontra-se usada. Alem de usada não atende ao pedido solicitado peça entregue errada;10/04/2026;20/04/2026;17/04/2026;16/04/1936;302253;302253;24/04/2026;;;;;03/06/2026;;03/06/2026;NFD Lançada;;30/04/2026;⚠ Concluído Fora do Prazo;–;
1348;000354-01;MASTER - BARREIRAS;TERMACO;BA;Barreiras;63265;10023363;44764;;Peça não compativel ;SOLICITADO O PN SIMILAR E FOI PASSADO O 495002B900, O CLIENTE INFORMOU QUE O VEICULO É DIESEL NÃO SERVE;10/04/2026;13/04/2026;10/04/2026;18/11/2020;332037;332037;16/04/2026;;;;;19/03/2026;;19/03/2026;NFD Lançada;;30/04/2026;✔ Concluído;–;
1349;000260-01;SMAFF - BRASÍLIA;RIO VERMELHO;DF;Brasília;32746;10012518;27435;;Peça avariada;Chegou com cola;10/04/2026;15/05/2026;07/04/2026;29/03/2951;;353030;15/04/2026;;;;;;;;Coleta Agendada;;30/04/2026;⚠ Fora do Prazo;67;🔴 Parado + 67 dias
1350;000352-02;AUTOVILLE - CONTAGEM;XD BETIM;MG;Contagem;65324;10024610;46289;;Peça avariada;Peça 253504F400 chegou avariada/quebrada.;11/04/2026;20/04/2026;15/04/2026;04/12/2114;342601;342601;24/04/2026;23/04/2026;;;;29/05/2026;;29/05/2026;NFD Lançada;;01/05/2026;⚠ Concluído Fora do Prazo;–;
1351;000315-01;PATEO - MANAUS;CARVALIMA;AM;Manaus;61562;10022206;43490;;Peça avariada;chegou avariada/quebrada.;13/04/2026;07/04/2026;15/04/2026;07/07/2176;342714;342714;20/04/2026;15/05/2026;;;;;;;Coleta Efetuada;;03/05/2026;⚠ Fora do Prazo;67;🔴 Parado + 67 dias
1352;000315-01;PATEO - MANAUS;CARVALIMA;AM;Manaus;62049;10022570;43697;;Pedido duplicado;10021690;13/04/2026;;;20/08/2019;;;;;;;;;;;Nº NFD;;03/05/2026;⚠ Fora do Prazo;99;🔴 Parado + 99 dias
1353;000111-02;DESTAQUE - ATIBAIA;XD-DIADEMA;SP;Atibaia;64098;10023751;45297;;Peça avariada;Código 760032S040 está amassada;14/04/2026;06/05/2026;06/05/2026;15/04/2172;;;11/05/2026;;;;;;;;Coleta Agendada;;04/05/2026;⚠ Fora do Prazo;71;🔴 Parado + 71 dias
1354;000111-02;DESTAQUE - ATIBAIA;XD-DIADEMA;SP;Atibaia;64268;10023880;45344;;Peça avariada;Código 863502S500-DS e está riscada na parte porosa;14/04/2026;06/05/2026;06/05/2026;14/04/2172;;;11/05/2026;;;;;06/07/2026;;06/07/2026;NFD Lançada;;04/05/2026;⚠ Concluído Fora do Prazo;–;
1355;000315-02;PATEO - SÃO LUIS (CALHAU);TERMACO;MA;São Luís;18686;10006393;14761;;Devolução aceita pelo Maicon;Peças não se aplica no veiculo;14/04/2026;;;;;;;;;;;;;;Dt Reclamação;;04/05/2026;⚠ Fora do Prazo;98;🔴 Parado + 98 dias
1356;000318-01;TAI - CAMPOS DOS GOYTACAZES;CAMILO;RJ;Campos dos Goytacazes;65116;10024458;46047;;Devolução aceita pelo Maicon;FOI SOLITADA UMA PEÇA A MAIS. ERRO DO SOLICITANTE.;14/04/2026;20/04/2026;07/04/2026;28/07/2355;;;24/04/2026;22/04/2026;;;;;;;Coleta Efetuada;;04/05/2026;⚠ Fora do Prazo;88;🔴 Parado + 88 dias
1357;;PATEO COMERCIO DE VEICULOS S/A;NORTEX;AM;Manaus;62049;10022570;43697;;Pedido duplicado;10021690;15/04/2026;15/04/2026;15/04/2026;08/07/2176;;340231;20/04/2026;20/04/2026;;;;06/07/2026;;06/07/2026;NFD Lançada;;05/05/2026;⚠ Concluído Fora do Prazo;–;
1358;000251-01;BARI - BLUMENAU OFICINA;TRANSTRY;SC;Blumenau;65525;10024754;46971;;Peça avariada;Nota Fiscal nº 46971 referente ao pedido nº 65525. No ato do recebimento foi identificado avaria na peça 291102S550. A peça está quebrada.;17/04/2026;17/04/2026;17/04/2026;20/10/2292;339263;339263;23/04/2026;23/04/2026;;;;13/05/2026;143470;13/05/2026;NFD Lançada;;07/05/2026;⚠ Concluído Fora do Prazo;–;
1359;000055-03;CAOA - OFICINA CEASA;XD-DIADEMA;SP;Sao Paulo;65138;10024421;46031;;Peça não compativel ;PEÇAS SOLICITADAS PARA MONTAGEM DE UM VEICULO COM O PN FORNECIDO PELO CATALOGO ESTA INCOMPATIVEL COM O VEICULO. PEÇAS MENORES. SOLICITO DEVOLUÇAO.;17/04/2026;;;24/03/2212;;;;;;;;;;;Nº NFD;;07/05/2026;⚠ Fora do Prazo;95;🔴 Parado + 95 dias
1360;000027-04;CARHOUSE - PORTO ALEGRE;TRANSTRY;RS;Porto Alegre;66883;10025673;47750;;PN alternativo não atende;Foi recebido o item 866902S010 avariado no ato da entrega, segue em ;17/04/2026;;22/04/2026;30/05/2460;;;28/04/2026;28/04/2026;;;;;;01/07/2026;NFD Lançada;;07/05/2026;⚠ Concluído Fora do Prazo;–;
1361;000111-01;DESTAQUE - BRAGANÇA PAULISTA;XD-DIADEMA;SP;Bragança Paulista;64339;10023942;45483;;PN alternativo não atende;FOI SOLICITADO A PEÇA 86511D3000, numero Pedido 10023942 , porém foi atendido o pedido com o código alternativo 86540D3020 novamente o para-choque chegou com furo de senosr, e o correto, é sem o furo. O que estamos precisando é do parachoque 86511D3000 sem furo de sensor. Nesse caso a CEVA está nos enviando o para-choque com o código 86540D3020 errado. Peço gentileza que por favor nos próximos a possibilidade de verificarem o estoque antes de enviar. Vamos estar solicitando novamente o para-choque correto.;17/04/2026;22/04/2026;22/04/2026;13/05/2165;341216;341216;27/04/2026;23/04/2026;;;;06/07/2026;;06/07/2026;NFD Lançada;;07/05/2026;⚠ Concluído Fora do Prazo;–;
1362;000055-36;HYUNDAI CAOA - RAPOSO TAVARES OFICINA;XD-DIADEMA;SP;Sao Paulo;66164;10025122;47304;;Peça fisica errada;LANTERNA TRAZEIRA ENTREGUE COM LADO INCORRETO. ENTREGUE 2 LADOS ESQUERDO (LH) PEDIDO FEITO UM PAR (RH-LH).;22/04/2026;15/06/2026;04/05/2026;19/12/1936;;353064;18/06/2026;;;;;06/07/2026;;06/07/2026;NFD Lançada;;12/05/2026;⚠ Concluído Fora do Prazo;–;
1363;;SEVEC VEICULOS LTDA;TRANSTRY;PR;Curitiba;;;44140;;;;22/04/2026;22/04/2026;22/04/2026;;;340226;27/04/2026;;;;;;;12/05/2026;NFD Lançada;;12/05/2026;✔ Concluído;–;
1364;;HOUSE PARTS - COMERCIO DE PECAS E VEICULOS LTD;TRANSTRY;RS;Porto Alegre;;;46919;;;;23/04/2026;23/04/2026;22/04/2026;30/05/2460;;;28/04/2026;28/04/2026;;;;;;;Coleta Efetuada;;13/05/2026;⚠ Fora do Prazo;84;🔴 Parado + 84 dias
1365;;JPG MOTORS COMERCIO DE VEICULOS LTDA;CARVALIMA;MS;Campo Grande;62798;10015405;44377;;Pedido duplicado;Já atendido no pedido 10015405;24/04/2026;24/04/2026;17/04/2026;12/03/2078;;;29/04/2026;;;;;;;;Coleta Agendada;;14/05/2026;⚠ Fora do Prazo;83;🔴 Parado + 83 dias
1366;000097-01;GALA - PELOTAS;TRANSTRY;RS;Pelotas;62345;10022766;45775;;Pedido cancelado;Pedido faturado após solicitação de cancelamento;26/04/2026;27/04/2026;24/04/2026;18/03/2196;340234;340234;30/04/2026;29/04/2026;;;;13/05/2026;108191;13/05/2026;NFD Lançada;;16/05/2026;✔ Concluído;–;
1367;000251-06;BARI - PONTA GROSSA;TRANSTRY;PR;Ponta Grossa;67167;10025875;47975;;Peça avariada;A caixa foi aberta na presença do motorista, o item veio totalmente solto dentro da embalagem sem nenhum tipo de proteção toda arranhada.;28/04/2026;;;;;;;;;;;;;;Dt Reclamação;;18/05/2026;⚠ Fora do Prazo;84;🔴 Parado + 84 dias
1368;;BARI VEICULOS LTDA;TRANSTRY;PR;Guarapuava;;;47564;;;;28/04/2026;28/04/2026;;;;341201;04/05/2026;28/04/2026;;;;;;18/05/2026;NFD Lançada;;18/05/2026;✔ Concluído;–;
1369;000027-04;CARHOUSE - PORTO ALEGRE;TRANSTRY;RS;Porto Alegre;64687;10024186;47212;;Peça fisica errada;Poderia verificar o fornecimento do código 865502s100, chegou o item 865812s100 dentro da caixa sendo uma peça diferente conforme imagens;28/04/2026;;28/04/2026;02/11/2461;;;04/05/2026;;;;;;;;Coleta Agendada;;18/05/2026;⚠ Fora do Prazo;78;🔴 Parado + 78 dias
1370;000309-03;CARWAY - CANOAS;TRANSTRY;RS;CANOAS;66112;10025152;47214;;Peça avariada;AVARIA LOCALIZADA NO CENTRO DA PEÇA AMASSADA;28/04/2026;;;;;;;;;;;;;;Dt Reclamação;;18/05/2026;⚠ Fora do Prazo;84;🔴 Parado + 84 dias
1371;000309-03;CARWAY - CANOAS;TRANSTRY;RS;CANOAS;66247;10025250;47260;;Peça avariada;PAINEL FRONTAL QUEBRADO PARTE SUPERIOR DIREITA ;28/04/2026;;;;;;;;;;;;;;Dt Reclamação;;18/05/2026;⚠ Fora do Prazo;84;🔴 Parado + 84 dias
1372;;GALA COMERCIO DE VEICULOS LTDA.;TRANSTRY;RS;Pelotas;;;46975;;;;28/04/2026;28/04/2026;;;;342596;04/05/2026;28/04/2026;;;;;;18/05/2026;NFD Lançada;;18/05/2026;✔ Concluído;–;
1373;000310-02;GAMBATTO - PASSO FUNDO;TRANSTRY;RS;Passo Fundo;46998;10020066;42585;;Pedido extraviado encontrado;Foi enviado e-mail no dia 10/03 informando que essas duas peças da nota fiscal 42585 estavam como recebido.Recebemos orientações de incluir um novo pedido de peças pois os cliente ainda queriam comprá-las. O pedido novo foi incluido, e ;28/04/2026;;;;;;;;;;;;;;Dt Reclamação;;18/05/2026;⚠ Fora do Prazo;84;🔴 Parado + 84 dias
1374;000310-02;GAMBATTO - PASSO FUNDO;TRANSTRY;RS;Passo Fundo;46998;10020066;42585;;Pedido extraviado encontrado;Foi enviado e-mail no dia 10/03 informando que essas duas peças da nota fiscal 42585 estavam como recebido.Recebemos orientações de incluir um novo pedido de peças pois os cliente ainda queriam comprá-las. O pedido novo foi incluido, e ;28/04/2026;;;;;;;;;;;;;;Dt Reclamação;;18/05/2026;⚠ Fora do Prazo;84;🔴 Parado + 84 dias
1375;;HOUSE PARTS - COMERCIO DE PECAS E VEICULOS LTD;TRANSTRY;RS;Porto Alegre;;;7212;;;;28/04/2026;28/04/2026;28/04/2026;02/11/2461;;;04/05/2026;;;;;;;;Coleta Agendada;;18/05/2026;⚠ Fora do Prazo;78;🔴 Parado + 78 dias
1376;000260-01;SMAFF - BRASÍLIA;RIO VERMELHO;DF;Brasília;66534;10025421;47553;;Peça avariada;Peça chegou com marcas de uso;28/04/2026;28/04/2026;28/04/2026;24/09/2954;342143;342143;04/05/2026;06/05/2026;;;;;;;Coleta Efetuada;;18/05/2026;⚠ Fora do Prazo;76;🔴 Parado + 76 dias
1377;000318-01;TAI - CAMPOS DOS GOYTACAZES;CAMILO;RJ;Campos dos Goytacazes;66877;10025666;47800;;Peça avariada;CAIXA COM MARCAS, ABERTA E A PONTA DA PEÇA QUEBRADA ;28/04/2026;29/04/2026;28/04/2026;10/05/2356;;;05/05/2026;;;;;;;;Coleta Efetuada;;18/05/2026;⚠ Fora do Prazo;77;🔴 Parado + 77 dias
1378;000251-06;BARI - PONTA GROSSA;TRANSTRY;PR;Ponta Grossa;46008;10020830;41686;;Peça fisica errada;Boa tarde, solicitamos a peça 866202S010, foi faturado corretamente, mas a peça que chegou para nós foi a 865103V540, foi feito a ressalva no verso do CTE.;29/04/2026;11/05/2026;28/04/2026;06/10/2218;342602;342602;14/05/2026;12/05/2026;;;;;;01/07/2026;NFD Lançada;;19/05/2026;⚠ Concluído Fora do Prazo;–;
1379;;BARI VEICULOS LTDA;TRANSTRY;PR;Guarapuava;67167;10025875;47975;;Peça avariada;A caixa foi aberta na presença do motorista, o item veio totalmente solto dentro da embalagem sem nenhum tipo de proteção toda arranhada.;29/04/2026;29/04/2026;28/04/2026;03/10/2218;;342602;05/05/2026;30/04/2026;;;;;;01/07/2026;NFD Lançada;;19/05/2026;⚠ Concluído Fora do Prazo;–;
1380;000353-01;CARBEL - BELO HORIZONTE;XD BETIM;MG;Belo Horizonte;65208;10024526;46262;;Dealer participando do piloto de atendimento a seguradoras;Pedido feito com divergencia de ano do carro, pois no WPC não aparece com o chassi(Maicon);29/04/2026;30/04/2026;29/04/2026;05/10/2468;;;06/05/2026;;;;23/06/2026;;;;Enviado Araçariguama;;19/05/2026;⚠ Fora do Prazo;28;🔴 Parado + 28 dias
1381;000353-01;CARBEL - BELO HORIZONTE;XD BETIM;MG;Belo Horizonte;65208;10024526;46262;;Dealer participando do piloto de atendimento a seguradoras;Pedido feito com divergencia de ano do carro, pois no WPC não aparece com o chassi(Maicon);29/04/2026;;29/04/2026;05/10/2468;;;06/05/2026;;;;;;;;Coleta Agendada;;19/05/2026;⚠ Fora do Prazo;76;🔴 Parado + 76 dias
1382;000353-01;CARBEL - BELO HORIZONTE;XD BETIM;MG;Belo Horizonte;65208;10024526;46262;;Dealer participando do piloto de atendimento a seguradoras;Pedido feito com divergencia de ano do carro, pois no WPC não aparece com o chassi(Maicon);29/04/2026;;29/04/2026;05/10/2468;;;06/05/2026;;;;;;;;Coleta Agendada;;19/05/2026;⚠ Fora do Prazo;76;🔴 Parado + 76 dias
1383;000353-01;CARBEL - BELO HORIZONTE;XD BETIM;MG;Belo Horizonte;65208;10024526;46262;;Dealer participando do piloto de atendimento a seguradoras;Pedido feito com divergencia de ano do carro, pois no WPC não aparece com o chassi(Maicon);29/04/2026;;29/04/2026;05/10/2468;;;06/05/2026;;;;;;;;Coleta Agendada;;19/05/2026;⚠ Fora do Prazo;76;🔴 Parado + 76 dias
1384;000055-36;HYUNDAI CAOA - RAPOSO TAVARES OFICINA;XD-DIADEMA;SP;Sao Paulo;61673;10022273;43555;;Peça avariada;AO RECEBER O ITEM SOLICITADO FOI CONSTATADO QUE A PEÇA ESTAVA COM AVARIA NO CONECTOR DO CHICOTE!;29/04/2026;05/05/2026;04/05/2026;18/12/1936;302060;302060;08/05/2026;;;;;03/06/2026;;03/06/2026;NFD Lançada;;19/05/2026;⚠ Concluído Fora do Prazo;–;
1385;000055-35;HYUNDAI CAOA - TIJUCA OFICINA;CAMILO;RJ;Rio de Janeiro;66132;10025139;47381;;Peça fisica errada;O item 954302E110 foi recebido com divergência de conteúdo. A etiqueta da embalagem corresponde corretamente ao código da peça, porém, ao realizar;29/04/2026;30/04/2026;29/04/2026;18/12/1965;342603;342603;06/05/2026;04/05/2026;;;;;;;Coleta Efetuada;;19/05/2026;⚠ Fora do Prazo;76;🔴 Parado + 76 dias
1386;000044-05;SAGA - GOIÂNIA II;RIO VERMELHO;GO;Goiânia;43732;10019113;39468;;Peça não compativel ;DIVERGENCIA FOI IDENTIFICADA NO MOMENTO DA MONTAGEM;29/04/2026;;;21/01/2008;;;;;;;;;;;Nº NFD;;19/05/2026;⚠ Fora do Prazo;83;🔴 Parado + 83 dias
1387;000373-04;SINAL - ANÁLIA FRANCO;XD-DIADEMA;SP;São Paulo;66679;10025515;47583;;Peça avariada;FRISO DO PARACHOQUE DIANTEIRO VEIO QUEBRADO DENTRO DA CAIXA - PEÇA 86567D3000;29/04/2026;05/05/2026;04/05/2026;14/11/2390;;;08/05/2026;;;;;;;;Coleta Agendada;;19/05/2026;⚠ Fora do Prazo;74;🔴 Parado + 74 dias
1388;000260-02;SMAFF - BRASÍLIA ASA NORTE;RIO VERMELHO;DF;Brasília;63314;10023393;44835;;Peça fisica errada;PEÇA COM O LADO INCORRETO VEIO LADO ESQUERDO.;30/04/2026;;;;;;;;;;;;;;Dt Reclamação;;20/05/2026;⚠ Fora do Prazo;82;🔴 Parado + 82 dias
1389;000260-02;SMAFF - BRASÍLIA ASA NORTE;RIO VERMELHO;DF;Brasília;66155;10025186;47384;;Peça fisica errada;PEÇA COM O LADO INCORRETO VEIO LADO ESQUERDO.;30/04/2026;;;;;;;;;;;;;;Dt Reclamação;;20/05/2026;⚠ Fora do Prazo;82;🔴 Parado + 82 dias
1390;;L.R. COMERCIO DE VEICULOS LTDA;TRANSTRY;SC;São José;;;44071;;;;04/05/2026;04/05/2026;27/03/2026;21/12/2941;;341225;07/05/2026;05/05/2026;;;;;;24/05/2026;NFD Lançada;;24/05/2026;✔ Concluído;–;
1391;000055-03;CAOA - OFICINA CEASA;XD-DIADEMA;SP;São Paulo;66753;10025523;47702;;Peça avariada;PEÇA RECEBIDA COM DEFEITO NO DIA DA ENTREGA (QUEBRADA AO MEIO);05/05/2026;08/05/2026;07/05/2026;29/11/2212;;353182;13/05/2026;;;;;06/07/2026;;06/07/2026;NFD Lançada;;25/05/2026;⚠ Concluído Fora do Prazo;–;
1392;;FAZZA MOTORS COMERCIO DE VEICULOS LTDA;TERMACO;BA;Salvador;42794;10018400;38671;;Peça fisica errada;Peça PN 86611D3000 trocada dentro da embalagem.;05/05/2026;05/05/2026;30/04/2026;11/01/2712;;;08/05/2026;;;;;;;;Coleta Agendada;;25/05/2026;⚠ Fora do Prazo;74;🔴 Parado + 74 dias
1393;000383-02;MAX - MORUMBI;XD-DIADEMA;SP;São Paulo;63453;10023406;44897;;Peça não compativel ;Peça não está com avaria, mas o código informado não está de acordo com o veículo. No campo abaixo está à esquerda a peça que recebemos, e à direita a peça que está no veículo.;05/05/2026;13/05/2026;11/05/2026;06/10/2348;;;28/05/2026;;;;;;;;Coleta Agendada;;25/05/2026;⚠ Fora do Prazo;54;🔴 Parado + 54 dias
1394;000383-06;MAX ATACADO PÇS;XD-DIADEMA;SP;São Paulo;66766;10025580;47650;;Peça avariada;Peça chegou quebrada aqui - no ato da confêrencia foi identificado;05/05/2026;12/05/2026;05/05/2026;14/04/1930;300034;300034;08/05/2026;;;;;15/05/2026;;15/05/2026;NFD Lançada;;25/05/2026;✔ Concluído;–;
1395;;SAGA KOREA COMERCIO DE VEICULOS PECAS E SERVI;RIO VERMELHO;GO;Goiânia;43732;10019113;39468;;Peça não compativel ;DIVERGENCIA FOI IDENTIFICADA NO MOMENTO DA MONTAGEM;05/05/2026;05/05/2026;30/04/2026;29/06/2136;;;08/05/2026;;;;;;;;Coleta Efetuada;;25/05/2026;⚠ Fora do Prazo;74;🔴 Parado + 74 dias
1396;000251-06;BARI - PONTA GROSSA;TRANSTRY;PR;Ponta Grossa;67836;10026315;48597;;Peça avariada;A caixa foi aberta na presença do motorista, o item veio totalmente solto dentro da embalagem sem nenhum tipo de proteção toda arranhada.;06/05/2026;29/05/2026;07/05/2026;17/05/2219;;;03/06/2026;01/06/2026;;;;;;;Coleta Efetuada;;26/05/2026;⚠ Fora do Prazo;48;🔴 Parado + 48 dias
1397;000353-01;CARBEL - BELO HORIZONTE;XD BETIM;MG;Belo Horizonte;65208;10024526;46262;;Dealer participando do piloto de atendimento a seguradoras;Pedido feito com divergencia de ano do carro, pois no WPC não aparece com o chassi(Maicon);07/05/2026;07/05/2026;07/05/2026;07/01/2470;342142;342142;11/05/2026;12/05/2026;;;;;;;Coleta Efetuada;;27/05/2026;⚠ Fora do Prazo;70;🔴 Parado + 70 dias
1398;000353-01;CARBEL - BELO HORIZONTE;XD BETIM;MG;Belo Horizonte;65208;10024526;46262;;Dealer participando do piloto de atendimento a seguradoras;Pedido feito com divergencia de ano do carro, pois no WPC não aparece com o chassi(Maicon);07/05/2026;;07/05/2026;07/01/2470;342142;;11/05/2026;12/05/2026;;;;;;;Coleta Efetuada;;27/05/2026;⚠ Fora do Prazo;70;🔴 Parado + 70 dias
1399;000353-01;CARBEL - BELO HORIZONTE;XD BETIM;MG;Belo Horizonte;67384;10026009;48198;;Peça fisica errada;PEDIDO FOI ENVIADO ERRADO ;07/05/2026;08/05/2026;07/05/2026;05/01/2470;;;12/05/2026;12/05/2026;;;;;;;Coleta Efetuada;;27/05/2026;⚠ Fora do Prazo;70;🔴 Parado + 70 dias
1400;000353-01;CARBEL - BELO HORIZONTE;XD BETIM;MG;Belo Horizonte;67384;10026009;48198;;Peça fisica errada;PEDIDO FOI ENVIADO ERRADO ;07/05/2026;;07/05/2026;05/01/2470;;;12/05/2026;12/05/2026;;;;;;;Coleta Efetuada;;27/05/2026;⚠ Fora do Prazo;70;🔴 Parado + 70 dias
1401;000353-01;CARBEL - BELO HORIZONTE;XD BETIM;MG;Belo Horizonte;67384;10026009;48198;;Peça fisica errada;PEDIDO FOI ENVIADO ERRADO ;07/05/2026;;07/05/2026;05/01/2470;;;12/05/2026;12/05/2026;;;;;;;Coleta Efetuada;;27/05/2026;⚠ Fora do Prazo;70;🔴 Parado + 70 dias
1402;000353-01;CARBEL - BELO HORIZONTE;XD BETIM;MG;Belo Horizonte;67384;10026009;48198;;Peça fisica errada;PEDIDO FOI ENVIADO ERRADO ;07/05/2026;;07/05/2026;05/01/2470;;;12/05/2026;12/05/2026;;;;;;;Coleta Efetuada;;27/05/2026;⚠ Fora do Prazo;70;🔴 Parado + 70 dias
1403;000007-01;GERAÇÃO - SAO JOSE;TRANSTRY;SC;São José;68258;10026608;48871;;Peça avariada;No ato do recebimento identificamos um volume com avaria, Lanterna Traseira Lado Direiro Palisaide quebrada ;07/05/2026;21/05/2026;12/05/2026;28/11/2949;;;25/05/2026;21/05/2026;;;;;;01/07/2026;NFD Lançada;;27/05/2026;⚠ Concluído Fora do Prazo;–;
1404;000094-01;HYMAX - MOGI-GUACU;MVT;SP;MOGI GUAÇU;67047;10025786;47909;;PN alternativo não atende;SOLICITAMOS UMA PEÇA NA MONTADORA E MESMA ESTAVA EM BO E A MONTADORA ENVIOU UMA ALTERNATIVA E A MESMA ESTAVA ERRADA E NÃO APLICAVEL NO VEICULO PEÇA SOLICITADA 2232123000 PEÇA ENVIADA 2232137120;07/05/2026;;;;;;;;;;;;;;Coleta Agendada;;27/05/2026;⚠ Fora do Prazo;75;🔴 Parado + 75 dias
1405;000055-24;HYUNDAI CAOA - CRISTIANO MACHADO;XD BETIM;MG;Belo Horizonte;66183;10025198;47299;;Peça fisica errada;SOLICITAMOS A DEVOLUÇÃO DO ITEN ABAIXO , PORQUE A PEÇA VEIO TROCADA A ETIQUETA ESTA DIFERENTE DA ETIQUETA DA CAIXA .;07/05/2026;11/05/2026;08/05/2026;06/01/2246;;;13/05/2026;;;;23/06/2026;;;;Enviado Araçariguama;;27/05/2026;⚠ Fora do Prazo;28;🔴 Parado + 28 dias
1406;000315-06;PATEO - FEIRA DE SANTANA;TERMACO;BA;Feira de Santana;38027;10015075;33924;;Peça não compativel ;Não sanou o problema do carro;07/05/2026;11/05/2026;11/05/2026;26/02/2149;;;14/05/2026;;;;;06/07/2026;;06/07/2026;NFD Lançada;;27/05/2026;⚠ Concluído Fora do Prazo;–;
1407;000315-06;PATEO - FEIRA DE SANTANA;TERMACO;BA;Feira de Santana;61954;10022332;43905;;Peça fisica errada;Pedido lado esquerdo e veio lado direito, verificar com equipe do estoque;07/05/2026;21/05/2026;07/05/2026;18/12/2148;;;26/05/2026;;;;;;;;Coleta Agendada;;27/05/2026;⚠ Fora do Prazo;56;🔴 Parado + 56 dias
1408;000055-04;CAOA - SBC;–;–;–;65261;10024553;46237;;PN alternativo não atende;FOI SOLICITADO A PEÇA B251205K001 MANGUEIRA POREM A HYUNDAI COLOCOU SIMILAR B251205K100 COXIM, TOTALMENTE COM O QUE FOI SOLICITADO;08/05/2026;;;01/11/2517;;;;;;;;;;;Nº NFD;;28/05/2026;⚠ Fora do Prazo;74;🔴 Parado + 74 dias
1409;000055-01;HB CAOA - NAÇÕES UNIDAS;XD-DIADEMA;SP;São Paulo;65410;10024581;46408;;Peça fisica errada;A peça de cód 86563F2300EB veio invertida dentro da embalagem, no lugar veio a peça de cód 86563F2100, não foi feito ressalva pois só identificamos no ato da entrega ao cliente.;08/05/2026;08/05/2026;08/05/2026;20/02/2347;;350644;13/05/2026;;;;;06/07/2026;;06/07/2026;NFD Lançada;;28/05/2026;⚠ Concluído Fora do Prazo;–;
1410;000251-09;BARIGUI - JARAGUÁ DO SUL;TRANSTRY;SC;Jaraguá do Sul;63584;10023517;46958;;Peça fisica errada;Foi solicitado um sensor de oxigenio código 296504A100 mas dentro da embalagem esta um outro sensor código 3921023710;11/05/2026;14/05/2026;11/05/2026;10/07/1913;;;19/05/2026;15/05/2026;;;;;;;Coleta Efetuada;;31/05/2026;⚠ Fora do Prazo;63;🔴 Parado + 63 dias
1411;000111-02;DESTAQUE - ATIBAIA;XD-DIADEMA;SP;Atibaia;65384;10024650;46394;;Peça avariada;Código 86512D3000 ponta para choque com pequeno amassado Pedido 065384;11/05/2026;;;;;;;;;;;;;;Dt Reclamação;;31/05/2026;⚠ Fora do Prazo;71;🔴 Parado + 71 dias
1412;;BDG AUTOVILLE VEICULOS LTDA;XD BETIM;MG;Contagem;;;48658;;;;12/05/2026;12/05/2026;12/05/2026;28/02/2120;;;15/05/2026;;;;23/06/2026;;;;Enviado Araçariguama;;01/06/2026;⚠ Fora do Prazo;28;🔴 Parado + 28 dias
1413;;JPG MOTORS COMERCIO DE VEICULOS LTDA;CARVALIMA;MS;Campo Grande;62798;10015405;65086;;Pedido duplicado;Já atendido no pedido 10015405;12/05/2026;12/05/2026;11/05/2026;17/04/2079;;;15/05/2026;;;;;;;;Coleta Efetuada;;01/06/2026;⚠ Fora do Prazo;67;🔴 Parado + 67 dias
1414;000327-01;OPEN - CASCAVEL;TRANSTRY;PR;Cascavel;63069;10023278;44672;;Peça avariada;;12/05/2026;14/05/2026;11/05/2026;08/10/2242;;351297;18/05/2026;15/05/2026;;;;;;;Coleta Efetuada;;01/06/2026;⚠ Fora do Prazo;64;🔴 Parado + 64 dias
1415;000318-03;TAI - BELO HORIZONTE;XD BETIM;MG;Belo Horizonte;67881;10026340;48614;;Pedido duplicado por Alex Agostinho;foi atendido com PN 285302BAC0 cujo já recebemos a peça pela NF 30074..;12/05/2026;;;12/03/2386;;353286;;;;;;;;;CT-e Devolução;;01/06/2026;⚠ Fora do Prazo;70;🔴 Parado + 70 dias
1416;000313-02;LOVAT - LONDRINA;TRANSTRY;PR;Londrina;67705;10026230;48430;;Pedido duplicado;;14/05/2026;14/05/2026;14/05/2026;30/05/2650;;;19/05/2026;;;;;;;;Coleta Efetuada;;03/06/2026;⚠ Fora do Prazo;63;🔴 Parado + 63 dias
1417;000091-01;LOVAT - LONDRINA;TRANSTRY;PR;Londrina;67705;10026231;48430;;Pedido duplicado;;14/05/2026;;14/05/2026;30/05/2650;;;19/05/2026;;;;;;;;Coleta Efetuada;;03/06/2026;⚠ Fora do Prazo;63;🔴 Parado + 63 dias
1418;000313-02;LOVAT - LONDRINA;TRANSTRY;PR;Londrina;67705;10026232;48430;;Pedido duplicado;;14/05/2026;;14/05/2026;30/05/2650;;;19/05/2026;;;;;;;;Coleta Efetuada;;03/06/2026;⚠ Fora do Prazo;63;🔴 Parado + 63 dias
1419;000091-02;LOVAT - LONDRINA;TRANSTRY;PR;Londrina;67705;10026233;48430;;Pedido duplicado;;14/05/2026;;14/05/2026;30/05/2650;;;19/05/2026;;;;;;;;Coleta Efetuada;;03/06/2026;⚠ Fora do Prazo;63;🔴 Parado + 63 dias
1420;000055-36;LOVAT - LONDRINA;TRANSTRY;PR;Londrina;67705;10026234;48430;;Pedido duplicado;;14/05/2026;;14/05/2026;30/05/2650;;;19/05/2026;;;;;;;;Coleta Efetuada;;03/06/2026;⚠ Fora do Prazo;63;🔴 Parado + 63 dias
1421;000352-02;AUTOVILLE - CONTAGEM;XD BETIM;MG;Contagem;68836;10027051;49313;;Peça avariada;Amassado na porta no meio e lateral.;18/05/2026;;;;;;;;;;;;;;Dt Reclamação;;07/06/2026;⚠ Fora do Prazo;64;🔴 Parado + 64 dias
1422;000352-02;AUTOVILLE - CONTAGEM;XD BETIM;MG;Contagem;69137;10027269;49564;;Peça avariada;Raspado a parte de ferro;18/05/2026;20/05/2026;19/05/2026;05/01/2122;;;22/05/2026;21/05/2026;;;;;;;Coleta Efetuada;;07/06/2026;⚠ Fora do Prazo;60;🔴 Parado + 60 dias
1423;000315-04;PATEO - SALVADOR;TERMACO;BA;Salvador;30829;10011649;28854;;Peça não compativel ;Estávamos com um veículo Imobilizado e foi orientado pela engenharia Hyundai a troca do item abaixo e solicitamos de fábrica, mas o item não resolveu o problema do veículo e orientado usar outra peça;18/05/2026;25/05/2026;22/05/2026;11/03/2888;;;27/03/2026;;;;;;;;Coleta Agendada;;07/06/2026;⚠ Fora do Prazo;57;🔴 Parado + 57 dias
1424;000055-15;CAOA - ANHAIA MELO;XD-DIADEMA;SP;Sao Paulo;69315;10027351;49751;;Peça fisica errada;No dia 18/05/2026 recebemos os itens da Nota fiscal 49751. Durante a conferência, identificamos uma divergência no item 663204F400, correspondente ao pedido nº 10027351. O código 663204F400 refere-se ao curvão do lado direito da HR. No entanto, recebemos o curvão do lado esquerdo, apesar da peça estar etiquetada com o código 663204F400, correspondente ao lado direito (LD). Solicito a devolução do item enviado incorretamente e o envio do item 663204F400 correto.;19/05/2026;04/06/2026;03/06/2026;19/10/2399;;;10/06/2026;;;;;;;;Coleta Agendada;;08/06/2026;⚠ Fora do Prazo;41;🔴 Parado + 41 dias
1425;;GREEN CITY VEICULOS LTDA;TERMACO;PI;Teresina;;;48504;;;;19/05/2026;19/05/2026;19/05/2026;;;;22/05/2026;19/05/2026;;;;;;;Coleta Efetuada;;08/06/2026;⚠ Fora do Prazo;60;🔴 Parado + 60 dias
1426;000055-27;HB CAOA - INTENDENTE MAGALHÃES;CAMILO;RJ;Rio de Janeiro;69192;10027295;49620;;Peça avariada;Lanterna quebrada na ponta e sem a caixa original;19/05/2026;22/05/2026;20/05/2026;30/04/2102;;349211;26/05/2026;25/05/2026;;;;;;;Coleta Efetuada;;08/06/2026;⚠ Fora do Prazo;56;🔴 Parado + 56 dias
1427;000055-35;HYUNDAI CAOA - TIJUCA OFICINA;CAMILO;RJ;Rio de Janeiro;68093;10026355;48753;;Peça não compativel ;No interior da embalagem, ao invés de conter um keyless, foi encontrada apenas uma pequena faixa de borracha, caracterizando erro de separação/embalagem na origem.;19/05/2026;20/05/2026;19/05/2026;09/05/1966;310473;310473;25/05/2026;;;;;;;;Coleta Agendada;;08/06/2026;⚠ Fora do Prazo;57;🔴 Parado + 57 dias
1428;;JPG MOTORS COMERCIO DE VEICULOS LTDA;CARVALIMA;MS;Campo Grande;62798;10015405;65086;;Pedido duplicado;Já atendido no pedido 10015405;19/05/2026;19/05/2026;19/05/2026;11/09/2079;;;19/05/2026;;;;;;;;Coleta Agendada;;08/06/2026;⚠ Fora do Prazo;63;🔴 Parado + 63 dias
1429;000055-36;HYUNDAI CAOA - RAPOSO TAVARES OFICINA;XD-DIADEMA;SP;Sao Paulo;17361;10005279;13030;;Pedido duplicado por Alex Agostinho;SOLICITAÇÃO DE DEVOLUÇÃO DO ITEM PARA BRISA PN 861115H010-BI ENVIADO POR ALEX AGOSTINHO EM DUPLICIDADE! NAO SOLICITADO.;20/05/2026;15/06/2026;21/05/2026;12/11/1937;;353064;18/06/2026;;;;;06/07/2026;;06/07/2026;NFD Lançada;;09/06/2026;⚠ Concluído Fora do Prazo;–;
1430;000055-36;HYUNDAI CAOA - RAPOSO TAVARES OFICINA;XD-DIADEMA;SP;Sao Paulo;17570;10005451;13655;;Pedido duplicado por Alex Agostinho;SOLICITO DEVOLUÇÃO DO ITEM  PROTETOR CARTER PN 2911025550  NAO SOLICITADO!  FATURADO POR ALEX AGOSTINHO.;20/05/2026;25/05/2026;21/05/2026;30/10/1937;302511;302511;15/05/2026;;;;;12/06/2026;;12/06/2026;NFD Lançada;;09/06/2026;⚠ Concluído Fora do Prazo;–;
1431;000055-36;HYUNDAI CAOA - RAPOSO TAVARES OFICINA;XD-DIADEMA;SP;Sao Paulo;18580;10006252;14053;;Pedido duplicado por Alex Agostinho;SOLICITO DEVOLUÇÃO DO ITEM  PROTETOR CARTER PN 2911025550  NAO SOLICITADO!  FATURADO POR ALEX AGOSTINHO.;20/05/2026;;;;;;;;;;;;;;Dt Reclamação;;09/06/2026;⚠ Fora do Prazo;62;🔴 Parado + 62 dias
1432;000055-36;HYUNDAI CAOA - RAPOSO TAVARES OFICINA;XD-DIADEMA;SP;Sao Paulo;18411;10006020;14242;;Pedido duplicado por Alex Agostinho;SOLICITO DEVOLUÇÃO DO ITEM  PROTETOR CARTER PN 2911025550  NAO SOLICITADO!  FATURADO POR ALEX AGOSTINHO.;20/05/2026;;;;;;;;;;;;;;Dt Reclamação;;09/06/2026;⚠ Fora do Prazo;62;🔴 Parado + 62 dias
1433;000055-36;HYUNDAI CAOA - RAPOSO TAVARES OFICINA;XD-DIADEMA;SP;Sao Paulo;20433;10005585;16170;;Pedido duplicado por Alex Agostinho;SOLICITO DEVOLUÇÃO DO ITEM  PROTETOR CARTER PN 2911025550  NAO SOLICITADO!  FATURADO POR ALEX AGOSTINHO.;20/05/2026;;;;;;;;;;;;;;Dt Reclamação;;09/06/2026;⚠ Fora do Prazo;62;🔴 Parado + 62 dias
1434;000055-36;HYUNDAI CAOA - RAPOSO TAVARES OFICINA;XD-DIADEMA;SP;Sao Paulo;20595;10007302;16481;;Pedido duplicado por Alex Agostinho;SOLICITAÇÃO DE DEVOLUÇÃO DO ITEM PARA BRISA PN 861115H010-BI ENVIADO POR ALEX AGOSTINHO EM DUPLICIDADE! NAO SOLICITADO.;20/05/2026;15/06/2026;21/05/2026;31/10/1937;;353064;18/06/2026;;;;;06/07/2026;;06/07/2026;NFD Lançada;;09/06/2026;⚠ Concluído Fora do Prazo;–;
1435;000055-36;HYUNDAI CAOA - RAPOSO TAVARES OFICINA;XD-DIADEMA;SP;Sao Paulo;20801;10007521;16512;;Pedido duplicado por Alex Agostinho;SOLICITAÇÃO DE DEVOLUÇÃO DO ITEM PARA BRISA PN 861115H010-BI ENVIADO POR ALEX AGOSTINHO EM DUPLICIDADE! NAO SOLICITADO.;20/05/2026;15/06/2026;21/05/2026;01/11/1937;;353064;18/06/2026;;;;;06/07/2026;;06/07/2026;NFD Lançada;;09/06/2026;⚠ Concluído Fora do Prazo;–;
1436;000055-36;HYUNDAI CAOA - RAPOSO TAVARES OFICINA;XD-DIADEMA;SP;Sao Paulo;20922;10007652;16515;;Pedido duplicado por Alex Agostinho;SOLICITO DEVOLUÇÃO DO ITEM  PROTETOR CARTER PN 2911025550  NAO SOLICITADO!  FATURADO POR ALEX AGOSTINHO.;20/05/2026;;;;;;;;;;;;;;Dt Reclamação;;09/06/2026;⚠ Fora do Prazo;62;🔴 Parado + 62 dias
1437;;MONTREAL VEICULOS E PECAS LTDA;CAMILO;RJ;Macaé;;;47372;;;;20/05/2026;20/05/2026;20/05/2026;;;;25/05/2026;;;;;;;;Coleta Agendada;;09/06/2026;⚠ Fora do Prazo;57;🔴 Parado + 57 dias
1438;;MONTREAL VEICULOS E PECAS LTDA;CAMILO;RJ;Macaé;;;47373;;;;20/05/2026;20/05/2026;20/05/2026;;;;25/05/2026;;;;;;;;Coleta Agendada;;09/06/2026;⚠ Fora do Prazo;57;🔴 Parado + 57 dias
1439;;TAI MOTORS VEICULOS S.A.;XD BETIM;MG;Belo Horizonte;67881;10026340;48614;;Pedido duplicado por Alex Agostinho;foi atendido com PN 285302BAC0 cujo já recebemos a peça pela NF 30074..;20/05/2026;20/05/2026;20/05/2026;177580 ;;;25/05/2026;;;;;;;;Coleta Agendada;;09/06/2026;⚠ Fora do Prazo;57;🔴 Parado + 57 dias
1440;000352-02;AUTOVILLE - CONTAGEM;XD BETIM;MG;Contagem;65911;10025030;47027;;Peça não compativel ;veio invertida dentro da embalagem. ;21/05/2026;;;;;;;;;;;;;;Dt Reclamação;;10/06/2026;⚠ Fora do Prazo;61;🔴 Parado + 61 dias
1441;000055-36;HYUNDAI CAOA - RAPOSO TAVARES OFICINA;XD-DIADEMA;SP;Sao Paulo;65265;10024468;46488;;Peça avariada;PN 243553C200 VALVULA CONTROLE OLEO DO MOTOR LD/ PEÇA ENTREGUE PELA MONTADORA COM AVARIA.;21/05/2026;;;;;;;;;;;;;;Dt Reclamação;;10/06/2026;⚠ Fora do Prazo;61;🔴 Parado + 61 dias
1442;000311-01;GOLDEN MOTORS - DOURADOS;CARVALIMA;MS;Dourados;68947;10027133;49464;;Peça avariada;mercadoria chegou avariada pela transportadora,na parte de alinhamento do parachoque foi constatado uma rachadura, oficina recusou a entrega da peça. ;22/05/2026;;;17/03/2255;;;;;;;;;;;Nº NFD;;11/06/2026;⚠ Fora do Prazo;60;🔴 Parado + 60 dias
1443;000311-01;GOLDEN MOTORS - DOURADOS;CARVALIMA;MS;Dourados;68947;10027133;49464;;Peça avariada;mercadoria chegou avariada pela transportadora,na parte de alinhamento do parachoque foi constatado uma rachadura, oficina recusou a entrega da peça. ;22/05/2026;;;17/03/2255;;;;;;;;;;;Nº NFD;;11/06/2026;⚠ Fora do Prazo;60;🔴 Parado + 60 dias
1444;000055-32;HB CAOA - FORTALEZA;TERMACO;CE;Fortaleza;66532;10025417;47550;;Peça fisica errada;Foi pedido 3 x a peça e sempre envia a do lado errado;22/05/2026;30/05/2460;21/05/2026;02/01/2257;;;;28/05/2026;;;;;;;Coleta Efetuada;;11/06/2026;⚠ Fora do Prazo;-158464;🟢 OK
1445;000055-36;HYUNDAI CAOA - RAPOSO TAVARES OFICINA;XD-DIADEMA;SP;Sao Paulo;6921;10001456;5179;;PN alternativo não atende;PEÇA ENVIADA COMO SIMILAR ERRONEAMENTE PELA MONTADORA. ITEM SOLICITADO PN 86511D3000 / ITEM ENVIADO PN 86540D3020;22/05/2026;;;;;;;;;;;;;;Dt Reclamação;;11/06/2026;⚠ Fora do Prazo;60;🔴 Parado + 60 dias
1446;000315-01;PATEO - MANAUS;CARVALIMA;AM;Manaus;67203;10025754;48009;;Peça avariada;Identificamos uma avaria no canto do capô frontal durante o processo de recebimento da peças.;25/05/2026;25/05/2026;25/05/2026;29/01/2179;;350218;28/05/2026;;;;;;;;Coleta Agendada;;14/06/2026;⚠ Fora do Prazo;54;🔴 Parado + 54 dias
1447;000027-04;CARHOUSE - PORTO ALEGRE;TRANSTRY;RS;Porto Alegre;29803;10000342;24252;;Pedido duplicado;PEÇA ENVIADA EM DUPLICIDADE;27/05/2026;27/05/2026;27/05/2026;06/06/2467;;;01/06/2026;28/05/2026;;;;;;01/07/2026;NFD Lançada;;16/06/2026;⚠ Concluído Fora do Prazo;–;
1448;;ATUAL VEICULOS LTDA;TRANSTRY;SC;Araranguá;;;49871;;;;28/05/2026;28/05/2026;15/05/2026;;;;02/06/2026;;;;;;;17/06/2026;NFD Lançada;;17/06/2026;✔ Concluído;–;
1449;;BDG AUTOVILLE VEICULOS LTDA;XD BETIM;MG;Contagem;65911;10025030;47027;;Peça não compativel ;veio invertida dentro da embalagem. ;02/06/2026;02/06/2026;02/06/2026;06/01/2125;;;08/06/2026;05/06/2026;;;;;;;Coleta Efetuada;;22/06/2026;⚠ Fora do Prazo;43;🔴 Parado + 43 dias
1450;;BARI VEICULOS LTDA;TRANSTRY;PR;Guarapuava;;;47641;;;;03/06/2026;03/06/2026;02/06/2026;09/01/1916;;;09/06/2026;03/06/2026;;;;;;;Coleta Efetuada;;23/06/2026;⚠ Fora do Prazo;42;🔴 Parado + 42 dias
1451;;NISA COMERCIAL DE VEICULOS AUTOMOTORES LTDA;RIO VERMELHO;GO;Aparecida de Goiânia;69508;10027514;49968;;Peça não compativel;ERRADA PN código 3965042600 (Sensor Virabrequim HR) dentro do volume/embalagem conforme evidências em anexo, onde a peça enviada trocada NÃO é compatível com a peça instalada no veículo do client;03/06/2026;03/06/2026;03/06/2026;08/06/2450;;350225;09/06/2026;;;;;;;;Coleta Agendada;;23/06/2026;⚠ Fora do Prazo;42;🔴 Parado + 42 dias
1452;;ORVEL AUTOMOTOR HYD LTDA;TERMACO;BA;Teixeira de Freitas;;;32180;;;;03/06/2026;03/06/2026;03/06/2026;26/07/2039;;;09/06/2026;10/06/2026;;;;;;;Coleta Efetuada;;23/06/2026;⚠ Fora do Prazo;41;🔴 Parado + 41 dias
1453;;PATEO COMERCIO DE VEICULOS S/A CALHAU;TERMACO;MA;SÃO LUIS;;;14134;;;;03/06/2026;03/06/2026;13/05/2026;27/01/2346;;;09/06/2026;;;;;06/07/2026;;06/07/2026;NFD Lançada;;23/06/2026;⚠ Concluído Fora do Prazo;–;
1454;;PATEO COMERCIO DE VEICULOS S/A CALHAU;TERMACO;MA;SÃO LUIS;18686;10006393;14761;;Devolução aceita pelo Maicon;Peças não se aplica no veiculo;03/06/2026;03/06/2026;13/05/2026;26/01/2346;;;09/06/2026;;;;;06/07/2026;;06/07/2026;NFD Lançada;;23/06/2026;⚠ Concluído Fora do Prazo;–;
1455;;PATEO COMERCIO DE VEICULOS S/A;CARVALIMA;AM;Manaus;;;47254;;;;05/06/2026;05/06/2026;05/06/2026;09/11/2179;;;10/06/2026;;;;\;;;;Enviado Araçariguama;;25/06/2026;⚠ Fora do Prazo;41;🔴 Parado + 41 dias
1456;;BDG AUTOVILLE VEICULOS LTDA;XD BETIM;MG;Contagem;;;50282;;;;08/06/2026;08/06/2026;02/06/2026;10/01/2125;;;11/06/2026;;;;;;;;Coleta Agendada;;28/06/2026;⚠ Fora do Prazo;40;🔴 Parado + 40 dias
1457;000027-04;CARHOUSE - PORTO ALEGRE;TRANSTRY;RS;Porto Alegre;70464;10028176;50700;;Peça avariada;Foi recebida peça 52910d3210 avariada, referente nota fiscal 50700, segue evidências: ;08/06/2026;;;;;;;;;;;;;;Dt Reclamação;;28/06/2026;⚠ Fora do Prazo;43;🔴 Parado + 43 dias
1458;000270-01;URCA - UBERLÂNDIA OFICINA;XD BETIM;MG;Uberlândia;70580;10028228;50991;;Outros;O item veio com quantidade superior à solicitada no pedido, gerando divergência entre o solicitado e o recebido. ;08/06/2026;;;;;;;;;;;;;;Dt Reclamação;;28/06/2026;⚠ Fora do Prazo;43;🔴 Parado + 43 dias
1459;000055-23;CAOA - CAMPINA GRANDE;TERMACO;PB;Campina Grande;68034;10026459;333346;;Peça não compativel ;não é igual a do carro do cliente;09/06/2026;;;13/01/2031;;;;;;;;;;;Nº NFD;;29/06/2026;⚠ Fora do Prazo;42;🔴 Parado + 42 dias
1460;000311-01;GOLDEN MOTORS - DOURADOS;CARVALIMA;MS;Dourados;70696;10028307;51148;;Peça avariada;mercadoria chegou avariada pela transportadora, cheogu toda amassada impossibilitando a utilizacao, torceu a pestana. ;09/06/2026;11/06/2026;09/06/2026;29/04/2255;;;16/06/2026;;;;;;;;Coleta Agendada;;29/06/2026;⚠ Fora do Prazo;35;🔴 Parado + 35 dias
1461;;H - CAMINHO AUTOMOVEIS LTDA;MVT;SP;Piracicaba;63265;10023363;44934;;Peça não compativel ;SOLICITADO O PN SIMILAR E FOI PASSADO O 495002B900, O CLIENTE INFORMOU QUE O VEICULO É DIESEL NÃO SERVE;09/06/2026;09/06/2026;02/06/2026;;;349512;12/06/2026;;;;;;;;Coleta Agendada;;29/06/2026;⚠ Fora do Prazo;39;🔴 Parado + 39 dias
1462;;CAOA MOTOR DO BRASIL LTDA;TERMACO;BA;Lauro de Freitas;68034;10026459;48781;;Peça não compativel ;não é igual a do carro do cliente;10/06/2026;10/06/2026;09/06/2026;13/01/2031;;;15/06/2026;;;;;;;;Coleta Agendada;;30/06/2026;⚠ Fora do Prazo;36;🔴 Parado + 36 dias
1463;000055-33;CAOA – BARRA DA TIJUCA;CAMILO;RJ;Rio de Janeiro;67879;10026339;48642;;Peça não compativel ;Informo que a peça enviada como similar não apresentou compatibilidade com o veículo em questão (conforme diferenças demonstradas nas imagens abaixo) . ;10/06/2026;10/06/2026;09/06/2026;14/03/2143;;;15/06/2026;;;;;;;;Coleta Agendada;;30/06/2026;⚠ Fora do Prazo;36;🔴 Parado + 36 dias
1464;000353-01;CARBEL - BELO HORIZONTE;XD BETIM;MG;Belo Horizonte;64274;10023888;45586;;Peça não compativel ;o farol que está aplicado do carro TUCSON CHASSI 95PJ33ALXSB019825 certo é 92102D3700;10/06/2026;12/06/2026;10/06/2026;29/09/2475;;;17/06/2026;;;;;;;;Coleta Agendada;;30/06/2026;⚠ Fora do Prazo;34;🔴 Parado + 34 dias
1465;;SAGA SEUL COMERCIO DE VEICULOS PECAS E SERVICO;CARVALIMA ;MT;CURITIBA;;;50283;;;;11/06/2026;11/06/2026;11/06/2026;30/10/1991;;;16/06/2026;;;;;;;;Coleta Agendada;;01/07/2026;⚠ Fora do Prazo;35;🔴 Parado + 35 dias
1466;;URCA MOTORS VEICULOS LTDA.;XD BETIM;MG;UBERLANDIA;70580;10028228;50991;;Outros;O item veio com quantidade superior à solicitada no pedido, gerando divergência entre o solicitado e o recebido. ;12/06/2026;12/06/2026;08/06/2026;01/11/2694;;;17/06/2026;;;;;;;;Coleta Agendada;;02/07/2026;⚠ Fora do Prazo;34;🔴 Parado + 34 dias
1467;;CAOA MOTOR DO BRASIL LTDA;TERMACO;BA;Lauro de Freitas;66164;10025122;47304;;Peça fisica errada;LANTERNA TRAZEIRA ENTREGUE COM LADO INCORRETO. ENTREGUE 2 LADOS ESQUERDO (LH) PEDIDO FEITO UM PAR (RH-LH).;15/06/2026;15/06/2026;;19/12/1936;;;18/06/2026;;;;;;;;Coleta Agendada;;05/07/2026;⚠ Fora do Prazo;33;🔴 Parado + 33 dias
1468;;LOVAT VEICULOS S/A;TRANSTRY;PR;Londrina;13349;10003125;9508;;Peça não compativel ;Peça pedido conforme dados do caminhão no catálogo, não se aplica no memso. Em contato com Abel que acompanhou os pedidos nos orientou a devolver a peça.Em contato com Abel que acompanhou os pedidos nos orientou a devolver a peça.;15/06/2026;15/06/2026;10/06/2026;14/05/2656;;;18/06/2026;;;;;;;;Coleta Agendada;;05/07/2026;⚠ Fora do Prazo;33;🔴 Parado + 33 dias
1469;;LOVAT VEICULOS S/A;TRANSTRY;PR;Londrina;16319;10004627;12275;;Peça não compativel ;Peça pedido conforme dados do caminhão no catálogo, não se aplica no memso. Em contato com Abel que acompanhou os pedidos nos orientou a devolver a peça.pedido 10004627 Pn 521004F630;15/06/2026;15/06/2026;10/06/2026;16/05/2656;;;18/06/2026;;;;;;;;Coleta Agendada;;05/07/2026;⚠ Fora do Prazo;33;🔴 Parado + 33 dias
1470;;LOVAT VEICULOS S/A;TRANSTRY;PR;Londrina;17897;10005669;13361;;Pedido duplicado;terminal de direção solicitado no pedido 10003920 somente 01 peça, trocaram o pedido para 10005669 e faturaram 11 peças, OBS: o outro lado terminal de direção solicitado no pedido 10003920 somente 01 peça, trocaram o pedido para 10005669 e faturaram 11 peças, OBS: o outro lado ;15/06/2026;15/06/2026;10/06/2026;10/05/2656;;;18/06/2026;;;;;;;;Coleta Agendada;;05/07/2026;⚠ Fora do Prazo;33;🔴 Parado + 33 dias
1471;;LOVAT VEICULOS S/A;TRANSTRY;PR;Londrina;4164;10000685;13921;;Pedido cancelado;Peças faturads em duplicidade, pedido 960150 e foi passado para um novo pedido pela propria fabrica 963125 Preciso devolver 03 unidades do Pn 957003j300x2;15/06/2026;15/06/2026;10/06/2026;05/05/2656;;;18/06/2026;;;;;;;;Coleta Agendada;;05/07/2026;⚠ Fora do Prazo;33;🔴 Parado + 33 dias
1472;;LOVAT VEICULOS S/A;TRANSTRY;PR;Londrina;18017;10005669;31648;;Pedido duplicado;terminal de direção solicitado no pedido 10003920 somente 01 peça, trocaram o pedido para 10005669 e faturaram 11 peças, OBS: o outro lado terminal de direção solicitado no pedido 10003920 somente 01 peça, trocaram o pedido para 10005669 e faturaram 11 peças, OBS: o outro lado ;15/06/2026;15/06/2026;10/06/2026;12/05/2656;;;18/06/2026;;;;;;;;Coleta Agendada;;05/07/2026;⚠ Fora do Prazo;33;🔴 Parado + 33 dias
1473;;SMAFF IMPORT VEICULOS LTDA;RIO VERMELHO;DF;Brasília;41312;10017645;37513;;Peça não compativel ;Esse PN 57724C5400, informado com substituto do PN 57724C100, não e compatível com o veiculo.;15/06/2026;15/06/2026;12/06/2026;03/06/2962;;350343;18/06/2026;;;;;;;;Coleta Agendada;;05/07/2026;⚠ Fora do Prazo;33;🔴 Parado + 33 dias
1474;;CAOA MOTOR DO BRASIL LTDA;TERMACO;BA;Lauro de Freitas;67572;10026109;48535;;Peça não compativel;O módulo foi instalado no veículo, porém não aceitou a codificação com o código PIN informado pela montadora. Realizamos novamente a instalação do módulo antigo no veículo, e o mesmo aceitou normalmente o código PIN.PEDIDO: 10026109 NA DATA: 24/04/26  / NOTA FISCAL 48535  (Autorizado pelo Maicon);17/06/2026;18/06/2026;16/06/2026;23/08/1999;;;22/06/2026;;;;;;;;Coleta Agendada;;07/07/2026;⚠ Fora do Prazo;29;🔴 Parado + 29 dias
1475;;OTONET COMERCIO DE VEICULOS LTDA;XD-DIADEMA;SP;Sorocaba;70103;10027932;50272;;Peça Avariada;PEÇA CHEGOU AVARIADA DE FABRICA;17/06/2026;18/06/2026;17/06/2026;04/12/2932;;;22/06/2026;;;;;;;;Coleta Agendada;;07/07/2026;⚠ Fora do Prazo;29;🔴 Parado + 29 dias
1476;;H - CAMINHO AUTOMOVEIS LTDA;MVT;SP;Piracicaba;66934;10025708;47763;;Seguradora realizou o cancelamento;A peça se encontra em Perfeitas condições, desde o dia que chegou, não há nenhum tipo de avarias ou algo relacionado. Motivo da Devolução é referente que avisamos que não iriamos precisar da peça, porém chegou mesmo assim. Maicon Marin, Eduardo Sammartino, Eric, Abel, todos cientes da situação. ;17/06/2026;19/06/2026;17/06/2026;05/08/2281;;;22/06/2026;;;;;;;;Coleta Agendada;;07/07/2026;⚠ Fora do Prazo;29;🔴 Parado + 29 dias
1477;;GALA COMERCIO DE VEICULOS LTDA;TRANSTRY;RS;Pelotas;;;50477;;;;19/06/2026;19/06/2026;03/06/2026;24/05/2198;;353227;24/06/2026;;;;;;;;Coleta Agendada;;09/07/2026;⚠ Fora do Prazo;27;🔴 Parado + 27 dias
1478;;SAGA KOREA COMERCIO DE VEICULOS PECAS E SERVI;RIO VERMELHO;DF;Brasília;69388;10027452;49792;;Peça Avariada;Porta chegou amassada, bem no vinco sem concerto;19/06/2026;19/06/2026;18/06/2026;14/10/2371;;;24/06/2026;;;;;;;;Coleta Agendada;;09/07/2026;⚠ Fora do Prazo;27;🔴 Parado + 27 dias
1479;;GOLDEN MOTORS VEICULOS LTDA;MVT;SP;Vila Santa Maria;65285;10024572;46310;;Peça fisica errada;peça foi pedida erroneamente e se trata de um item de baixo giro (autorizada pelo Alex Agostinho);19/06/2026;19/06/2026;17/06/2026;29/11/1916;;;24/06/2026;;;;;;;;Coleta Agendada;;09/07/2026;⚠ Fora do Prazo;27;🔴 Parado + 27 dias
1480;;HYMAX DISTRIBUIDORA DE VEICULOS LTDA;MVT;SP;Mogi-Guacu;67047;10025786;47909;;PN alternativo não atende;SOLICITAMOS UMA PEÇA NA MONTADORA E MESMA ESTAVA EM BO E A MONTADORA ENVIOU UMA ALTERNATIVA E A MESMA ESTAVA ERRADA E NÃO APLICAVEL NO VEICULO PEÇA SOLICITADA 2232123000 PEÇA ENVIADA 2232137120;19/06/2026;19/06/2026;21/05/2026;23/09/2249;;353214;24/06/2026;;;;;;;;Coleta Agendada;;09/07/2026;⚠ Fora do Prazo;27;🔴 Parado + 27 dias
1481;;HYMAX DISTRIBUIDORA DE VEICULOS LTDA;MVT;SP;Mogi-Guacu;68582;10026861;49162;;PN alternativo não atende;SOLICITAMOS UMA PEÇA NA MONTADORA E MESMA ESTAVA EM BO E A MONTADORA ENVIOU UMA ALTERNATIVA E A MESMA ESTAVA ERRADA E NÃO APLICAVEL NO VEICULO PEÇA SOLICITADA 2232123000 PEÇA ENVIADA 2232137120;19/06/2026;19/06/2026;14/05/2026;01/04/2249;;353214;24/06/2026;;;;;;;;Coleta Agendada;;09/07/2026;⚠ Fora do Prazo;27;🔴 Parado + 27 dias
1482;;CAOA MOTOR DO BRASIL LTDA;XD DIADEMA;SP ;SAO PAULO ;47328;10021533;42823;;Pedido duplicado;duplicidade de pedido ;24/06/2026;24/06/2026;;19/09/2212;;;29/06/2026;;;;;06/07/2026;;06/07/2026;NFD Lançada;;14/07/2026;✔ Concluído;–;
1483;;SEVEC VEICULOS LTDA;TRANSTRY;PR; CURITIBA;69103;10027236;49542;;Outros;Nosso cliente acabou solicitando esta peça de forma equivocada. Trata-se de um cliente antigo e fidelizado, e, visando manter o bom relacionamento e sua permanência na marca, gostaríamos de verificar a possibilidade de realizar a devolução deste item. (DEVOLUÇÃO ACEITA PELO MAICON);24/06/2026;24/06/2026;;07/09/2897;;;29/06/2026;;;;;;;;Coleta Agendada;;14/07/2026;⚠ Fora do Prazo;22;🔴 Parado + 22 dias
1484;;GRANDAY AUTOMOTORES LTDA ;XD DIADEMA;SP;SAO PAULO;68912;10027100;49463;;Peça Avariada;Radiador avariado nos dutos de água dos mesmos veio em plastico bolha;25/06/2026;25/06/2026;;22/07/2409;;;26/06/2026;;;;;;;;Coleta Agendada;;15/07/2026;⚠ Fora do Prazo;25;🔴 Parado + 25 dias
1485;;GRANDAY AUTOMOTORES LTDA ;XD DIADEMA;SP;SAO PAULO;68077;10026492;48808;;Peça Avariada;Radiador avariado nos dutos de água dos mesmos veio em plastico bolha;25/06/2026;25/06/2026;;23/07/2409;;;26/06/2026;;;;;;;;Coleta Agendada;;15/07/2026;⚠ Fora do Prazo;25;🔴 Parado + 25 dias
1486;;GRANDAY AUTOMOTORES LTDA ;XD DIADEMA;SP;SAO PAULO;65018;10024401;46122;;Peça fisica errada;Peça trocada dentro da embalagem era para ter vindo o farol lado direito, porem veio o lado esquerdo;25/06/2026;25/06/2026;;24/07/2409;;;26/06/2026;;;;;;;;Coleta Agendada;;15/07/2026;⚠ Fora do Prazo;25;🔴 Parado + 25 dias
1487;;CAOA MOTOR DO BRASIL LTDA;TERMACO;CE;FORTALEZA;71928;10029133;52374;;Peça Avariada;FOI CONSTATADO NO ATO DO RECEBIMENTO QUE O VOLUME REFERENTE A NOTA 52374 VEIO AVARIADO 01 Unidade CONFORME DESCRIÇÃO ABAIXO:;25/06/2026;25/06/2026;;05/09/2259;;350220;16/10/2025;;;;;;;;Coleta Agendada;;15/07/2026;⚠ Fora do Prazo;26;🔴 Parado + 26 dias
1488;;BDG AUTOVILLE VEICULOS LTDA;XD BETIM;MG;CONTAGEM;72306;10029418;52716;;Peça fisica errada;Peça 663204F400 TROCADA DENTRO DA EMBALAGEM (DEVOLUÇÃO ACEITA PELO MAICON);25/06/2026;25/06/2026;;05/10/2128;;;30/06/2026;;;;;;;;Coleta Agendada;;15/07/2026;⚠ Fora do Prazo;21;🔴 Parado + 21 dias
1489;;BDG AUTOVILLE VEICULOS LTDA;XD BETIM;MG;CONTAGEM;71298;10028646;51934;;Peça fisica errada;Peça 663104F400 TROCADA DENTRO DA EMBALAGEM (DEVOLUÇÃO ACEITA PELO MAICON);25/06/2026;25/06/2026;;06/10/2128;;;30/06/2026;;;;;;;;Coleta Agendada;;15/07/2026;⚠ Fora do Prazo;21;🔴 Parado + 21 dias
1490;;BARI VEICULOS LTDA;TRANSTRY;SC;JOINVILLE;71597;10028905;52142;;Pedido cancelado;PRODUTO NÃO SOLICITADO A MONTADORA ;26/06/2026;26/06/2026;;24/02/2295;;352986;30/06/2026;;;;;;;;Coleta Agendada;;16/07/2026;⚠ Fora do Prazo;21;🔴 Parado + 21 dias
1491;;GNC GRANDE COREIA MINAS GERAIS COMERCIO DE VEICULOS LTDA;XD BETIM;MG; MONTES CLAROS;71688;10028986;52221;;Peça fisica errada;Peça enviada fisicamente errada PN 1885508070 4 PEÇA;26/06/2026;26/06/2026;;04/06/1986;;;01/07/2026;;;;;;;;Coleta Agendada;;16/07/2026;⚠ Fora do Prazo;20;🔴 Parado + 20 dias
1492;;BARI VEICULOS LTDA;TRANSTRY;SC;ITAJAI ;33588;10012968;28633;;Outros;Conforme a Hotline nº 2488904 (documento anexo), a Hyundai solicitou a substituição do motor referência 221TM2GA010, devido à gravação estar fora dos padrões estabelecidos pela HMB, gerando divergência junto ao Detran (conforme anexo) (DEVOLUÇÃO ACEITA POR MAICON);26/06/2026;26/06/2026;;18/10/2279;;;01/07/2026;;;;;;;;Coleta Agendada;;16/07/2026;⚠ Fora do Prazo;20;🔴 Parado + 20 dias
1493;;BARI VEICULOS LTDA;TRANSTRY;SC;ITAJAI ;26756;10010311;20878;;Outros;Conforme a Hotline nº 2488904 (documento anexo), a Hyundai solicitou a substituição do motor referência 221TM2GA010, devido à gravação estar fora dos padrões estabelecidos pela HMB, gerando divergência junto ao Detran (conforme anexo) (DEVOLUÇÃO ACEITA POR MAICON);26/06/2026;26/06/2026;;22/10/2279;;;01/07/2026;;;;;;;;Coleta Agendada;;16/07/2026;⚠ Fora do Prazo;20;🔴 Parado + 20 dias
1494;;BARI VEICULOS LTDA;TRANSTRY;SC;ITAJAI ;27657;10010311;26120;;Outros;Conforme a Hotline nº 2488904 (documento anexo), a Hyundai solicitou a substituição do motor referência 221TM2GA010, devido à gravação estar fora dos padrões estabelecidos pela HMB, gerando divergência junto ao Detran (conforme anexo) (DEVOLUÇÃO ACEITA POR MAICON);26/06/2026;26/06/2026;;23/10/2279;;;01/07/2026;;;;;;;;Coleta Agendada;;16/07/2026;⚠ Fora do Prazo;20;🔴 Parado + 20 dias
1495;;BARI VEICULOS LTDA;TRANSTRY;SC;ITAJAI ;;;25383;;;;26/06/2026;26/06/2026;;24/10/2279;;;01/07/2026;;;;;;;;Coleta Agendada;;16/07/2026;⚠ Fora do Prazo;20;🔴 Parado + 20 dias
1496;;CARWAY SUL VEICULOS LTDA;TRANSTRY;RS ;CANOAS;66247;10025250;47260;;Peça avariada;PAINEL FRONTAL QUEBRADO PARTE SUPERIOR DIREITA ;29/06/2026;29/06/2026;;01/07/2435;;352016;02/07/2026;;;;;;;;Coleta Agendada;;19/07/2026;⚠ Fora do Prazo;19;🔴 Parado + 19 dias
1497;;BILLY DISTRIB DE VEICULOS LTDA-F00 MATR;XD DIADEMA;SP;SAO PAULO ;72065;10029251;52530;;Peça Avariada;A peça chegou quebrada dentro da embalagem.;29/06/2026;29/06/2026;;31/05/2646;;;02/07/2026;;;;;;;;Coleta Agendada;;19/07/2026;⚠ Fora do Prazo;19;🔴 Parado + 19 dias
1498;;CARWAY SUL VEICULOS LTDA;TRANSTRY;RS ;CANOAS;71345;10028716;51898;;Peça Avariada;PEÇA COM PIQUES E ARRANHOS;29/06/2026;29/06/2026;;18/07/2435;;352016;02/07/2026;;;;;;;;Coleta Agendada;;19/07/2026;⚠ Fora do Prazo;19;🔴 Parado + 19 dias
1499;;CARWAY SUL VEICULOS LTDA;TRANSTRY;RS ;CANOAS;66112;10025152;47214;;Peça avariada;AVARIA LOCALIZADA NO CENTRO DA PEÇA AMASSADA;29/06/2026;29/06/2026;;20/07/2435;;352016;02/07/2026;;;;;;;;Coleta Agendada;;19/07/2026;⚠ Fora do Prazo;19;🔴 Parado + 19 dias
1500;;BDG AUTOVILLE VEICULOS LTDA;XD BETIM;MG;CONTAGEM;71563;10028894;52043;;Peça Avariada;Peça 924022L020  chegou avariada;29/06/2026;29/06/2026;;23/09/2128;;350386;02/07/2026;;;;;;;;Coleta Agendada;;19/07/2026;⚠ Fora do Prazo;19;🔴 Parado + 19 dias
1501;;ULSAN COMERCIO DE VEICULOS LTDA;CARVALIMA;AC;RIO BRANCO;;10027566;49881;;Outros;Maicon autorizou a devolução;30/06/2026;30/06/2026;;13/09/2103;;;03/07/2026;;;;;;;;Coleta Agendada;;20/07/2026;⚠ Fora do Prazo;18;🔴 Parado + 18 dias
1502;;HOUSE PARTS - COMERCIO DE PECAS E VEICULOS LTD;TRANSTRY;RS;SANTA MARIA;72556;10029530;52845;;Peça Avariada;Durante a conferência foi detectada uma avaria, caixa estava lacrada, quando aberta para conferência foi identificada avaria na peça 817502e001u7;30/06/2026;30/06/2026;;08/12/2156;;;03/07/2026;;;;;;;;Coleta Agendada;;20/07/2026;⚠ Fora do Prazo;18;🔴 Parado + 18 dias
1503;;CAOA MOTOR DO BRASIL LTDA;XD DIADEMA;SP;SAO PAULO;;;53490;;Pedido não solicitado;No dia 18/05/2026 Recebemos a Nota fiscal 49751. Durante a conferência do volume 1/6, identificamos o item 5754633J001, o qual não foi solicitado e também não consta na Nota Fiscal nº 49751. Acredito que a peça tenha sido enviada por engano. Porém, como o item não está lançado em sistema, não conseguimos realizar a entrada para posterior devolução. Solicito orientação sobre como devemos proceder para realizar a devolução da peça.;30/06/2026;30/06/2026;;26/08/2401;;;03/07/2026;;;;;;;;Coleta Agendada;;20/07/2026;⚠ Fora do Prazo;18;🔴 Parado + 18 dias
1504;;PATEO COMERCIO DE VEICULOS S/A;TERMACO;MA ;SAO LUIS;19703;10005645;19473;;Pedido duplicado por Alex Agostinho;PEDIDO FEITO PELO ALES COM QUANTIDADE A MAIS DO QUE O DEALER QUER.;08/07/2026;;;21/09/1994;;352013;10/07/2026;;;;;;;;Coleta Agendada;;28/07/2026;✔ No Prazo;11;🔴 Parado + 11 dias
1505;;BARI VEICULOS LTDA;TRANSTRY;SC;JARAGUA DO SUL;73918;10030239;53833;;Peça avariada;No ato de recebimento foi verificado que o código 86511A5000 Capa Para choque Diant. esta avarido (quebrado);08/07/2026;;;24/11/1914;;;10/07/2026;09/07/2026;;;;;;;Coleta Efetuada;;28/07/2026;✔ No Prazo;11;🔴 Parado + 11 dias
1506;;SEVEC VEICULOS LTDA;TRANSTRY;PR; CURITIBA;72856;10029654;52940;;Peça não compativel ;Pedimos duas peças referente a um Elantra, porém as peças nao deram encaixe no carro.  (DEVOLUÇÃO ACEITA PELO MAICON);08/07/2026;;;09/02/2900;;;13/07/2026;08/07/2026;;;;;;;Coleta Efetuada;;28/07/2026;✔ No Prazo;8;🔴 Parado + 8 dias
1507;;SEVEL VEICULOS LTDA;TERMACO;SE;ARACAJU;71508;10028835;52057;;Peça avariada; onde recebemos uma capa do parachoque avariada.;13/07/2026;;;16/03/2465;;352015;16/07/2026;;;;;;;;Coleta Agendada;;02/08/2026;✔ No Prazo;5;🟡 Atenção + 5 dias
1508;;MOTONET COMERCIO DE VEICULOS LTDA;MVT;SP;SOROCABA;71845;10029097;52632;;Peça avariada;865112E040 - AVARIADA (1 VOLUME) AVARIA CONSTATADA NO ATO DE RECEBIMENTO;13/07/2026;;;22/08/2938;;;16/07/2026;;;;;;;;Coleta Agendada;;02/08/2026;✔ No Prazo;5;🟡 Atenção + 5 dias
1509;;BARI VEICULOS LTDA;TRANSTRY;SC;ITAJAI ;70203;10027998;52554;;Pedido cancelado;Item foi solicitado cancelamento pois já tinha sido atendido com outro partnumber mas 3 dias depois faturado sem despacho, ao ser reclamado da nota estar no sefaz, foi solicitado recusa eletronica  e mesmo assim foi despachado.;15/07/2026;;;14/09/2280;;352710;20/07/2026;16/07/2026;;;;;;;Coleta Efetuada;;04/08/2026;✔ No Prazo;1;🟢 OK
1510;;BARI VEICULOS LTDA;TRANSTRY;SC;BALNEARIO CAMBORIU;73168;10029752;53209;;Peça avariada;A PEÇA APRESENTA TRINCO NO VIDRO E PRÓXIMO DELE TAMBÉM HÁ FERRUGEM NA PARTE ESTRUTURAL (ARMAÇÃO);15/07/2026;;;14/06/2147;;;14/07/2026;15/07/2026;;;;;;;Coleta Efetuada;;04/08/2026;✔ No Prazo;6;🟡 Atenção + 6 dias
1511;;HOUSE PARTS - COMERCIO DE PECAS E VEICULOS LT;TRANSTRY;RS;CAXIAS DO SUL;74149;10030379;54001;;Peça avariada;Peca avariada trata-se de uma soleira que o material é corrugado e não há como usar pois não vai pintura na peça.;15/07/2026;;;21/09/1911;;;14/07/2026;;;;;;;;Coleta Agendada;;04/08/2026;✔ No Prazo;6;🟡 Atenção + 6 dias
1512;;CAOA MOTOR DO BRASIL LTDA;XD DIADEMA;SP;SAO PAULO ;69717;10027611;50012;;Devolução aceita pelo Maicon;foi solicitou a peça 546612S800-BI e o pedido foi atendido através do PN alternativo 546612S300 onde o valor excede ao do pedido referente a peça solicitada. (Devolução autorizada pelo Maicon);15/07/2026;;;18/04/2592;;;17/07/2026;;;;;;;;Coleta Agendada;;04/08/2026;✔ No Prazo;4;🟡 Atenção + 4 dias
1513;;PATEO COMERCIO DE VEICULOS S/A CALHAU;TERMACO;MA;SAO LUIS ;37669;10015401;33279;;Pedido duplicado;Foi cancelado o pedido e criado um novo porem foi atendido os dois pedidos.;15/07/2026;;;03/12/2350;;;10/07/2026;;;;;;;;Coleta Agendada;;04/08/2026;✔ No Prazo;6;🟡 Atenção + 6 dias
1514;;DENTIFICAÇÃO DO EMITENTE;CAMILO;MG;PASSOS;73636;10030080;53422;;Peça faltante;RECEBEMOS A PEÇA SEM NENHUM TIPO DE AVARIA NA CAIXA, MAIS QUANDO ABRIMOS A CAIXA A PEÇA ESTAVA TODA VIOLADA E FALTANDO METADE;16/07/2026;;;20/03/1913;;;21/07/2026;;;;;;;;Coleta Agendada;;05/08/2026;✔ No Prazo;0;🟢 OK
1515;;HOUSE PARTS - COMERCIO DE PECAS E VEICULOS LTD;TRANSTRY;SC;SANTA MARIA;73834;10030213;53752;;Peça avariada;Durante a conferência foi detectada uma avaria no material R-817502E001U7.;17/07/2026;;;18/05/2158;;;21/07/2026;;;;;;;;Coleta Agendada;;06/08/2026;✔ No Prazo;0;🟢 OK
1516;;BARI VEICULOS LTDA;TRANSTRY;SC;BLUMENAU ;74054;10030318;54147;;Peça avariada;No ato do recebimento foi identificado avaria na peça. Código da peça 847102S1009P;17/07/2026;;;20/10/2303;;;22/07/2026;;;;;;;;Coleta Agendada;;06/08/2026;✔ No Prazo;-1;🟢 OK
1517;;CAOA MOTOR DO BRASIL LTDA;XD DIADEMA;SP;SAO PAULO ;72652;10029534;52952;;PN alternativo não atende;Peça veio com o código diferente, foi pedido o item 865172S300 e veio 865172S000;17/07/2026;;;04/06/2592;;;22/07/2026;;;;;;;;Coleta Agendada;;06/08/2026;✔ No Prazo;-1;🟢 OK
1518;;CAOA MOTOR DO BRASIL LTDA;XD DIADEMA;SP;SAO PAULO ;42818;10018396;38717;;PN alternativo não atende;ESSE SOLICITAÇÃO SE TRATA DAS PEÇAS RECEBIDAS NÃO SÃO COMPATÍVEIS COM VEICULO, EM TENTATIVAS JUNTO AO TIME HYUNDAI PARA SOLUCIONAR SR EMILIO NETO, ERIC SILVA, NOS ORIENTOU A SOLICITAR ESSAS PEÇAS, MAS NÃO DEU CERTO, NÃO SÃO COMPATÍVEIS (Devolução autorizada pelo Maicon);17/07/2026;;;04/05/2326;;;22/07/2026;;;;;;;;Coleta Agendada;;06/08/2026;✔ No Prazo;-1;🟢 OK
1519;;BDG EUROVILLE HYD VEICULOS E PECAS LTDA;XD BETIM;MG;CONTAGEM;75149;10031093;54968;;Peça avariada;Peça 865603X200 chegou avariada;20/07/2026;;;05/02/2134;;;23/07/2026;;;;;;;;Coleta Agendada;;09/08/2026;✔ No Prazo;-2;🟢 OK
1520;;;;;;;;;;;;;;;;;;;;;;;;;;;;;;;
1521;;;;;;;;;;;;;;;;;;;;;;;;;;;;;;;
1522;;;;;;;;;;;;;;;;;;;;;;;;;;;;;;;
1523;;;;;;;;;;;;;;;;;;;;;;;;;;;;;;;
1524;;;;;;;;;;;;;;;;;;;;;;;;;;;;;;;
1525;;;;;;;;;;;;;;;;;;;;;;;;;;;;;;;
1526;;;;;;;;;;;;;;;;;;;;;;;;;;;;;;;
1527;;;;;;;;;;;;;;;;;;;;;;;;;;;;;;;
1528;;;;;;;;;;;;;;;;;;;;;;;;;;;;;;;
1529;;;;;;;;;;;;;;;;;;;;;;;;;;;;;;;
1530;;;;;;;;;;;;;;;;;;;;;;;;;;;;;;;
1531;;;;;;;;;;;;;;;;;;;;;;;;;;;;;;;
1532;;;;;;;;;;;;;;;;;;;;;;;;;;;;;;;
1533;;;;;;;;;;;;;;;;;;;;;;;;;;;;;;;
1534;;;;;;;;;;;;;;;;;;;;;;;;;;;;;;;
1535;;;;;;;;;;;;;;;;;;;;;;;;;;;;;;;
1536;;;;;;;;;;;;;;;;;;;;;;;;;;;;;;;
1537;;;;;;;;;;;;;;;;;;;;;;;;;;;;;;;
1538;;;;;;;;;;;;;;;;;;;;;;;;;;;;;;;
1539;;;;;;;;;;;;;;;;;;;;;;;;;;;;;;;
1540;;;;;;;;;;;;;;;;;;;;;;;;;;;;;;;
1541;;;;;;;;;;;;;;;;;;;;;;;;;;;;;;;
1542;;;;;;;;;;;;;;;;;;;;;;;;;;;;;;;
1543;;;;;;;;;;;;;;;;;;;;;;;;;;;;;;;
1544;;;;;;;;;;;;;;;;;;;;;;;;;;;;;;;
1545;;;;;;;;;;;;;;;;;;;;;;;;;;;;;;;
1546;;;;;;;;;;;;;;;;;;;;;;;;;;;;;;;
1547;;;;;;;;;;;;;;;;;;;;;;;;;;;;;;;
1548;;;;;;;;;;;;;;;;;;;;;;;;;;;;;;;
1549;;;;;;;;;;;;;;;;;;;;;;;;;;;;;;;
1550;;;;;;;;;;;;;;;;;;;;;;;;;;;;;;;
1551;;;;;;;;;;;;;;;;;;;;;;;;;;;;;;;
1552;;;;;;;;;;;;;;;;;;;;;;;;;;;;;;;
1553;;;;;;;;;;;;;;;;;;;;;;;;;;;;;;;
1554;;;;;;;;;;;;;;;;;;;;;;;;;;;;;;;
1555;;;;;;;;;;;;;;;;;;;;;;;;;;;;;;;
1556;;;;;;;;;;;;;;;;;;;;;;;;;;;;;;;
1557;;;;;;;;;;;;;;;;;;;;;;;;;;;;;;;
1558;;;;;;;;;;;;;;;;;;;;;;;;;;;;;;;
1559;;;;;;;;;;;;;;;;;;;;;;;;;;;;;;;
1560;;;;;;;;;;;;;;;;;;;;;;;;;;;;;;;
1561;;;;;;;;;;;;;;;;;;;;;;;;;;;;;;;
1562;;;;;;;;;;;;;;;;;;;;;;;;;;;;;;;
1563;;;;;;;;;;;;;;;;;;;;;;;;;;;;;;;
1564;;;;;;;;;;;;;;;;;;;;;;;;;;;;;;;
1565;;;;;;;;;;;;;;;;;;;;;;;;;;;;;;;
1566;;;;;;;;;;;;;;;;;;;;;;;;;;;;;;;
1567;;;;;;;;;;;;;;;;;;;;;;;;;;;;;;;
1568;;;;;;;;;;;;;;;;;;;;;;;;;;;;;;;
1569;;;;;;;;;;;;;;;;;;;;;;;;;;;;;;;
1570;;;;;;;;;;;;;;;;;;;;;;;;;;;;;;;
1571;;;;;;;;;;;;;;;;;;;;;;;;;;;;;;;
1572;;;;;;;;;;;;;;;;;;;;;;;;;;;;;;;
1573;;;;;;;;;;;;;;;;;;;;;;;;;;;;;;;
1574;;;;;;;;;;;;;;;;;;;;;;;;;;;;;;;
1575;;;;;;;;;;;;;;;;;;;;;;;;;;;;;;;
1576;;;;;;;;;;;;;;;;;;;;;;;;;;;;;;;
1577;;;;;;;;;;;;;;;;;;;;;;;;;;;;;;;
1578;;;;;;;;;;;;;;;;;;;;;;;;;;;;;;;
1579;;;;;;;;;;;;;;;;;;;;;;;;;;;;;;;
1580;;;;;;;;;;;;;;;;;;;;;;;;;;;;;;;
1581;;;;;;;;;;;;;;;;;;;;;;;;;;;;;;;
1582;;;;;;;;;;;;;;;;;;;;;;;;;;;;;;;
1583;;;;;;;;;;;;;;;;;;;;;;;;;;;;;;;
1584;;;;;;;;;;;;;;;;;;;;;;;;;;;;;;;
1585;;;;;;;;;;;;;;;;;;;;;;;;;;;;;;;
1586;;;;;;;;;;;;;;;;;;;;;;;;;;;;;;;
1587;;;;;;;;;;;;;;;;;;;;;;;;;;;;;;;
1588;;;;;;;;;;;;;;;;;;;;;;;;;;;;;;;
1589;;;;;;;;;;;;;;;;;;;;;;;;;;;;;;;
1590;;;;;;;;;;;;;;;;;;;;;;;;;;;;;;;
1591;;;;;;;;;;;;;;;;;;;;;;;;;;;;;;;
1592;;;;;;;;;;;;;;;;;;;;;;;;;;;;;;;
1593;;;;;;;;;;;;;;;;;;;;;;;;;;;;;;;
1594;;;;;;;;;;;;;;;;;;;;;;;;;;;;;;;
1595;;;;;;;;;;;;;;;;;;;;;;;;;;;;;;;
1596;;;;;;;;;;;;;;;;;;;;;;;;;;;;;;;
1597;;;;;;;;;;;;;;;;;;;;;;;;;;;;;;;
1598;;;;;;;;;;;;;;;;;;;;;;;;;;;;;;;
1599;;;;;;;;;;;;;;;;;;;;;;;;;;;;;;;
1600;;;;;;;;;;;;;;;;;;;;;;;;;;;;;;;
1601;;;;;;;;;;;;;;;;;;;;;;;;;;;;;;;
1602;;;;;;;;;;;;;;;;;;;;;;;;;;;;;;;
1603;;;;;;;;;;;;;;;;;;;;;;;;;;;;;;;
1604;;;;;;;;;;;;;;;;;;;;;;;;;;;;;;;
1605;;;;;;;;;;;;;;;;;;;;;;;;;;;;;;;
1606;;;;;;;;;;;;;;;;;;;;;;;;;;;;;;;
1607;;;;;;;;;;;;;;;;;;;;;;;;;;;;;;;
1608;;;;;;;;;;;;;;;;;;;;;;;;;;;;;;;
1609;;;;;;;;;;;;;;;;;;;;;;;;;;;;;;;
1610;;;;;;;;;;;;;;;;;;;;;;;;;;;;;;;
1611;;;;;;;;;;;;;;;;;;;;;;;;;;;;;;;
1612;;;;;;;;;;;;;;;;;;;;;;;;;;;;;;;
1613;;;;;;;;;;;;;;;;;;;;;;;;;;;;;;;
1614;;;;;;;;;;;;;;;;;;;;;;;;;;;;;;;
1615;;;;;;;;;;;;;;;;;;;;;;;;;;;;;;;
1616;;;;;;;;;;;;;;;;;;;;;;;;;;;;;;;
1617;;;;;;;;;;;;;;;;;;;;;;;;;;;;;;;
1618;;;;;;;;;;;;;;;;;;;;;;;;;;;;;;;
1619;;;;;;;;;;;;;;;;;;;;;;;;;;;;;;;
1620;;;;;;;;;;;;;;;;;;;;;;;;;;;;;;;
1621;;;;;;;;;;;;;;;;;;;;;;;;;;;;;;;
1622;;;;;;;;;;;;;;;;;;;;;;;;;;;;;;;
1623;;;;;;;;;;;;;;;;;;;;;;;;;;;;;;;
1624;;;;;;;;;;;;;;;;;;;;;;;;;;;;;;;
1625;;;;;;;;;;;;;;;;;;;;;;;;;;;;;;;
1626;;;;;;;;;;;;;;;;;;;;;;;;;;;;;;;
1627;;;;;;;;;;;;;;;;;;;;;;;;;;;;;;;
1628;;;;;;;;;;;;;;;;;;;;;;;;;;;;;;;
1629;;;;;;;;;;;;;;;;;;;;;;;;;;;;;;;
1630;;;;;;;;;;;;;;;;;;;;;;;;;;;;;;;
1631;;;;;;;;;;;;;;;;;;;;;;;;;;;;;;;
1632;;;;;;;;;;;;;;;;;;;;;;;;;;;;;;;
1633;;;;;;;;;;;;;;;;;;;;;;;;;;;;;;;
1634;;;;;;;;;;;;;;;;;;;;;;;;;;;;;;;
1635;;;;;;;;;;;;;;;;;;;;;;;;;;;;;;;
1636;;;;;;;;;;;;;;;;;;;;;;;;;;;;;;;
1637;;;;;;;;;;;;;;;;;;;;;;;;;;;;;;;
1638;;;;;;;;;;;;;;;;;;;;;;;;;;;;;;;
1639;;;;;;;;;;;;;;;;;;;;;;;;;;;;;;;
1640;;;;;;;;;;;;;;;;;;;;;;;;;;;;;;;
1641;;;;;;;;;;;;;;;;;;;;;;;;;;;;;;;
1642;;;;;;;;;;;;;;;;;;;;;;;;;;;;;;;
1643;;;;;;;;;;;;;;;;;;;;;;;;;;;;;;;
1644;;;;;;;;;;;;;;;;;;;;;;;;;;;;;;;
1645;;;;;;;;;;;;;;;;;;;;;;;;;;;;;;;
1646;;;;;;;;;;;;;;;;;;;;;;;;;;;;;;;
1647;;;;;;;;;;;;;;;;;;;;;;;;;;;;;;;
1648;;;;;;;;;;;;;;;;;;;;;;;;;;;;;;;
1649;;;;;;;;;;;;;;;;;;;;;;;;;;;;;;;
1650;;;;;;;;;;;;;;;;;;;;;;;;;;;;;;;
1651;;;;;;;;;;;;;;;;;;;;;;;;;;;;;;;
1652;;;;;;;;;;;;;;;;;;;;;;;;;;;;;;;
1653;;;;;;;;;;;;;;;;;;;;;;;;;;;;;;;
1654;;;;;;;;;;;;;;;;;;;;;;;;;;;;;;;
1655;;;;;;;;;;;;;;;;;;;;;;;;;;;;;;;
1656;;;;;;;;;;;;;;;;;;;;;;;;;;;;;;;
1657;;;;;;;;;;;;;;;;;;;;;;;;;;;;;;;
1658;;;;;;;;;;;;;;;;;;;;;;;;;;;;;;;
1659;;;;;;;;;;;;;;;;;;;;;;;;;;;;;;;
1660;;;;;;;;;;;;;;;;;;;;;;;;;;;;;;;
1661;;;;;;;;;;;;;;;;;;;;;;;;;;;;;;;
1662;;;;;;;;;;;;;;;;;;;;;;;;;;;;;;;
1663;;;;;;;;;;;;;;;;;;;;;;;;;;;;;;;
1664;;;;;;;;;;;;;;;;;;;;;;;;;;;;;;;
1665;;;;;;;;;;;;;;;;;;;;;;;;;;;;;;;
1666;;;;;;;;;;;;;;;;;;;;;;;;;;;;;;;
1667;;;;;;;;;;;;;;;;;;;;;;;;;;;;;;;
1668;;;;;;;;;;;;;;;;;;;;;;;;;;;;;;;
1669;;;;;;;;;;;;;;;;;;;;;;;;;;;;;;;
1670;;;;;;;;;;;;;;;;;;;;;;;;;;;;;;;
1671;;;;;;;;;;;;;;;;;;;;;;;;;;;;;;;
1672;;;;;;;;;;;;;;;;;;;;;;;;;;;;;;;
1673;;;;;;;;;;;;;;;;;;;;;;;;;;;;;;;
1674;;;;;;;;;;;;;;;;;;;;;;;;;;;;;;;
1675;;;;;;;;;;;;;;;;;;;;;;;;;;;;;;;
1676;;;;;;;;;;;;;;;;;;;;;;;;;;;;;;;
1677;;;;;;;;;;;;;;;;;;;;;;;;;;;;;;;
1678;;;;;;;;;;;;;;;;;;;;;;;;;;;;;;;
1679;;;;;;;;;;;;;;;;;;;;;;;;;;;;;;;
1680;;;;;;;;;;;;;;;;;;;;;;;;;;;;;;;
1681;;;;;;;;;;;;;;;;;;;;;;;;;;;;;;;
1682;;;;;;;;;;;;;;;;;;;;;;;;;;;;;;;
1683;;;;;;;;;;;;;;;;;;;;;;;;;;;;;;;
1684;;;;;;;;;;;;;;;;;;;;;;;;;;;;;;;
1685;;;;;;;;;;;;;;;;;;;;;;;;;;;;;;;
1686;;;;;;;;;;;;;;;;;;;;;;;;;;;;;;;
1687;;;;;;;;;;;;;;;;;;;;;;;;;;;;;;;
1688;;;;;;;;;;;;;;;;;;;;;;;;;;;;;;;
1689;;;;;;;;;;;;;;;;;;;;;;;;;;;;;;;
1690;;;;;;;;;;;;;;;;;;;;;;;;;;;;;;;
1691;;;;;;;;;;;;;;;;;;;;;;;;;;;;;;;
1692;;;;;;;;;;;;;;;;;;;;;;;;;;;;;;;
1693;;;;;;;;;;;;;;;;;;;;;;;;;;;;;;;
1694;;;;;;;;;;;;;;;;;;;;;;;;;;;;;;;
1695;;;;;;;;;;;;;;;;;;;;;;;;;;;;;;;
1696;;;;;;;;;;;;;;;;;;;;;;;;;;;;;;;
1697;;;;;;;;;;;;;;;;;;;;;;;;;;;;;;;
1698;;;;;;;;;;;;;;;;;;;;;;;;;;;;;;;
1699;;;;;;;;;;;;;;;;;;;;;;;;;;;;;;;
1700;;;;;;;;;;;;;;;;;;;;;;;;;;;;;;;
1701;;;;;;;;;;;;;;;;;;;;;;;;;;;;;;;
1702;;;;;;;;;;;;;;;;;;;;;;;;;;;;;;;
1703;;;;;;;;;;;;;;;;;;;;;;;;;;;;;;;
1704;;;;;;;;;;;;;;;;;;;;;;;;;;;;;;;
1705;;;;;;;;;;;;;;;;;;;;;;;;;;;;;;;
1706;;;;;;;;;;;;;;;;;;;;;;;;;;;;;;;
1707;;;;;;;;;;;;;;;;;;;;;;;;;;;;;;;
1708;;;;;;;;;;;;;;;;;;;;;;;;;;;;;;;
1709;;;;;;;;;;;;;;;;;;;;;;;;;;;;;;;
1710;;;;;;;;;;;;;;;;;;;;;;;;;;;;;;;
1711;;;;;;;;;;;;;;;;;;;;;;;;;;;;;;;
1712;;;;;;;;;;;;;;;;;;;;;;;;;;;;;;;
1713;;;;;;;;;;;;;;;;;;;;;;;;;;;;;;;
1714;;;;;;;;;;;;;;;;;;;;;;;;;;;;;;;
1715;;;;;;;;;;;;;;;;;;;;;;;;;;;;;;;
1716;;;;;;;;;;;;;;;;;;;;;;;;;;;;;;;
1717;;;;;;;;;;;;;;;;;;;;;;;;;;;;;;;
1718;;;;;;;;;;;;;;;;;;;;;;;;;;;;;;;
1719;;;;;;;;;;;;;;;;;;;;;;;;;;;;;;;
1720;;;;;;;;;;;;;;;;;;;;;;;;;;;;;;;
1721;;;;;;;;;;;;;;;;;;;;;;;;;;;;;;;
1722;;;;;;;;;;;;;;;;;;;;;;;;;;;;;;;
1723;;;;;;;;;;;;;;;;;;;;;;;;;;;;;;;
1724;;;;;;;;;;;;;;;;;;;;;;;;;;;;;;;
1725;;;;;;;;;;;;;;;;;;;;;;;;;;;;;;;
1726;;;;;;;;;;;;;;;;;;;;;;;;;;;;;;;
1727;;;;;;;;;;;;;;;;;;;;;;;;;;;;;;;
1728;;;;;;;;;;;;;;;;;;;;;;;;;;;;;;;
1729;;;;;;;;;;;;;;;;;;;;;;;;;;;;;;;
1730;;;;;;;;;;;;;;;;;;;;;;;;;;;;;;;
1731;;;;;;;;;;;;;;;;;;;;;;;;;;;;;;;
1732;;;;;;;;;;;;;;;;;;;;;;;;;;;;;;;
1733;;;;;;;;;;;;;;;;;;;;;;;;;;;;;;;
1734;;;;;;;;;;;;;;;;;;;;;;;;;;;;;;;
1735;;;;;;;;;;;;;;;;;;;;;;;;;;;;;;;
1736;;;;;;;;;;;;;;;;;;;;;;;;;;;;;;;
1737;;;;;;;;;;;;;;;;;;;;;;;;;;;;;;;
1738;;;;;;;;;;;;;;;;;;;;;;;;;;;;;;;
1739;;;;;;;;;;;;;;;;;;;;;;;;;;;;;;;
1740;;;;;;;;;;;;;;;;;;;;;;;;;;;;;;;
1741;;;;;;;;;;;;;;;;;;;;;;;;;;;;;;;
1742;;;;;;;;;;;;;;;;;;;;;;;;;;;;;;;
1743;;;;;;;;;;;;;;;;;;;;;;;;;;;;;;;
1744;;;;;;;;;;;;;;;;;;;;;;;;;;;;;;;
1745;;;;;;;;;;;;;;;;;;;;;;;;;;;;;;;
1746;;;;;;;;;;;;;;;;;;;;;;;;;;;;;;;
1747;;;;;;;;;;;;;;;;;;;;;;;;;;;;;;;
1748;;;;;;;;;;;;;;;;;;;;;;;;;;;;;;;
1749;;;;;;;;;;;;;;;;;;;;;;;;;;;;;;;
1750;;;;;;;;;;;;;;;;;;;;;;;;;;;;;;;
1751;;;;;;;;;;;;;;;;;;;;;;;;;;;;;;;
1752;;;;;;;;;;;;;;;;;;;;;;;;;;;;;;;
1753;;;;;;;;;;;;;;;;;;;;;;;;;;;;;;;
1754;;;;;;;;;;;;;;;;;;;;;;;;;;;;;;;
1755;;;;;;;;;;;;;;;;;;;;;;;;;;;;;;;
1756;;;;;;;;;;;;;;;;;;;;;;;;;;;;;;;
1757;;;;;;;;;;;;;;;;;;;;;;;;;;;;;;;
1758;;;;;;;;;;;;;;;;;;;;;;;;;;;;;;;
1759;;;;;;;;;;;;;;;;;;;;;;;;;;;;;;;
1760;;;;;;;;;;;;;;;;;;;;;;;;;;;;;;;
1761;;;;;;;;;;;;;;;;;;;;;;;;;;;;;;;
1762;;;;;;;;;;;;;;;;;;;;;;;;;;;;;;;
1763;;;;;;;;;;;;;;;;;;;;;;;;;;;;;;;
1764;;;;;;;;;;;;;;;;;;;;;;;;;;;;;;;
1765;;;;;;;;;;;;;;;;;;;;;;;;;;;;;;;
1766;;;;;;;;;;;;;;;;;;;;;;;;;;;;;;;
1767;;;;;;;;;;;;;;;;;;;;;;;;;;;;;;;
1768;;;;;;;;;;;;;;;;;;;;;;;;;;;;;;;
1769;;;;;;;;;;;;;;;;;;;;;;;;;;;;;;;
1770;;;;;;;;;;;;;;;;;;;;;;;;;;;;;;;
1771;;;;;;;;;;;;;;;;;;;;;;;;;;;;;;;
1772;;;;;;;;;;;;;;;;;;;;;;;;;;;;;;;
1773;;;;;;;;;;;;;;;;;;;;;;;;;;;;;;;
1774;;;;;;;;;;;;;;;;;;;;;;;;;;;;;;;
1775;;;;;;;;;;;;;;;;;;;;;;;;;;;;;;;
1776;;;;;;;;;;;;;;;;;;;;;;;;;;;;;;;
1777;;;;;;;;;;;;;;;;;;;;;;;;;;;;;;;
1778;;;;;;;;;;;;;;;;;;;;;;;;;;;;;;;
1779;;;;;;;;;;;;;;;;;;;;;;;;;;;;;;;
1780;;;;;;;;;;;;;;;;;;;;;;;;;;;;;;;
1781;;;;;;;;;;;;;;;;;;;;;;;;;;;;;;;
1782;;;;;;;;;;;;;;;;;;;;;;;;;;;;;;;
1783;;;;;;;;;;;;;;;;;;;;;;;;;;;;;;;
1784;;;;;;;;;;;;;;;;;;;;;;;;;;;;;;;
1785;;;;;;;;;;;;;;;;;;;;;;;;;;;;;;;
1786;;;;;;;;;;;;;;;;;;;;;;;;;;;;;;;
1787;;;;;;;;;;;;;;;;;;;;;;;;;;;;;;;
1788;;;;;;;;;;;;;;;;;;;;;;;;;;;;;;;
1789;;;;;;;;;;;;;;;;;;;;;;;;;;;;;;;
1790;;;;;;;;;;;;;;;;;;;;;;;;;;;;;;;
1791;;;;;;;;;;;;;;;;;;;;;;;;;;;;;;;
1792;;;;;;;;;;;;;;;;;;;;;;;;;;;;;;;
1793;;;;;;;;;;;;;;;;;;;;;;;;;;;;;;;
1794;;;;;;;;;;;;;;;;;;;;;;;;;;;;;;;
1795;;;;;;;;;;;;;;;;;;;;;;;;;;;;;;;
1796;;;;;;;;;;;;;;;;;;;;;;;;;;;;;;;
1797;;;;;;;;;;;;;;;;;;;;;;;;;;;;;;;
1798;;;;;;;;;;;;;;;;;;;;;;;;;;;;;;;
1799;;;;;;;;;;;;;;;;;;;;;;;;;;;;;;;
1800;;;;;;;;;;;;;;;;;;;;;;;;;;;;;;;
1801;;;;;;;;;;;;;;;;;;;;;;;;;;;;;;;
1802;;;;;;;;;;;;;;;;;;;;;;;;;;;;;;;
1803;;;;;;;;;;;;;;;;;;;;;;;;;;;;;;;
1804;;;;;;;;;;;;;;;;;;;;;;;;;;;;;;;
1805;;;;;;;;;;;;;;;;;;;;;;;;;;;;;;;
1806;;;;;;;;;;;;;;;;;;;;;;;;;;;;;;;
1807;;;;;;;;;;;;;;;;;;;;;;;;;;;;;;;
1808;;;;;;;;;;;;;;;;;;;;;;;;;;;;;;;
1809;;;;;;;;;;;;;;;;;;;;;;;;;;;;;;;
1810;;;;;;;;;;;;;;;;;;;;;;;;;;;;;;;
1811;;;;;;;;;;;;;;;;;;;;;;;;;;;;;;;
1812;;;;;;;;;;;;;;;;;;;;;;;;;;;;;;;
1813;;;;;;;;;;;;;;;;;;;;;;;;;;;;;;;
1814;;;;;;;;;;;;;;;;;;;;;;;;;;;;;;;
1815;;;;;;;;;;;;;;;;;;;;;;;;;;;;;;;
1816;;;;;;;;;;;;;;;;;;;;;;;;;;;;;;;
1817;;;;;;;;;;;;;;;;;;;;;;;;;;;;;;;
1818;;;;;;;;;;;;;;;;;;;;;;;;;;;;;;;
1819;;;;;;;;;;;;;;;;;;;;;;;;;;;;;;;
1820;;;;;;;;;;;;;;;;;;;;;;;;;;;;;;;
1821;;;;;;;;;;;;;;;;;;;;;;;;;;;;;;;
1822;;;;;;;;;;;;;;;;;;;;;;;;;;;;;;;
1823;;;;;;;;;;;;;;;;;;;;;;;;;;;;;;;
1824;;;;;;;;;;;;;;;;;;;;;;;;;;;;;;;
1825;;;;;;;;;;;;;;;;;;;;;;;;;;;;;;;
1826;;;;;;;;;;;;;;;;;;;;;;;;;;;;;;;
1827;;;;;;;;;;;;;;;;;;;;;;;;;;;;;;;
1828;;;;;;;;;;;;;;;;;;;;;;;;;;;;;;;
1829;;;;;;;;;;;;;;;;;;;;;;;;;;;;;;;
1830;;;;;;;;;;;;;;;;;;;;;;;;;;;;;;;
1831;;;;;;;;;;;;;;;;;;;;;;;;;;;;;;;
1832;;;;;;;;;;;;;;;;;;;;;;;;;;;;;;;
1833;;;;;;;;;;;;;;;;;;;;;;;;;;;;;;;
1834;;;;;;;;;;;;;;;;;;;;;;;;;;;;;;;
1835;;;;;;;;;;;;;;;;;;;;;;;;;;;;;;;
1836;;;;;;;;;;;;;;;;;;;;;;;;;;;;;;;
1837;;;;;;;;;;;;;;;;;;;;;;;;;;;;;;;
1838;;;;;;;;;;;;;;;;;;;;;;;;;;;;;;;
1839;;;;;;;;;;;;;;;;;;;;;;;;;;;;;;;
1840;;;;;;;;;;;;;;;;;;;;;;;;;;;;;;;
1841;;;;;;;;;;;;;;;;;;;;;;;;;;;;;;;
1842;;;;;;;;;;;;;;;;;;;;;;;;;;;;;;;
1843;;;;;;;;;;;;;;;;;;;;;;;;;;;;;;;
1844;;;;;;;;;;;;;;;;;;;;;;;;;;;;;;;
1845;;;;;;;;;;;;;;;;;;;;;;;;;;;;;;;
1846;;;;;;;;;;;;;;;;;;;;;;;;;;;;;;;
1847;;;;;;;;;;;;;;;;;;;;;;;;;;;;;;;
1848;;;;;;;;;;;;;;;;;;;;;;;;;;;;;;;
1849;;;;;;;;;;;;;;;;;;;;;;;;;;;;;;;
1850;;;;;;;;;;;;;;;;;;;;;;;;;;;;;;;
1851;;;;;;;;;;;;;;;;;;;;;;;;;;;;;;;
1852;;;;;;;;;;;;;;;;;;;;;;;;;;;;;;;
1853;;;;;;;;;;;;;;;;;;;;;;;;;;;;;;;
1854;;;;;;;;;;;;;;;;;;;;;;;;;;;;;;;
1855;;;;;;;;;;;;;;;;;;;;;;;;;;;;;;;
1856;;;;;;;;;;;;;;;;;;;;;;;;;;;;;;;
1857;;;;;;;;;;;;;;;;;;;;;;;;;;;;;;;
1858;;;;;;;;;;;;;;;;;;;;;;;;;;;;;;;
1859;;;;;;;;;;;;;;;;;;;;;;;;;;;;;;;
1860;;;;;;;;;;;;;;;;;;;;;;;;;;;;;;;
1861;;;;;;;;;;;;;;;;;;;;;;;;;;;;;;;
1862;;;;;;;;;;;;;;;;;;;;;;;;;;;;;;;
1863;;;;;;;;;;;;;;;;;;;;;;;;;;;;;;;
1864;;;;;;;;;;;;;;;;;;;;;;;;;;;;;;;
1865;;;;;;;;;;;;;;;;;;;;;;;;;;;;;;;
1866;;;;;;;;;;;;;;;;;;;;;;;;;;;;;;;
1867;;;;;;;;;;;;;;;;;;;;;;;;;;;;;;;
1868;;;;;;;;;;;;;;;;;;;;;;;;;;;;;;;
1869;;;;;;;;;;;;;;;;;;;;;;;;;;;;;;;
1870;;;;;;;;;;;;;;;;;;;;;;;;;;;;;;;
1871;;;;;;;;;;;;;;;;;;;;;;;;;;;;;;;
1872;;;;;;;;;;;;;;;;;;;;;;;;;;;;;;;
1873;;;;;;;;;;;;;;;;;;;;;;;;;;;;;;;
1874;;;;;;;;;;;;;;;;;;;;;;;;;;;;;;;
1875;;;;;;;;;;;;;;;;;;;;;;;;;;;;;;;
1876;;;;;;;;;;;;;;;;;;;;;;;;;;;;;;;
1877;;;;;;;;;;;;;;;;;;;;;;;;;;;;;;;
1878;;;;;;;;;;;;;;;;;;;;;;;;;;;;;;;
1879;;;;;;;;;;;;;;;;;;;;;;;;;;;;;;;
1880;;;;;;;;;;;;;;;;;;;;;;;;;;;;;;;
1881;;;;;;;;;;;;;;;;;;;;;;;;;;;;;;;
1882;;;;;;;;;;;;;;;;;;;;;;;;;;;;;;;
1883;;;;;;;;;;;;;;;;;;;;;;;;;;;;;;;
1884;;;;;;;;;;;;;;;;;;;;;;;;;;;;;;;
1885;;;;;;;;;;;;;;;;;;;;;;;;;;;;;;;
1886;;;;;;;;;;;;;;;;;;;;;;;;;;;;;;;
1887;;;;;;;;;;;;;;;;;;;;;;;;;;;;;;;
1888;;;;;;;;;;;;;;;;;;;;;;;;;;;;;;;
1889;;;;;;;;;;;;;;;;;;;;;;;;;;;;;;;
1890;;;;;;;;;;;;;;;;;;;;;;;;;;;;;;;
1891;;;;;;;;;;;;;;;;;;;;;;;;;;;;;;;
1892;;;;;;;;;;;;;;;;;;;;;;;;;;;;;;;
1893;;;;;;;;;;;;;;;;;;;;;;;;;;;;;;;
1894;;;;;;;;;;;;;;;;;;;;;;;;;;;;;;;
1895;;;;;;;;;;;;;;;;;;;;;;;;;;;;;;;
1896;;;;;;;;;;;;;;;;;;;;;;;;;;;;;;;
1897;;;;;;;;;;;;;;;;;;;;;;;;;;;;;;;
1898;;;;;;;;;;;;;;;;;;;;;;;;;;;;;;;
1899;;;;;;;;;;;;;;;;;;;;;;;;;;;;;;;
1900;;;;;;;;;;;;;;;;;;;;;;;;;;;;;;;
1901;;;;;;;;;;;;;;;;;;;;;;;;;;;;;;;
1902;;;;;;;;;;;;;;;;;;;;;;;;;;;;;;;
1903;;;;;;;;;;;;;;;;;;;;;;;;;;;;;;;
1904;;;;;;;;;;;;;;;;;;;;;;;;;;;;;;;
1905;;;;;;;;;;;;;;;;;;;;;;;;;;;;;;;
1906;;;;;;;;;;;;;;;;;;;;;;;;;;;;;;;
1907;;;;;;;;;;;;;;;;;;;;;;;;;;;;;;;
1908;;;;;;;;;;;;;;;;;;;;;;;;;;;;;;;
1909;;;;;;;;;;;;;;;;;;;;;;;;;;;;;;;
1910;;;;;;;;;;;;;;;;;;;;;;;;;;;;;;;
1911;;;;;;;;;;;;;;;;;;;;;;;;;;;;;;;
1912;;;;;;;;;;;;;;;;;;;;;;;;;;;;;;;
1913;;;;;;;;;;;;;;;;;;;;;;;;;;;;;;;
1914;;;;;;;;;;;;;;;;;;;;;;;;;;;;;;;
1915;;;;;;;;;;;;;;;;;;;;;;;;;;;;;;;
1916;;;;;;;;;;;;;;;;;;;;;;;;;;;;;;;
1917;;;;;;;;;;;;;;;;;;;;;;;;;;;;;;;
1918;;;;;;;;;;;;;;;;;;;;;;;;;;;;;;;
1919;;;;;;;;;;;;;;;;;;;;;;;;;;;;;;;
1920;;;;;;;;;;;;;;;;;;;;;;;;;;;;;;;
1921;;;;;;;;;;;;;;;;;;;;;;;;;;;;;;;
1922;;;;;;;;;;;;;;;;;;;;;;;;;;;;;;;
1923;;;;;;;;;;;;;;;;;;;;;;;;;;;;;;;
1924;;;;;;;;;;;;;;;;;;;;;;;;;;;;;;;
1925;;;;;;;;;;;;;;;;;;;;;;;;;;;;;;;
1926;;;;;;;;;;;;;;;;;;;;;;;;;;;;;;;
1927;;;;;;;;;;;;;;;;;;;;;;;;;;;;;;;
1928;;;;;;;;;;;;;;;;;;;;;;;;;;;;;;;
1929;;;;;;;;;;;;;;;;;;;;;;;;;;;;;;;
1930;;;;;;;;;;;;;;;;;;;;;;;;;;;;;;;
1931;;;;;;;;;;;;;;;;;;;;;;;;;;;;;;;
1932;;;;;;;;;;;;;;;;;;;;;;;;;;;;;;;
1933;;;;;;;;;;;;;;;;;;;;;;;;;;;;;;;
1934;;;;;;;;;;;;;;;;;;;;;;;;;;;;;;;
1935;;;;;;;;;;;;;;;;;;;;;;;;;;;;;;;
1936;;;;;;;;;;;;;;;;;;;;;;;;;;;;;;;
1937;;;;;;;;;;;;;;;;;;;;;;;;;;;;;;;
1938;;;;;;;;;;;;;;;;;;;;;;;;;;;;;;;
1939;;;;;;;;;;;;;;;;;;;;;;;;;;;;;;;
1940;;;;;;;;;;;;;;;;;;;;;;;;;;;;;;;
1941;;;;;;;;;;;;;;;;;;;;;;;;;;;;;;;
1942;;;;;;;;;;;;;;;;;;;;;;;;;;;;;;;
1943;;;;;;;;;;;;;;;;;;;;;;;;;;;;;;;
1944;;;;;;;;;;;;;;;;;;;;;;;;;;;;;;;
1945;;;;;;;;;;;;;;;;;;;;;;;;;;;;;;;
1946;;;;;;;;;;;;;;;;;;;;;;;;;;;;;;;
1947;;;;;;;;;;;;;;;;;;;;;;;;;;;;;;;
1948;;;;;;;;;;;;;;;;;;;;;;;;;;;;;;;
1949;;;;;;;;;;;;;;;;;;;;;;;;;;;;;;;
1950;;;;;;;;;;;;;;;;;;;;;;;;;;;;;;;
1951;;;;;;;;;;;;;;;;;;;;;;;;;;;;;;;
1952;;;;;;;;;;;;;;;;;;;;;;;;;;;;;;;
1953;;;;;;;;;;;;;;;;;;;;;;;;;;;;;;;
1954;;;;;;;;;;;;;;;;;;;;;;;;;;;;;;;
1955;;;;;;;;;;;;;;;;;;;;;;;;;;;;;;;
1956;;;;;;;;;;;;;;;;;;;;;;;;;;;;;;;
1957;;;;;;;;;;;;;;;;;;;;;;;;;;;;;;;
1958;;;;;;;;;;;;;;;;;;;;;;;;;;;;;;;
1959;;;;;;;;;;;;;;;;;;;;;;;;;;;;;;;
1960;;;;;;;;;;;;;;;;;;;;;;;;;;;;;;;
1961;;;;;;;;;;;;;;;;;;;;;;;;;;;;;;;
1962;;;;;;;;;;;;;;;;;;;;;;;;;;;;;;;
1963;;;;;;;;;;;;;;;;;;;;;;;;;;;;;;;
1964;;;;;;;;;;;;;;;;;;;;;;;;;;;;;;;
1965;;;;;;;;;;;;;;;;;;;;;;;;;;;;;;;
1966;;;;;;;;;;;;;;;;;;;;;;;;;;;;;;;
1967;;;;;;;;;;;;;;;;;;;;;;;;;;;;;;;
1968;;;;;;;;;;;;;;;;;;;;;;;;;;;;;;;
1969;;;;;;;;;;;;;;;;;;;;;;;;;;;;;;;
1970;;;;;;;;;;;;;;;;;;;;;;;;;;;;;;;
1971;;;;;;;;;;;;;;;;;;;;;;;;;;;;;;;
1972;;;;;;;;;;;;;;;;;;;;;;;;;;;;;;;
1973;;;;;;;;;;;;;;;;;;;;;;;;;;;;;;;
1974;;;;;;;;;;;;;;;;;;;;;;;;;;;;;;;
1975;;;;;;;;;;;;;;;;;;;;;;;;;;;;;;;
1976;;;;;;;;;;;;;;;;;;;;;;;;;;;;;;;
1977;;;;;;;;;;;;;;;;;;;;;;;;;;;;;;;
1978;;;;;;;;;;;;;;;;;;;;;;;;;;;;;;;
1979;;;;;;;;;;;;;;;;;;;;;;;;;;;;;;;
1980;;;;;;;;;;;;;;;;;;;;;;;;;;;;;;;
1981;;;;;;;;;;;;;;;;;;;;;;;;;;;;;;;
1982;;;;;;;;;;;;;;;;;;;;;;;;;;;;;;;
1983;;;;;;;;;;;;;;;;;;;;;;;;;;;;;;;
1984;;;;;;;;;;;;;;;;;;;;;;;;;;;;;;;
1985;;;;;;;;;;;;;;;;;;;;;;;;;;;;;;;
1986;;;;;;;;;;;;;;;;;;;;;;;;;;;;;;;
1987;;;;;;;;;;;;;;;;;;;;;;;;;;;;;;;
1988;;;;;;;;;;;;;;;;;;;;;;;;;;;;;;;
1989;;;;;;;;;;;;;;;;;;;;;;;;;;;;;;;
1990;;;;;;;;;;;;;;;;;;;;;;;;;;;;;;;
1991;;;;;;;;;;;;;;;;;;;;;;;;;;;;;;;
1992;;;;;;;;;;;;;;;;;;;;;;;;;;;;;;;
1993;;;;;;;;;;;;;;;;;;;;;;;;;;;;;;;
1994;;;;;;;;;;;;;;;;;;;;;;;;;;;;;;;
1995;;;;;;;;;;;;;;;;;;;;;;;;;;;;;;;
1996;;;;;;;;;;;;;;;;;;;;;;;;;;;;;;;
1997;;;;;;;;;;;;;;;;;;;;;;;;;;;;;;;
1998;;;;;;;;;;;;;;;;;;;;;;;;;;;;;;;
1999;;;;;;;;;;;;;;;;;;;;;;;;;;;;;;;
2000;;;;;;;;;;;;;;;;;;;;;;;;;;;;;;;
2001;;;;;;;;;;;;;;;;;;;;;;;;;;;;;;;
2002;;;;;;;;;;;;;;;;;;;;;;;;;;;;;;;
2003;;;;;;;;;;;;;;;;;;;;;;;;;;;;;;;
2004;;;;;;;;;;;;;;;;;;;;;;;;;;;;;;;
2005;;;;;;;;;;;;;;;;;;;;;;;;;;;;;;;
2006;;;;;;;;;;;;;;;;;;;;;;;;;;;;;;;
2007;;;;;;;;;;;;;;;;;;;;;;;;;;;;;;;
2008;;;;;;;;;;;;;;;;;;;;;;;;;;;;;;;
2009;;;;;;;;;;;;;;;;;;;;;;;;;;;;;;;
2010;;;;;;;;;;;;;;;;;;;;;;;;;;;;;;;
2011;;;;;;;;;;;;;;;;;;;;;;;;;;;;;;;
2012;;;;;;;;;;;;;;;;;;;;;;;;;;;;;;;
2013;;;;;;;;;;;;;;;;;;;;;;;;;;;;;;;
2014;;;;;;;;;;;;;;;;;;;;;;;;;;;;;;;
2015;;;;;;;;;;;;;;;;;;;;;;;;;;;;;;;
2016;;;;;;;;;;;;;;;;;;;;;;;;;;;;;;;
2017;;;;;;;;;;;;;;;;;;;;;;;;;;;;;;;
2018;;;;;;;;;;;;;;;;;;;;;;;;;;;;;;;
2019;;;;;;;;;;;;;;;;;;;;;;;;;;;;;;;
2020;;;;;;;;;;;;;;;;;;;;;;;;;;;;;;;
2021;;;;;;;;;;;;;;;;;;;;;;;;;;;;;;;
2022;;;;;;;;;;;;;;;;;;;;;;;;;;;;;;;
2023;;;;;;;;;;;;;;;;;;;;;;;;;;;;;;;
2024;;;;;;;;;;;;;;;;;;;;;;;;;;;;;;;
2025;;;;;;;;;;;;;;;;;;;;;;;;;;;;;;;
2026;;;;;;;;;;;;;;;;;;;;;;;;;;;;;;;
2027;;;;;;;;;;;;;;;;;;;;;;;;;;;;;;;
2028;;;;;;;;;;;;;;;;;;;;;;;;;;;;;;;
2029;;;;;;;;;;;;;;;;;;;;;;;;;;;;;;;
2030;;;;;;;;;;;;;;;;;;;;;;;;;;;;;;;
2031;;;;;;;;;;;;;;;;;;;;;;;;;;;;;;;
2032;;;;;;;;;;;;;;;;;;;;;;;;;;;;;;;
2033;;;;;;;;;;;;;;;;;;;;;;;;;;;;;;;
2034;;;;;;;;;;;;;;;;;;;;;;;;;;;;;;;
2035;;;;;;;;;;;;;;;;;;;;;;;;;;;;;;;
2036;;;;;;;;;;;;;;;;;;;;;;;;;;;;;;;
2037;;;;;;;;;;;;;;;;;;;;;;;;;;;;;;;
2038;;;;;;;;;;;;;;;;;;;;;;;;;;;;;;;
2039;;;;;;;;;;;;;;;;;;;;;;;;;;;;;;;
2040;;;;;;;;;;;;;;;;;;;;;;;;;;;;;;;
2041;;;;;;;;;;;;;;;;;;;;;;;;;;;;;;;
2042;;;;;;;;;;;;;;;;;;;;;;;;;;;;;;;
2043;;;;;;;;;;;;;;;;;;;;;;;;;;;;;;;
2044;;;;;;;;;;;;;;;;;;;;;;;;;;;;;;;
2045;;;;;;;;;;;;;;;;;;;;;;;;;;;;;;;
2046;;;;;;;;;;;;;;;;;;;;;;;;;;;;;;;
2047;;;;;;;;;;;;;;;;;;;;;;;;;;;;;;;
2048;;;;;;;;;;;;;;;;;;;;;;;;;;;;;;;
2049;;;;;;;;;;;;;;;;;;;;;;;;;;;;;;;
2050;;;;;;;;;;;;;;;;;;;;;;;;;;;;;;;
2051;;;;;;;;;;;;;;;;;;;;;;;;;;;;;;;
2052;;;;;;;;;;;;;;;;;;;;;;;;;;;;;;;
2053;;;;;;;;;;;;;;;;;;;;;;;;;;;;;;;
2054;;;;;;;;;;;;;;;;;;;;;;;;;;;;;;;
2055;;;;;;;;;;;;;;;;;;;;;;;;;;;;;;;
2056;;;;;;;;;;;;;;;;;;;;;;;;;;;;;;;
2057;;;;;;;;;;;;;;;;;;;;;;;;;;;;;;;
2058;;;;;;;;;;;;;;;;;;;;;;;;;;;;;;;
2059;;;;;;;;;;;;;;;;;;;;;;;;;;;;;;;
2060;;;;;;;;;;;;;;;;;;;;;;;;;;;;;;;
2061;;;;;;;;;;;;;;;;;;;;;;;;;;;;;;;
2062;;;;;;;;;;;;;;;;;;;;;;;;;;;;;;;
2063;;;;;;;;;;;;;;;;;;;;;;;;;;;;;;;
2064;;;;;;;;;;;;;;;;;;;;;;;;;;;;;;;
2065;;;;;;;;;;;;;;;;;;;;;;;;;;;;;;;
2066;;;;;;;;;;;;;;;;;;;;;;;;;;;;;;;
2067;;;;;;;;;;;;;;;;;;;;;;;;;;;;;;;
2068;;;;;;;;;;;;;;;;;;;;;;;;;;;;;;;
2069;;;;;;;;;;;;;;;;;;;;;;;;;;;;;;;
2070;;;;;;;;;;;;;;;;;;;;;;;;;;;;;;;
2071;;;;;;;;;;;;;;;;;;;;;;;;;;;;;;;
2072;;;;;;;;;;;;;;;;;;;;;;;;;;;;;;;
2073;;;;;;;;;;;;;;;;;;;;;;;;;;;;;;;
2074;;;;;;;;;;;;;;;;;;;;;;;;;;;;;;;
2075;;;;;;;;;;;;;;;;;;;;;;;;;;;;;;;
2076;;;;;;;;;;;;;;;;;;;;;;;;;;;;;;;
2077;;;;;;;;;;;;;;;;;;;;;;;;;;;;;;;
2078;;;;;;;;;;;;;;;;;;;;;;;;;;;;;;;
2079;;;;;;;;;;;;;;;;;;;;;;;;;;;;;;;
2080;;;;;;;;;;;;;;;;;;;;;;;;;;;;;;;
2081;;;;;;;;;;;;;;;;;;;;;;;;;;;;;;;
2082;;;;;;;;;;;;;;;;;;;;;;;;;;;;;;;
2083;;;;;;;;;;;;;;;;;;;;;;;;;;;;;;;
2084;;;;;;;;;;;;;;;;;;;;;;;;;;;;;;;
2085;;;;;;;;;;;;;;;;;;;;;;;;;;;;;;;
2086;;;;;;;;;;;;;;;;;;;;;;;;;;;;;;;
2087;;;;;;;;;;;;;;;;;;;;;;;;;;;;;;;
2088;;;;;;;;;;;;;;;;;;;;;;;;;;;;;;;
2089;;;;;;;;;;;;;;;;;;;;;;;;;;;;;;;
2090;;;;;;;;;;;;;;;;;;;;;;;;;;;;;;;
2091;;;;;;;;;;;;;;;;;;;;;;;;;;;;;;;
2092;;;;;;;;;;;;;;;;;;;;;;;;;;;;;;;
2093;;;;;;;;;;;;;;;;;;;;;;;;;;;;;;;
2094;;;;;;;;;;;;;;;;;;;;;;;;;;;;;;;
2095;;;;;;;;;;;;;;;;;;;;;;;;;;;;;;;
2096;;;;;;;;;;;;;;;;;;;;;;;;;;;;;;;
2097;;;;;;;;;;;;;;;;;;;;;;;;;;;;;;;
2098;;;;;;;;;;;;;;;;;;;;;;;;;;;;;;;
2099;;;;;;;;;;;;;;;;;;;;;;;;;;;;;;;
2100;;;;;;;;;;;;;;;;;;;;;;;;;;;;;;;
2101;;;;;;;;;;;;;;;;;;;;;;;;;;;;;;;
2102;;;;;;;;;;;;;;;;;;;;;;;;;;;;;;;
2103;;;;;;;;;;;;;;;;;;;;;;;;;;;;;;;
2104;;;;;;;;;;;;;;;;;;;;;;;;;;;;;;;
2105;;;;;;;;;;;;;;;;;;;;;;;;;;;;;;;
2106;;;;;;;;;;;;;;;;;;;;;;;;;;;;;;;
2107;;;;;;;;;;;;;;;;;;;;;;;;;;;;;;;
2108;;;;;;;;;;;;;;;;;;;;;;;;;;;;;;;
2109;;;;;;;;;;;;;;;;;;;;;;;;;;;;;;;
2110;;;;;;;;;;;;;;;;;;;;;;;;;;;;;;;
2111;;;;;;;;;;;;;;;;;;;;;;;;;;;;;;;
2112;;;;;;;;;;;;;;;;;;;;;;;;;;;;;;;
2113;;;;;;;;;;;;;;;;;;;;;;;;;;;;;;;
2114;;;;;;;;;;;;;;;;;;;;;;;;;;;;;;;
2115;;;;;;;;;;;;;;;;;;;;;;;;;;;;;;;
2116;;;;;;;;;;;;;;;;;;;;;;;;;;;;;;;
2117;;;;;;;;;;;;;;;;;;;;;;;;;;;;;;;
2118;;;;;;;;;;;;;;;;;;;;;;;;;;;;;;;
2119;;;;;;;;;;;;;;;;;;;;;;;;;;;;;;;
2120;;;;;;;;;;;;;;;;;;;;;;;;;;;;;;;
2121;;;;;;;;;;;;;;;;;;;;;;;;;;;;;;;
2122;;;;;;;;;;;;;;;;;;;;;;;;;;;;;;;
2123;;;;;;;;;;;;;;;;;;;;;;;;;;;;;;;
2124;;;;;;;;;;;;;;;;;;;;;;;;;;;;;;;
2125;;;;;;;;;;;;;;;;;;;;;;;;;;;;;;;
2126;;;;;;;;;;;;;;;;;;;;;;;;;;;;;;;
2127;;;;;;;;;;;;;;;;;;;;;;;;;;;;;;;
2128;;;;;;;;;;;;;;;;;;;;;;;;;;;;;;;
2129;;;;;;;;;;;;;;;;;;;;;;;;;;;;;;;
2130;;;;;;;;;;;;;;;;;;;;;;;;;;;;;;;
2131;;;;;;;;;;;;;;;;;;;;;;;;;;;;;;;
2132;;;;;;;;;;;;;;;;;;;;;;;;;;;;;;;
2133;;;;;;;;;;;;;;;;;;;;;;;;;;;;;;;
2134;;;;;;;;;;;;;;;;;;;;;;;;;;;;;;;
2135;;;;;;;;;;;;;;;;;;;;;;;;;;;;;;;
2136;;;;;;;;;;;;;;;;;;;;;;;;;;;;;;;
2137;;;;;;;;;;;;;;;;;;;;;;;;;;;;;;;
2138;;;;;;;;;;;;;;;;;;;;;;;;;;;;;;;
2139;;;;;;;;;;;;;;;;;;;;;;;;;;;;;;;
2140;;;;;;;;;;;;;;;;;;;;;;;;;;;;;;;
2141;;;;;;;;;;;;;;;;;;;;;;;;;;;;;;;
2142;;;;;;;;;;;;;;;;;;;;;;;;;;;;;;;
2143;;;;;;;;;;;;;;;;;;;;;;;;;;;;;;;
2144;;;;;;;;;;;;;;;;;;;;;;;;;;;;;;;
2145;;;;;;;;;;;;;;;;;;;;;;;;;;;;;;;
2146;;;;;;;;;;;;;;;;;;;;;;;;;;;;;;;
2147;;;;;;;;;;;;;;;;;;;;;;;;;;;;;;;
2148;;;;;;;;;;;;;;;;;;;;;;;;;;;;;;;
2149;;;;;;;;;;;;;;;;;;;;;;;;;;;;;;;
2150;;;;;;;;;;;;;;;;;;;;;;;;;;;;;;;
2151;;;;;;;;;;;;;;;;;;;;;;;;;;;;;;;
2152;;;;;;;;;;;;;;;;;;;;;;;;;;;;;;;
2153;;;;;;;;;;;;;;;;;;;;;;;;;;;;;;;
2154;;;;;;;;;;;;;;;;;;;;;;;;;;;;;;;
2155;;;;;;;;;;;;;;;;;;;;;;;;;;;;;;;
2156;;;;;;;;;;;;;;;;;;;;;;;;;;;;;;;
2157;;;;;;;;;;;;;;;;;;;;;;;;;;;;;;;
2158;;;;;;;;;;;;;;;;;;;;;;;;;;;;;;;
2159;;;;;;;;;;;;;;;;;;;;;;;;;;;;;;;
2160;;;;;;;;;;;;;;;;;;;;;;;;;;;;;;;
2161;;;;;;;;;;;;;;;;;;;;;;;;;;;;;;;
2162;;;;;;;;;;;;;;;;;;;;;;;;;;;;;;;
2163;;;;;;;;;;;;;;;;;;;;;;;;;;;;;;;
2164;;;;;;;;;;;;;;;;;;;;;;;;;;;;;;;
2165;;;;;;;;;;;;;;;;;;;;;;;;;;;;;;;
2166;;;;;;;;;;;;;;;;;;;;;;;;;;;;;;;
2167;;;;;;;;;;;;;;;;;;;;;;;;;;;;;;;
2168;;;;;;;;;;;;;;;;;;;;;;;;;;;;;;;
2169;;;;;;;;;;;;;;;;;;;;;;;;;;;;;;;
2170;;;;;;;;;;;;;;;;;;;;;;;;;;;;;;;
2171;;;;;;;;;;;;;;;;;;;;;;;;;;;;;;;
2172;;;;;;;;;;;;;;;;;;;;;;;;;;;;;;;
2173;;;;;;;;;;;;;;;;;;;;;;;;;;;;;;;
2174;;;;;;;;;;;;;;;;;;;;;;;;;;;;;;;
2175;;;;;;;;;;;;;;;;;;;;;;;;;;;;;;;
2176;;;;;;;;;;;;;;;;;;;;;;;;;;;;;;;
2177;;;;;;;;;;;;;;;;;;;;;;;;;;;;;;;
2178;;;;;;;;;;;;;;;;;;;;;;;;;;;;;;;
2179;;;;;;;;;;;;;;;;;;;;;;;;;;;;;;;
2180;;;;;;;;;;;;;;;;;;;;;;;;;;;;;;;
2181;;;;;;;;;;;;;;;;;;;;;;;;;;;;;;;
2182;;;;;;;;;;;;;;;;;;;;;;;;;;;;;;;
2183;;;;;;;;;;;;;;;;;;;;;;;;;;;;;;;
2184;;;;;;;;;;;;;;;;;;;;;;;;;;;;;;;
2185;;;;;;;;;;;;;;;;;;;;;;;;;;;;;;;
2186;;;;;;;;;;;;;;;;;;;;;;;;;;;;;;;
2187;;;;;;;;;;;;;;;;;;;;;;;;;;;;;;;
2188;;;;;;;;;;;;;;;;;;;;;;;;;;;;;;;
2189;;;;;;;;;;;;;;;;;;;;;;;;;;;;;;;
2190;;;;;;;;;;;;;;;;;;;;;;;;;;;;;;;
2191;;;;;;;;;;;;;;;;;;;;;;;;;;;;;;;
2192;;;;;;;;;;;;;;;;;;;;;;;;;;;;;;;
2193;;;;;;;;;;;;;;;;;;;;;;;;;;;;;;;
2194;;;;;;;;;;;;;;;;;;;;;;;;;;;;;;;
2195;;;;;;;;;;;;;;;;;;;;;;;;;;;;;;;
2196;;;;;;;;;;;;;;;;;;;;;;;;;;;;;;;
2197;;;;;;;;;;;;;;;;;;;;;;;;;;;;;;;
2198;;;;;;;;;;;;;;;;;;;;;;;;;;;;;;;
2199;;;;;;;;;;;;;;;;;;;;;;;;;;;;;;;
2200;;;;;;;;;;;;;;;;;;;;;;;;;;;;;;;
2201;;;;;;;;;;;;;;;;;;;;;;;;;;;;;;;
2202;;;;;;;;;;;;;;;;;;;;;;;;;;;;;;;
2203;;;;;;;;;;;;;;;;;;;;;;;;;;;;;;;
2204;;;;;;;;;;;;;;;;;;;;;;;;;;;;;;;
2205;;;;;;;;;;;;;;;;;;;;;;;;;;;;;;;
2206;;;;;;;;;;;;;;;;;;;;;;;;;;;;;;;
2207;;;;;;;;;;;;;;;;;;;;;;;;;;;;;;;
2208;;;;;;;;;;;;;;;;;;;;;;;;;;;;;;;
2209;;;;;;;;;;;;;;;;;;;;;;;;;;;;;;;
2210;;;;;;;;;;;;;;;;;;;;;;;;;;;;;;;
2211;;;;;;;;;;;;;;;;;;;;;;;;;;;;;;;
2212;;;;;;;;;;;;;;;;;;;;;;;;;;;;;;;
2213;;;;;;;;;;;;;;;;;;;;;;;;;;;;;;;
2214;;;;;;;;;;;;;;;;;;;;;;;;;;;;;;;
2215;;;;;;;;;;;;;;;;;;;;;;;;;;;;;;;
2216;;;;;;;;;;;;;;;;;;;;;;;;;;;;;;;
2217;;;;;;;;;;;;;;;;;;;;;;;;;;;;;;;
2218;;;;;;;;;;;;;;;;;;;;;;;;;;;;;;;
2219;;;;;;;;;;;;;;;;;;;;;;;;;;;;;;;
2220;;;;;;;;;;;;;;;;;;;;;;;;;;;;;;;
2221;;;;;;;;;;;;;;;;;;;;;;;;;;;;;;;
2222;;;;;;;;;;;;;;;;;;;;;;;;;;;;;;;
2223;;;;;;;;;;;;;;;;;;;;;;;;;;;;;;;
2224;;;;;;;;;;;;;;;;;;;;;;;;;;;;;;;
2225;;;;;;;;;;;;;;;;;;;;;;;;;;;;;;;
2226;;;;;;;;;;;;;;;;;;;;;;;;;;;;;;;
2227;;;;;;;;;;;;;;;;;;;;;;;;;;;;;;;
2228;;;;;;;;;;;;;;;;;;;;;;;;;;;;;;;
2229;;;;;;;;;;;;;;;;;;;;;;;;;;;;;;;
2230;;;;;;;;;;;;;;;;;;;;;;;;;;;;;;;
2231;;;;;;;;;;;;;;;;;;;;;;;;;;;;;;;
2232;;;;;;;;;;;;;;;;;;;;;;;;;;;;;;;
2233;;;;;;;;;;;;;;;;;;;;;;;;;;;;;;;
2234;;;;;;;;;;;;;;;;;;;;;;;;;;;;;;;
2235;;;;;;;;;;;;;;;;;;;;;;;;;;;;;;;
2236;;;;;;;;;;;;;;;;;;;;;;;;;;;;;;;
2237;;;;;;;;;;;;;;;;;;;;;;;;;;;;;;;
2238;;;;;;;;;;;;;;;;;;;;;;;;;;;;;;;
2239;;;;;;;;;;;;;;;;;;;;;;;;;;;;;;;
2240;;;;;;;;;;;;;;;;;;;;;;;;;;;;;;;
2241;;;;;;;;;;;;;;;;;;;;;;;;;;;;;;;
2242;;;;;;;;;;;;;;;;;;;;;;;;;;;;;;;
2243;;;;;;;;;;;;;;;;;;;;;;;;;;;;;;;
2244;;;;;;;;;;;;;;;;;;;;;;;;;;;;;;;
2245;;;;;;;;;;;;;;;;;;;;;;;;;;;;;;;
2246;;;;;;;;;;;;;;;;;;;;;;;;;;;;;;;
2247;;;;;;;;;;;;;;;;;;;;;;;;;;;;;;;
2248;;;;;;;;;;;;;;;;;;;;;;;;;;;;;;;
2249;;;;;;;;;;;;;;;;;;;;;;;;;;;;;;;
2250;;;;;;;;;;;;;;;;;;;;;;;;;;;;;;;
2251;;;;;;;;;;;;;;;;;;;;;;;;;;;;;;;
2252;;;;;;;;;;;;;;;;;;;;;;;;;;;;;;;
2253;;;;;;;;;;;;;;;;;;;;;;;;;;;;;;;
2254;;;;;;;;;;;;;;;;;;;;;;;;;;;;;;;
2255;;;;;;;;;;;;;;;;;;;;;;;;;;;;;;;
2256;;;;;;;;;;;;;;;;;;;;;;;;;;;;;;;
2257;;;;;;;;;;;;;;;;;;;;;;;;;;;;;;;
2258;;;;;;;;;;;;;;;;;;;;;;;;;;;;;;;
2259;;;;;;;;;;;;;;;;;;;;;;;;;;;;;;;
2260;;;;;;;;;;;;;;;;;;;;;;;;;;;;;;;
2261;;;;;;;;;;;;;;;;;;;;;;;;;;;;;;;
2262;;;;;;;;;;;;;;;;;;;;;;;;;;;;;;;
2263;;;;;;;;;;;;;;;;;;;;;;;;;;;;;;;
2264;;;;;;;;;;;;;;;;;;;;;;;;;;;;;;;
2265;;;;;;;;;;;;;;;;;;;;;;;;;;;;;;;
2266;;;;;;;;;;;;;;;;;;;;;;;;;;;;;;;
2267;;;;;;;;;;;;;;;;;;;;;;;;;;;;;;;
2268;;;;;;;;;;;;;;;;;;;;;;;;;;;;;;;
2269;;;;;;;;;;;;;;;;;;;;;;;;;;;;;;;
2270;;;;;;;;;;;;;;;;;;;;;;;;;;;;;;;
2271;;;;;;;;;;;;;;;;;;;;;;;;;;;;;;;
2272;;;;;;;;;;;;;;;;;;;;;;;;;;;;;;;
2273;;;;;;;;;;;;;;;;;;;;;;;;;;;;;;;
2274;;;;;;;;;;;;;;;;;;;;;;;;;;;;;;;
2275;;;;;;;;;;;;;;;;;;;;;;;;;;;;;;;
2276;;;;;;;;;;;;;;;;;;;;;;;;;;;;;;;
2277;;;;;;;;;;;;;;;;;;;;;;;;;;;;;;;
2278;;;;;;;;;;;;;;;;;;;;;;;;;;;;;;;
2279;;;;;;;;;;;;;;;;;;;;;;;;;;;;;;;
2280;;;;;;;;;;;;;;;;;;;;;;;;;;;;;;;
2281;;;;;;;;;;;;;;;;;;;;;;;;;;;;;;;
2282;;;;;;;;;;;;;;;;;;;;;;;;;;;;;;;
2283;;;;;;;;;;;;;;;;;;;;;;;;;;;;;;;
2284;;;;;;;;;;;;;;;;;;;;;;;;;;;;;;;
2285;;;;;;;;;;;;;;;;;;;;;;;;;;;;;;;
2286;;;;;;;;;;;;;;;;;;;;;;;;;;;;;;;
2287;;;;;;;;;;;;;;;;;;;;;;;;;;;;;;;
2288;;;;;;;;;;;;;;;;;;;;;;;;;;;;;;;
2289;;;;;;;;;;;;;;;;;;;;;;;;;;;;;;;
2290;;;;;;;;;;;;;;;;;;;;;;;;;;;;;;;
2291;;;;;;;;;;;;;;;;;;;;;;;;;;;;;;;
2292;;;;;;;;;;;;;;;;;;;;;;;;;;;;;;;
2293;;;;;;;;;;;;;;;;;;;;;;;;;;;;;;;
2294;;;;;;;;;;;;;;;;;;;;;;;;;;;;;;;
2295;;;;;;;;;;;;;;;;;;;;;;;;;;;;;;;
2296;;;;;;;;;;;;;;;;;;;;;;;;;;;;;;;
2297;;;;;;;;;;;;;;;;;;;;;;;;;;;;;;;
2298;;;;;;;;;;;;;;;;;;;;;;;;;;;;;;;
2299;;;;;;;;;;;;;;;;;;;;;;;;;;;;;;;
2300;;;;;;;;;;;;;;;;;;;;;;;;;;;;;;;
2301;;;;;;;;;;;;;;;;;;;;;;;;;;;;;;;
2302;;;;;;;;;;;;;;;;;;;;;;;;;;;;;;;
2303;;;;;;;;;;;;;;;;;;;;;;;;;;;;;;;
2304;;;;;;;;;;;;;;;;;;;;;;;;;;;;;;;
2305;;;;;;;;;;;;;;;;;;;;;;;;;;;;;;;
2306;;;;;;;;;;;;;;;;;;;;;;;;;;;;;;;
2307;;;;;;;;;;;;;;;;;;;;;;;;;;;;;;;
2308;;;;;;;;;;;;;;;;;;;;;;;;;;;;;;;
2309;;;;;;;;;;;;;;;;;;;;;;;;;;;;;;;
2310;;;;;;;;;;;;;;;;;;;;;;;;;;;;;;;
2311;;;;;;;;;;;;;;;;;;;;;;;;;;;;;;;
2312;;;;;;;;;;;;;;;;;;;;;;;;;;;;;;;
2313;;;;;;;;;;;;;;;;;;;;;;;;;;;;;;;
2314;;;;;;;;;;;;;;;;;;;;;;;;;;;;;;;
2315;;;;;;;;;;;;;;;;;;;;;;;;;;;;;;;
2316;;;;;;;;;;;;;;;;;;;;;;;;;;;;;;;
2317;;;;;;;;;;;;;;;;;;;;;;;;;;;;;;;
2318;;;;;;;;;;;;;;;;;;;;;;;;;;;;;;;
2319;;;;;;;;;;;;;;;;;;;;;;;;;;;;;;;
2320;;;;;;;;;;;;;;;;;;;;;;;;;;;;;;;
2321;;;;;;;;;;;;;;;;;;;;;;;;;;;;;;;
2322;;;;;;;;;;;;;;;;;;;;;;;;;;;;;;;
2323;;;;;;;;;;;;;;;;;;;;;;;;;;;;;;;
2324;;;;;;;;;;;;;;;;;;;;;;;;;;;;;;;
2325;;;;;;;;;;;;;;;;;;;;;;;;;;;;;;;
2326;;;;;;;;;;;;;;;;;;;;;;;;;;;;;;;
2327;;;;;;;;;;;;;;;;;;;;;;;;;;;;;;;
2328;;;;;;;;;;;;;;;;;;;;;;;;;;;;;;;
2329;;;;;;;;;;;;;;;;;;;;;;;;;;;;;;;
2330;;;;;;;;;;;;;;;;;;;;;;;;;;;;;;;
2331;;;;;;;;;;;;;;;;;;;;;;;;;;;;;;;
2332;;;;;;;;;;;;;;;;;;;;;;;;;;;;;;;
2333;;;;;;;;;;;;;;;;;;;;;;;;;;;;;;;
2334;;;;;;;;;;;;;;;;;;;;;;;;;;;;;;;
2335;;;;;;;;;;;;;;;;;;;;;;;;;;;;;;;
2336;;;;;;;;;;;;;;;;;;;;;;;;;;;;;;;
2337;;;;;;;;;;;;;;;;;;;;;;;;;;;;;;;
2338;;;;;;;;;;;;;;;;;;;;;;;;;;;;;;;
2339;;;;;;;;;;;;;;;;;;;;;;;;;;;;;;;
2340;;;;;;;;;;;;;;;;;;;;;;;;;;;;;;;
2341;;;;;;;;;;;;;;;;;;;;;;;;;;;;;;;
2342;;;;;;;;;;;;;;;;;;;;;;;;;;;;;;;
2343;;;;;;;;;;;;;;;;;;;;;;;;;;;;;;;
2344;;;;;;;;;;;;;;;;;;;;;;;;;;;;;;;
2345;;;;;;;;;;;;;;;;;;;;;;;;;;;;;;;
2346;;;;;;;;;;;;;;;;;;;;;;;;;;;;;;;
2347;;;;;;;;;;;;;;;;;;;;;;;;;;;;;;;
2348;;;;;;;;;;;;;;;;;;;;;;;;;;;;;;;
2349;;;;;;;;;;;;;;;;;;;;;;;;;;;;;;;
2350;;;;;;;;;;;;;;;;;;;;;;;;;;;;;;;
2351;;;;;;;;;;;;;;;;;;;;;;;;;;;;;;;
2352;;;;;;;;;;;;;;;;;;;;;;;;;;;;;;;
2353;;;;;;;;;;;;;;;;;;;;;;;;;;;;;;;
2354;;;;;;;;;;;;;;;;;;;;;;;;;;;;;;;
2355;;;;;;;;;;;;;;;;;;;;;;;;;;;;;;;
2356;;;;;;;;;;;;;;;;;;;;;;;;;;;;;;;
2357;;;;;;;;;;;;;;;;;;;;;;;;;;;;;;;
2358;;;;;;;;;;;;;;;;;;;;;;;;;;;;;;;
2359;;;;;;;;;;;;;;;;;;;;;;;;;;;;;;;
2360;;;;;;;;;;;;;;;;;;;;;;;;;;;;;;;
2361;;;;;;;;;;;;;;;;;;;;;;;;;;;;;;;
2362;;;;;;;;;;;;;;;;;;;;;;;;;;;;;;;
2363;;;;;;;;;;;;;;;;;;;;;;;;;;;;;;;
2364;;;;;;;;;;;;;;;;;;;;;;;;;;;;;;;
2365;;;;;;;;;;;;;;;;;;;;;;;;;;;;;;;
2366;;;;;;;;;;;;;;;;;;;;;;;;;;;;;;;
2367;;;;;;;;;;;;;;;;;;;;;;;;;;;;;;;
2368;;;;;;;;;;;;;;;;;;;;;;;;;;;;;;;
2369;;;;;;;;;;;;;;;;;;;;;;;;;;;;;;;
2370;;;;;;;;;;;;;;;;;;;;;;;;;;;;;;;
2371;;;;;;;;;;;;;;;;;;;;;;;;;;;;;;;
2372;;;;;;;;;;;;;;;;;;;;;;;;;;;;;;;
2373;;;;;;;;;;;;;;;;;;;;;;;;;;;;;;;
2374;;;;;;;;;;;;;;;;;;;;;;;;;;;;;;;
2375;;;;;;;;;;;;;;;;;;;;;;;;;;;;;;;
2376;;;;;;;;;;;;;;;;;;;;;;;;;;;;;;;
2377;;;;;;;;;;;;;;;;;;;;;;;;;;;;;;;
2378;;;;;;;;;;;;;;;;;;;;;;;;;;;;;;;
2379;;;;;;;;;;;;;;;;;;;;;;;;;;;;;;;
2380;;;;;;;;;;;;;;;;;;;;;;;;;;;;;;;
2381;;;;;;;;;;;;;;;;;;;;;;;;;;;;;;;
2382;;;;;;;;;;;;;;;;;;;;;;;;;;;;;;;
2383;;;;;;;;;;;;;;;;;;;;;;;;;;;;;;;
2384;;;;;;;;;;;;;;;;;;;;;;;;;;;;;;;
2385;;;;;;;;;;;;;;;;;;;;;;;;;;;;;;;
2386;;;;;;;;;;;;;;;;;;;;;;;;;;;;;;;
2387;;;;;;;;;;;;;;;;;;;;;;;;;;;;;;;
2388;;;;;;;;;;;;;;;;;;;;;;;;;;;;;;;
2389;;;;;;;;;;;;;;;;;;;;;;;;;;;;;;;
2390;;;;;;;;;;;;;;;;;;;;;;;;;;;;;;;
2391;;;;;;;;;;;;;;;;;;;;;;;;;;;;;;;
2392;;;;;;;;;;;;;;;;;;;;;;;;;;;;;;;
2393;;;;;;;;;;;;;;;;;;;;;;;;;;;;;;;
2394;;;;;;;;;;;;;;;;;;;;;;;;;;;;;;;
2395;;;;;;;;;;;;;;;;;;;;;;;;;;;;;;;
2396;;;;;;;;;;;;;;;;;;;;;;;;;;;;;;;
2397;;;;;;;;;;;;;;;;;;;;;;;;;;;;;;;
2398;;;;;;;;;;;;;;;;;;;;;;;;;;;;;;;
2399;;;;;;;;;;;;;;;;;;;;;;;;;;;;;;;
2400;;;;;;;;;;;;;;;;;;;;;;;;;;;;;;;
2401;;;;;;;;;;;;;;;;;;;;;;;;;;;;;;;
2402;;;;;;;;;;;;;;;;;;;;;;;;;;;;;;;
2403;;;;;;;;;;;;;;;;;;;;;;;;;;;;;;;
2404;;;;;;;;;;;;;;;;;;;;;;;;;;;;;;;
2405;;;;;;;;;;;;;;;;;;;;;;;;;;;;;;;
2406;;;;;;;;;;;;;;;;;;;;;;;;;;;;;;;
2407;;;;;;;;;;;;;;;;;;;;;;;;;;;;;;;
2408;;;;;;;;;;;;;;;;;;;;;;;;;;;;;;;
2409;;;;;;;;;;;;;;;;;;;;;;;;;;;;;;;
2410;;;;;;;;;;;;;;;;;;;;;;;;;;;;;;;
2411;;;;;;;;;;;;;;;;;;;;;;;;;;;;;;;
2412;;;;;;;;;;;;;;;;;;;;;;;;;;;;;;;
2413;;;;;;;;;;;;;;;;;;;;;;;;;;;;;;;
2414;;;;;;;;;;;;;;;;;;;;;;;;;;;;;;;
2415;;;;;;;;;;;;;;;;;;;;;;;;;;;;;;;
2416;;;;;;;;;;;;;;;;;;;;;;;;;;;;;;;
2417;;;;;;;;;;;;;;;;;;;;;;;;;;;;;;;
2418;;;;;;;;;;;;;;;;;;;;;;;;;;;;;;;
2419;;;;;;;;;;;;;;;;;;;;;;;;;;;;;;;
2420;;;;;;;;;;;;;;;;;;;;;;;;;;;;;;;
2421;;;;;;;;;;;;;;;;;;;;;;;;;;;;;;;
2422;;;;;;;;;;;;;;;;;;;;;;;;;;;;;;;
2423;;;;;;;;;;;;;;;;;;;;;;;;;;;;;;;
2424;;;;;;;;;;;;;;;;;;;;;;;;;;;;;;;
2425;;;;;;;;;;;;;;;;;;;;;;;;;;;;;;;
2426;;;;;;;;;;;;;;;;;;;;;;;;;;;;;;;
2427;;;;;;;;;;;;;;;;;;;;;;;;;;;;;;;
2428;;;;;;;;;;;;;;;;;;;;;;;;;;;;;;;
2429;;;;;;;;;;;;;;;;;;;;;;;;;;;;;;;
2430;;;;;;;;;;;;;;;;;;;;;;;;;;;;;;;
2431;;;;;;;;;;;;;;;;;;;;;;;;;;;;;;;
2432;;;;;;;;;;;;;;;;;;;;;;;;;;;;;;;
2433;;;;;;;;;;;;;;;;;;;;;;;;;;;;;;;
2434;;;;;;;;;;;;;;;;;;;;;;;;;;;;;;;
2435;;;;;;;;;;;;;;;;;;;;;;;;;;;;;;;
2436;;;;;;;;;;;;;;;;;;;;;;;;;;;;;;;
2437;;;;;;;;;;;;;;;;;;;;;;;;;;;;;;;
2438;;;;;;;;;;;;;;;;;;;;;;;;;;;;;;;
2439;;;;;;;;;;;;;;;;;;;;;;;;;;;;;;;
2440;;;;;;;;;;;;;;;;;;;;;;;;;;;;;;;
2441;;;;;;;;;;;;;;;;;;;;;;;;;;;;;;;
2442;;;;;;;;;;;;;;;;;;;;;;;;;;;;;;;
2443;;;;;;;;;;;;;;;;;;;;;;;;;;;;;;;
2444;;;;;;;;;;;;;;;;;;;;;;;;;;;;;;;
2445;;;;;;;;;;;;;;;;;;;;;;;;;;;;;;;
2446;;;;;;;;;;;;;;;;;;;;;;;;;;;;;;;
2447;;;;;;;;;;;;;;;;;;;;;;;;;;;;;;;
2448;;;;;;;;;;;;;;;;;;;;;;;;;;;;;;;
2449;;;;;;;;;;;;;;;;;;;;;;;;;;;;;;;
2450;;;;;;;;;;;;;;;;;;;;;;;;;;;;;;;
2451;;;;;;;;;;;;;;;;;;;;;;;;;;;;;;;
2452;;;;;;;;;;;;;;;;;;;;;;;;;;;;;;;
2453;;;;;;;;;;;;;;;;;;;;;;;;;;;;;;;
2454;;;;;;;;;;;;;;;;;;;;;;;;;;;;;;;
2455;;;;;;;;;;;;;;;;;;;;;;;;;;;;;;;
2456;;;;;;;;;;;;;;;;;;;;;;;;;;;;;;;
2457;;;;;;;;;;;;;;;;;;;;;;;;;;;;;;;
2458;;;;;;;;;;;;;;;;;;;;;;;;;;;;;;;
2459;;;;;;;;;;;;;;;;;;;;;;;;;;;;;;;
2460;;;;;;;;;;;;;;;;;;;;;;;;;;;;;;;
2461;;;;;;;;;;;;;;;;;;;;;;;;;;;;;;;
2462;;;;;;;;;;;;;;;;;;;;;;;;;;;;;;;
2463;;;;;;;;;;;;;;;;;;;;;;;;;;;;;;;
2464;;;;;;;;;;;;;;;;;;;;;;;;;;;;;;;
2465;;;;;;;;;;;;;;;;;;;;;;;;;;;;;;;
2466;;;;;;;;;;;;;;;;;;;;;;;;;;;;;;;
2467;;;;;;;;;;;;;;;;;;;;;;;;;;;;;;;
2468;;;;;;;;;;;;;;;;;;;;;;;;;;;;;;;
2469;;;;;;;;;;;;;;;;;;;;;;;;;;;;;;;
2470;;;;;;;;;;;;;;;;;;;;;;;;;;;;;;;
2471;;;;;;;;;;;;;;;;;;;;;;;;;;;;;;;
2472;;;;;;;;;;;;;;;;;;;;;;;;;;;;;;;
2473;;;;;;;;;;;;;;;;;;;;;;;;;;;;;;;
2474;;;;;;;;;;;;;;;;;;;;;;;;;;;;;;;
2475;;;;;;;;;;;;;;;;;;;;;;;;;;;;;;;
2476;;;;;;;;;;;;;;;;;;;;;;;;;;;;;;;
2477;;;;;;;;;;;;;;;;;;;;;;;;;;;;;;;
2478;;;;;;;;;;;;;;;;;;;;;;;;;;;;;;;
2479;;;;;;;;;;;;;;;;;;;;;;;;;;;;;;;
2480;;;;;;;;;;;;;;;;;;;;;;;;;;;;;;;
2481;;;;;;;;;;;;;;;;;;;;;;;;;;;;;;;
2482;;;;;;;;;;;;;;;;;;;;;;;;;;;;;;;
2483;;;;;;;;;;;;;;;;;;;;;;;;;;;;;;;
2484;;;;;;;;;;;;;;;;;;;;;;;;;;;;;;;
2485;;;;;;;;;;;;;;;;;;;;;;;;;;;;;;;
2486;;;;;;;;;;;;;;;;;;;;;;;;;;;;;;;
2487;;;;;;;;;;;;;;;;;;;;;;;;;;;;;;;
2488;;;;;;;;;;;;;;;;;;;;;;;;;;;;;;;
2489;;;;;;;;;;;;;;;;;;;;;;;;;;;;;;;
2490;;;;;;;;;;;;;;;;;;;;;;;;;;;;;;;
2491;;;;;;;;;;;;;;;;;;;;;;;;;;;;;;;
2492;;;;;;;;;;;;;;;;;;;;;;;;;;;;;;;
2493;;;;;;;;;;;;;;;;;;;;;;;;;;;;;;;
2494;;;;;;;;;;;;;;;;;;;;;;;;;;;;;;;
2495;;;;;;;;;;;;;;;;;;;;;;;;;;;;;;;
2496;;;;;;;;;;;;;;;;;;;;;;;;;;;;;;;
2497;;;;;;;;;;;;;;;;;;;;;;;;;;;;;;;
2498;;;;;;;;;;;;;;;;;;;;;;;;;;;;;;;
2499;;;;;;;;;;;;;;;;;;;;;;;;;;;;;;;
2500;;;;;;;;;;;;;;;;;;;;;;;;;;;;;;;
2501;;;;;;;;;;;;;;;;;;;;;;;;;;;;;;;
2502;;;;;;;;;;;;;;;;;;;;;;;;;;;;;;;
2503;;;;;;;;;;;;;;;;;;;;;;;;;;;;;;;
2504;;;;;;;;;;;;;;;;;;;;;;;;;;;;;;;
2505;;;;;;;;;;;;;;;;;;;;;;;;;;;;;;;
2506;;;;;;;;;;;;;;;;;;;;;;;;;;;;;;;
2507;;;;;;;;;;;;;;;;;;;;;;;;;;;;;;;
2508;;;;;;;;;;;;;;;;;;;;;;;;;;;;;;;
2509;;;;;;;;;;;;;;;;;;;;;;;;;;;;;;;
2510;;;;;;;;;;;;;;;;;;;;;;;;;;;;;;;
2511;;;;;;;;;;;;;;;;;;;;;;;;;;;;;;;
2512;;;;;;;;;;;;;;;;;;;;;;;;;;;;;;;
2513;;;;;;;;;;;;;;;;;;;;;;;;;;;;;;;
2514;;;;;;;;;;;;;;;;;;;;;;;;;;;;;;;
2515;;;;;;;;;;;;;;;;;;;;;;;;;;;;;;;
2516;;;;;;;;;;;;;;;;;;;;;;;;;;;;;;;
2517;;;;;;;;;;;;;;;;;;;;;;;;;;;;;;;
2518;;;;;;;;;;;;;;;;;;;;;;;;;;;;;;;
2519;;;;;;;;;;;;;;;;;;;;;;;;;;;;;;;
2520;;;;;;;;;;;;;;;;;;;;;;;;;;;;;;;
2521;;;;;;;;;;;;;;;;;;;;;;;;;;;;;;;
2522;;;;;;;;;;;;;;;;;;;;;;;;;;;;;;;
2523;;;;;;;;;;;;;;;;;;;;;;;;;;;;;;;
2524;;;;;;;;;;;;;;;;;;;;;;;;;;;;;;;
2525;;;;;;;;;;;;;;;;;;;;;;;;;;;;;;;
2526;;;;;;;;;;;;;;;;;;;;;;;;;;;;;;;
2527;;;;;;;;;;;;;;;;;;;;;;;;;;;;;;;
2528;;;;;;;;;;;;;;;;;;;;;;;;;;;;;;;
2529;;;;;;;;;;;;;;;;;;;;;;;;;;;;;;;
2530;;;;;;;;;;;;;;;;;;;;;;;;;;;;;;;
2531;;;;;;;;;;;;;;;;;;;;;;;;;;;;;;;
2532;;;;;;;;;;;;;;;;;;;;;;;;;;;;;;;
2533;;;;;;;;;;;;;;;;;;;;;;;;;;;;;;;
2534;;;;;;;;;;;;;;;;;;;;;;;;;;;;;;;
2535;;;;;;;;;;;;;;;;;;;;;;;;;;;;;;;
2536;;;;;;;;;;;;;;;;;;;;;;;;;;;;;;;
2537;;;;;;;;;;;;;;;;;;;;;;;;;;;;;;;
2538;;;;;;;;;;;;;;;;;;;;;;;;;;;;;;;
2539;;;;;;;;;;;;;;;;;;;;;;;;;;;;;;;
2540;;;;;;;;;;;;;;;;;;;;;;;;;;;;;;;
2541;;;;;;;;;;;;;;;;;;;;;;;;;;;;;;;
2542;;;;;;;;;;;;;;;;;;;;;;;;;;;;;;;
2543;;;;;;;;;;;;;;;;;;;;;;;;;;;;;;;
2544;;;;;;;;;;;;;;;;;;;;;;;;;;;;;;;
2545;;;;;;;;;;;;;;;;;;;;;;;;;;;;;;;
2546;;;;;;;;;;;;;;;;;;;;;;;;;;;;;;;
2547;;;;;;;;;;;;;;;;;;;;;;;;;;;;;;;
2548;;;;;;;;;;;;;;;;;;;;;;;;;;;;;;;
2549;;;;;;;;;;;;;;;;;;;;;;;;;;;;;;;
2550;;;;;;;;;;;;;;;;;;;;;;;;;;;;;;;
2551;;;;;;;;;;;;;;;;;;;;;;;;;;;;;;;
2552;;;;;;;;;;;;;;;;;;;;;;;;;;;;;;;
2553;;;;;;;;;;;;;;;;;;;;;;;;;;;;;;;
2554;;;;;;;;;;;;;;;;;;;;;;;;;;;;;;;
2555;;;;;;;;;;;;;;;;;;;;;;;;;;;;;;;
2556;;;;;;;;;;;;;;;;;;;;;;;;;;;;;;;
2557;;;;;;;;;;;;;;;;;;;;;;;;;;;;;;;
2558;;;;;;;;;;;;;;;;;;;;;;;;;;;;;;;
2559;;;;;;;;;;;;;;;;;;;;;;;;;;;;;;;
2560;;;;;;;;;;;;;;;;;;;;;;;;;;;;;;;
2561;;;;;;;;;;;;;;;;;;;;;;;;;;;;;;;
2562;;;;;;;;;;;;;;;;;;;;;;;;;;;;;;;
2563;;;;;;;;;;;;;;;;;;;;;;;;;;;;;;;
2564;;;;;;;;;;;;;;;;;;;;;;;;;;;;;;;
2565;;;;;;;;;;;;;;;;;;;;;;;;;;;;;;;
2566;;;;;;;;;;;;;;;;;;;;;;;;;;;;;;;
2567;;;;;;;;;;;;;;;;;;;;;;;;;;;;;;;
2568;;;;;;;;;;;;;;;;;;;;;;;;;;;;;;;
2569;;;;;;;;;;;;;;;;;;;;;;;;;;;;;;;
2570;;;;;;;;;;;;;;;;;;;;;;;;;;;;;;;
2571;;;;;;;;;;;;;;;;;;;;;;;;;;;;;;;
2572;;;;;;;;;;;;;;;;;;;;;;;;;;;;;;;
2573;;;;;;;;;;;;;;;;;;;;;;;;;;;;;;;
2574;;;;;;;;;;;;;;;;;;;;;;;;;;;;;;;
2575;;;;;;;;;;;;;;;;;;;;;;;;;;;;;;;
2576;;;;;;;;;;;;;;;;;;;;;;;;;;;;;;;
2577;;;;;;;;;;;;;;;;;;;;;;;;;;;;;;;
2578;;;;;;;;;;;;;;;;;;;;;;;;;;;;;;;
2579;;;;;;;;;;;;;;;;;;;;;;;;;;;;;;;
2580;;;;;;;;;;;;;;;;;;;;;;;;;;;;;;;
2581;;;;;;;;;;;;;;;;;;;;;;;;;;;;;;;
2582;;;;;;;;;;;;;;;;;;;;;;;;;;;;;;;
2583;;;;;;;;;;;;;;;;;;;;;;;;;;;;;;;
2584;;;;;;;;;;;;;;;;;;;;;;;;;;;;;;;
2585;;;;;;;;;;;;;;;;;;;;;;;;;;;;;;;
2586;;;;;;;;;;;;;;;;;;;;;;;;;;;;;;;
2587;;;;;;;;;;;;;;;;;;;;;;;;;;;;;;;
2588;;;;;;;;;;;;;;;;;;;;;;;;;;;;;;;
2589;;;;;;;;;;;;;;;;;;;;;;;;;;;;;;;
2590;;;;;;;;;;;;;;;;;;;;;;;;;;;;;;;
2591;;;;;;;;;;;;;;;;;;;;;;;;;;;;;;;
2592;;;;;;;;;;;;;;;;;;;;;;;;;;;;;;;
2593;;;;;;;;;;;;;;;;;;;;;;;;;;;;;;;
2594;;;;;;;;;;;;;;;;;;;;;;;;;;;;;;;
2595;;;;;;;;;;;;;;;;;;;;;;;;;;;;;;;
2596;;;;;;;;;;;;;;;;;;;;;;;;;;;;;;;
2597;;;;;;;;;;;;;;;;;;;;;;;;;;;;;;;
2598;;;;;;;;;;;;;;;;;;;;;;;;;;;;;;;
2599;;;;;;;;;;;;;;;;;;;;;;;;;;;;;;;
2600;;;;;;;;;;;;;;;;;;;;;;;;;;;;;;;
2601;;;;;;;;;;;;;;;;;;;;;;;;;;;;;;;
2602;;;;;;;;;;;;;;;;;;;;;;;;;;;;;;;
2603;;;;;;;;;;;;;;;;;;;;;;;;;;;;;;;
2604;;;;;;;;;;;;;;;;;;;;;;;;;;;;;;;
2605;;;;;;;;;;;;;;;;;;;;;;;;;;;;;;;
2606;;;;;;;;;;;;;;;;;;;;;;;;;;;;;;;
2607;;;;;;;;;;;;;;;;;;;;;;;;;;;;;;;
2608;;;;;;;;;;;;;;;;;;;;;;;;;;;;;;;
2609;;;;;;;;;;;;;;;;;;;;;;;;;;;;;;;
2610;;;;;;;;;;;;;;;;;;;;;;;;;;;;;;;
2611;;;;;;;;;;;;;;;;;;;;;;;;;;;;;;;
2612;;;;;;;;;;;;;;;;;;;;;;;;;;;;;;;
2613;;;;;;;;;;;;;;;;;;;;;;;;;;;;;;;
2614;;;;;;;;;;;;;;;;;;;;;;;;;;;;;;;
2615;;;;;;;;;;;;;;;;;;;;;;;;;;;;;;;
2616;;;;;;;;;;;;;;;;;;;;;;;;;;;;;;;
2617;;;;;;;;;;;;;;;;;;;;;;;;;;;;;;;
2618;;;;;;;;;;;;;;;;;;;;;;;;;;;;;;;
2619;;;;;;;;;;;;;;;;;;;;;;;;;;;;;;;
2620;;;;;;;;;;;;;;;;;;;;;;;;;;;;;;;
2621;;;;;;;;;;;;;;;;;;;;;;;;;;;;;;;
2622;;;;;;;;;;;;;;;;;;;;;;;;;;;;;;;
2623;;;;;;;;;;;;;;;;;;;;;;;;;;;;;;;
2624;;;;;;;;;;;;;;;;;;;;;;;;;;;;;;;
2625;;;;;;;;;;;;;;;;;;;;;;;;;;;;;;;
2626;;;;;;;;;;;;;;;;;;;;;;;;;;;;;;;
2627;;;;;;;;;;;;;;;;;;;;;;;;;;;;;;;
2628;;;;;;;;;;;;;;;;;;;;;;;;;;;;;;;
2629;;;;;;;;;;;;;;;;;;;;;;;;;;;;;;;
2630;;;;;;;;;;;;;;;;;;;;;;;;;;;;;;;
2631;;;;;;;;;;;;;;;;;;;;;;;;;;;;;;;
2632;;;;;;;;;;;;;;;;;;;;;;;;;;;;;;;
2633;;;;;;;;;;;;;;;;;;;;;;;;;;;;;;;
2634;;;;;;;;;;;;;;;;;;;;;;;;;;;;;;;
2635;;;;;;;;;;;;;;;;;;;;;;;;;;;;;;;
2636;;;;;;;;;;;;;;;;;;;;;;;;;;;;;;;
2637;;;;;;;;;;;;;;;;;;;;;;;;;;;;;;;
2638;;;;;;;;;;;;;;;;;;;;;;;;;;;;;;;
2639;;;;;;;;;;;;;;;;;;;;;;;;;;;;;;;
2640;;;;;;;;;;;;;;;;;;;;;;;;;;;;;;;
2641;;;;;;;;;;;;;;;;;;;;;;;;;;;;;;;
2642;;;;;;;;;;;;;;;;;;;;;;;;;;;;;;;
2643;;;;;;;;;;;;;;;;;;;;;;;;;;;;;;;
2644;;;;;;;;;;;;;;;;;;;;;;;;;;;;;;;
2645;;;;;;;;;;;;;;;;;;;;;;;;;;;;;;;
2646;;;;;;;;;;;;;;;;;;;;;;;;;;;;;;;
2647;;;;;;;;;;;;;;;;;;;;;;;;;;;;;;;
2648;;;;;;;;;;;;;;;;;;;;;;;;;;;;;;;
2649;;;;;;;;;;;;;;;;;;;;;;;;;;;;;;;
2650;;;;;;;;;;;;;;;;;;;;;;;;;;;;;;;
2651;;;;;;;;;;;;;;;;;;;;;;;;;;;;;;;
2652;;;;;;;;;;;;;;;;;;;;;;;;;;;;;;;
2653;;;;;;;;;;;;;;;;;;;;;;;;;;;;;;;
2654;;;;;;;;;;;;;;;;;;;;;;;;;;;;;;;
2655;;;;;;;;;;;;;;;;;;;;;;;;;;;;;;;
2656;;;;;;;;;;;;;;;;;;;;;;;;;;;;;;;
2657;;;;;;;;;;;;;;;;;;;;;;;;;;;;;;;
2658;;;;;;;;;;;;;;;;;;;;;;;;;;;;;;;
2659;;;;;;;;;;;;;;;;;;;;;;;;;;;;;;;
2660;;;;;;;;;;;;;;;;;;;;;;;;;;;;;;;
2661;;;;;;;;;;;;;;;;;;;;;;;;;;;;;;;
2662;;;;;;;;;;;;;;;;;;;;;;;;;;;;;;;
2663;;;;;;;;;;;;;;;;;;;;;;;;;;;;;;;
2664;;;;;;;;;;;;;;;;;;;;;;;;;;;;;;;
2665;;;;;;;;;;;;;;;;;;;;;;;;;;;;;;;
2666;;;;;;;;;;;;;;;;;;;;;;;;;;;;;;;
2667;;;;;;;;;;;;;;;;;;;;;;;;;;;;;;;
2668;;;;;;;;;;;;;;;;;;;;;;;;;;;;;;;
2669;;;;;;;;;;;;;;;;;;;;;;;;;;;;;;;
2670;;;;;;;;;;;;;;;;;;;;;;;;;;;;;;;
2671;;;;;;;;;;;;;;;;;;;;;;;;;;;;;;;
2672;;;;;;;;;;;;;;;;;;;;;;;;;;;;;;;
2673;;;;;;;;;;;;;;;;;;;;;;;;;;;;;;;
2674;;;;;;;;;;;;;;;;;;;;;;;;;;;;;;;
2675;;;;;;;;;;;;;;;;;;;;;;;;;;;;;;;
2676;;;;;;;;;;;;;;;;;;;;;;;;;;;;;;;
2677;;;;;;;;;;;;;;;;;;;;;;;;;;;;;;;
2678;;;;;;;;;;;;;;;;;;;;;;;;;;;;;;;
2679;;;;;;;;;;;;;;;;;;;;;;;;;;;;;;;
2680;;;;;;;;;;;;;;;;;;;;;;;;;;;;;;;
2681;;;;;;;;;;;;;;;;;;;;;;;;;;;;;;;
2682;;;;;;;;;;;;;;;;;;;;;;;;;;;;;;;
2683;;;;;;;;;;;;;;;;;;;;;;;;;;;;;;;
2684;;;;;;;;;;;;;;;;;;;;;;;;;;;;;;;
2685;;;;;;;;;;;;;;;;;;;;;;;;;;;;;;;
2686;;;;;;;;;;;;;;;;;;;;;;;;;;;;;;;
2687;;;;;;;;;;;;;;;;;;;;;;;;;;;;;;;
2688;;;;;;;;;;;;;;;;;;;;;;;;;;;;;;;
2689;;;;;;;;;;;;;;;;;;;;;;;;;;;;;;;
2690;;;;;;;;;;;;;;;;;;;;;;;;;;;;;;;
2691;;;;;;;;;;;;;;;;;;;;;;;;;;;;;;;
2692;;;;;;;;;;;;;;;;;;;;;;;;;;;;;;;
2693;;;;;;;;;;;;;;;;;;;;;;;;;;;;;;;
2694;;;;;;;;;;;;;;;;;;;;;;;;;;;;;;;
2695;;;;;;;;;;;;;;;;;;;;;;;;;;;;;;;
2696;;;;;;;;;;;;;;;;;;;;;;;;;;;;;;;
2697;;;;;;;;;;;;;;;;;;;;;;;;;;;;;;;
2698;;;;;;;;;;;;;;;;;;;;;;;;;;;;;;;
2699;;;;;;;;;;;;;;;;;;;;;;;;;;;;;;;
2700;;;;;;;;;;;;;;;;;;;;;;;;;;;;;;;
2701;;;;;;;;;;;;;;;;;;;;;;;;;;;;;;;
2702;;;;;;;;;;;;;;;;;;;;;;;;;;;;;;;
2703;;;;;;;;;;;;;;;;;;;;;;;;;;;;;;;
2704;;;;;;;;;;;;;;;;;;;;;;;;;;;;;;;
2705;;;;;;;;;;;;;;;;;;;;;;;;;;;;;;;
2706;;;;;;;;;;;;;;;;;;;;;;;;;;;;;;;
2707;;;;;;;;;;;;;;;;;;;;;;;;;;;;;;;
2708;;;;;;;;;;;;;;;;;;;;;;;;;;;;;;;
2709;;;;;;;;;;;;;;;;;;;;;;;;;;;;;;;
2710;;;;;;;;;;;;;;;;;;;;;;;;;;;;;;;
2711;;;;;;;;;;;;;;;;;;;;;;;;;;;;;;;
2712;;;;;;;;;;;;;;;;;;;;;;;;;;;;;;;
2713;;;;;;;;;;;;;;;;;;;;;;;;;;;;;;;
2714;;;;;;;;;;;;;;;;;;;;;;;;;;;;;;;
2715;;;;;;;;;;;;;;;;;;;;;;;;;;;;;;;
2716;;;;;;;;;;;;;;;;;;;;;;;;;;;;;;;
2717;;;;;;;;;;;;;;;;;;;;;;;;;;;;;;;
2718;;;;;;;;;;;;;;;;;;;;;;;;;;;;;;;
2719;;;;;;;;;;;;;;;;;;;;;;;;;;;;;;;
2720;;;;;;;;;;;;;;;;;;;;;;;;;;;;;;;
2721;;;;;;;;;;;;;;;;;;;;;;;;;;;;;;;
2722;;;;;;;;;;;;;;;;;;;;;;;;;;;;;;;
2723;;;;;;;;;;;;;;;;;;;;;;;;;;;;;;;
2724;;;;;;;;;;;;;;;;;;;;;;;;;;;;;;;
2725;;;;;;;;;;;;;;;;;;;;;;;;;;;;;;;
2726;;;;;;;;;;;;;;;;;;;;;;;;;;;;;;;
2727;;;;;;;;;;;;;;;;;;;;;;;;;;;;;;;
2728;;;;;;;;;;;;;;;;;;;;;;;;;;;;;;;
2729;;;;;;;;;;;;;;;;;;;;;;;;;;;;;;;
2730;;;;;;;;;;;;;;;;;;;;;;;;;;;;;;;
2731;;;;;;;;;;;;;;;;;;;;;;;;;;;;;;;
2732;;;;;;;;;;;;;;;;;;;;;;;;;;;;;;;
2733;;;;;;;;;;;;;;;;;;;;;;;;;;;;;;;
2734;;;;;;;;;;;;;;;;;;;;;;;;;;;;;;;
2735;;;;;;;;;;;;;;;;;;;;;;;;;;;;;;;
2736;;;;;;;;;;;;;;;;;;;;;;;;;;;;;;;
2737;;;;;;;;;;;;;;;;;;;;;;;;;;;;;;;
2738;;;;;;;;;;;;;;;;;;;;;;;;;;;;;;;
2739;;;;;;;;;;;;;;;;;;;;;;;;;;;;;;;
2740;;;;;;;;;;;;;;;;;;;;;;;;;;;;;;;
2741;;;;;;;;;;;;;;;;;;;;;;;;;;;;;;;
2742;;;;;;;;;;;;;;;;;;;;;;;;;;;;;;;
2743;;;;;;;;;;;;;;;;;;;;;;;;;;;;;;;
2744;;;;;;;;;;;;;;;;;;;;;;;;;;;;;;;
2745;;;;;;;;;;;;;;;;;;;;;;;;;;;;;;;
2746;;;;;;;;;;;;;;;;;;;;;;;;;;;;;;;
2747;;;;;;;;;;;;;;;;;;;;;;;;;;;;;;;
2748;;;;;;;;;;;;;;;;;;;;;;;;;;;;;;;
2749;;;;;;;;;;;;;;;;;;;;;;;;;;;;;;;
2750;;;;;;;;;;;;;;;;;;;;;;;;;;;;;;;
2751;;;;;;;;;;;;;;;;;;;;;;;;;;;;;;;
2752;;;;;;;;;;;;;;;;;;;;;;;;;;;;;;;
2753;;;;;;;;;;;;;;;;;;;;;;;;;;;;;;;
2754;;;;;;;;;;;;;;;;;;;;;;;;;;;;;;;
2755;;;;;;;;;;;;;;;;;;;;;;;;;;;;;;;
2756;;;;;;;;;;;;;;;;;;;;;;;;;;;;;;;
2757;;;;;;;;;;;;;;;;;;;;;;;;;;;;;;;
2758;;;;;;;;;;;;;;;;;;;;;;;;;;;;;;;
2759;;;;;;;;;;;;;;;;;;;;;;;;;;;;;;;
2760;;;;;;;;;;;;;;;;;;;;;;;;;;;;;;;
2761;;;;;;;;;;;;;;;;;;;;;;;;;;;;;;;
2762;;;;;;;;;;;;;;;;;;;;;;;;;;;;;;;
2763;;;;;;;;;;;;;;;;;;;;;;;;;;;;;;;
2764;;;;;;;;;;;;;;;;;;;;;;;;;;;;;;;
2765;;;;;;;;;;;;;;;;;;;;;;;;;;;;;;;
2766;;;;;;;;;;;;;;;;;;;;;;;;;;;;;;;
2767;;;;;;;;;;;;;;;;;;;;;;;;;;;;;;;
2768;;;;;;;;;;;;;;;;;;;;;;;;;;;;;;;
2769;;;;;;;;;;;;;;;;;;;;;;;;;;;;;;;
2770;;;;;;;;;;;;;;;;;;;;;;;;;;;;;;;
2771;;;;;;;;;;;;;;;;;;;;;;;;;;;;;;;
2772;;;;;;;;;;;;;;;;;;;;;;;;;;;;;;;
2773;;;;;;;;;;;;;;;;;;;;;;;;;;;;;;;
2774;;;;;;;;;;;;;;;;;;;;;;;;;;;;;;;
2775;;;;;;;;;;;;;;;;;;;;;;;;;;;;;;;
2776;;;;;;;;;;;;;;;;;;;;;;;;;;;;;;;
2777;;;;;;;;;;;;;;;;;;;;;;;;;;;;;;;
2778;;;;;;;;;;;;;;;;;;;;;;;;;;;;;;;
2779;;;;;;;;;;;;;;;;;;;;;;;;;;;;;;;
2780;;;;;;;;;;;;;;;;;;;;;;;;;;;;;;;
2781;;;;;;;;;;;;;;;;;;;;;;;;;;;;;;;
2782;;;;;;;;;;;;;;;;;;;;;;;;;;;;;;;
2783;;;;;;;;;;;;;;;;;;;;;;;;;;;;;;;
2784;;;;;;;;;;;;;;;;;;;;;;;;;;;;;;;
2785;;;;;;;;;;;;;;;;;;;;;;;;;;;;;;;
2786;;;;;;;;;;;;;;;;;;;;;;;;;;;;;;;
2787;;;;;;;;;;;;;;;;;;;;;;;;;;;;;;;
2788;;;;;;;;;;;;;;;;;;;;;;;;;;;;;;;
2789;;;;;;;;;;;;;;;;;;;;;;;;;;;;;;;
2790;;;;;;;;;;;;;;;;;;;;;;;;;;;;;;;
2791;;;;;;;;;;;;;;;;;;;;;;;;;;;;;;;
2792;;;;;;;;;;;;;;;;;;;;;;;;;;;;;;;
2793;;;;;;;;;;;;;;;;;;;;;;;;;;;;;;;
2794;;;;;;;;;;;;;;;;;;;;;;;;;;;;;;;
2795;;;;;;;;;;;;;;;;;;;;;;;;;;;;;;;
2796;;;;;;;;;;;;;;;;;;;;;;;;;;;;;;;
2797;;;;;;;;;;;;;;;;;;;;;;;;;;;;;;;
2798;;;;;;;;;;;;;;;;;;;;;;;;;;;;;;;
2799;;;;;;;;;;;;;;;;;;;;;;;;;;;;;;;
2800;;;;;;;;;;;;;;;;;;;;;;;;;;;;;;;
2801;;;;;;;;;;;;;;;;;;;;;;;;;;;;;;;
2802;;;;;;;;;;;;;;;;;;;;;;;;;;;;;;;
2803;;;;;;;;;;;;;;;;;;;;;;;;;;;;;;;
2804;;;;;;;;;;;;;;;;;;;;;;;;;;;;;;;
2805;;;;;;;;;;;;;;;;;;;;;;;;;;;;;;;
2806;;;;;;;;;;;;;;;;;;;;;;;;;;;;;;;
2807;;;;;;;;;;;;;;;;;;;;;;;;;;;;;;;
2808;;;;;;;;;;;;;;;;;;;;;;;;;;;;;;;
2809;;;;;;;;;;;;;;;;;;;;;;;;;;;;;;;
2810;;;;;;;;;;;;;;;;;;;;;;;;;;;;;;;
2811;;;;;;;;;;;;;;;;;;;;;;;;;;;;;;;
2812;;;;;;;;;;;;;;;;;;;;;;;;;;;;;;;
2813;;;;;;;;;;;;;;;;;;;;;;;;;;;;;;;
2814;;;;;;;;;;;;;;;;;;;;;;;;;;;;;;;
2815;;;;;;;;;;;;;;;;;;;;;;;;;;;;;;;
2816;;;;;;;;;;;;;;;;;;;;;;;;;;;;;;;
2817;;;;;;;;;;;;;;;;;;;;;;;;;;;;;;;
2818;;;;;;;;;;;;;;;;;;;;;;;;;;;;;;;
2819;;;;;;;;;;;;;;;;;;;;;;;;;;;;;;;
2820;;;;;;;;;;;;;;;;;;;;;;;;;;;;;;;
2821;;;;;;;;;;;;;;;;;;;;;;;;;;;;;;;
2822;;;;;;;;;;;;;;;;;;;;;;;;;;;;;;;
2823;;;;;;;;;;;;;;;;;;;;;;;;;;;;;;;
2824;;;;;;;;;;;;;;;;;;;;;;;;;;;;;;;
2825;;;;;;;;;;;;;;;;;;;;;;;;;;;;;;;
2826;;;;;;;;;;;;;;;;;;;;;;;;;;;;;;;
2827;;;;;;;;;;;;;;;;;;;;;;;;;;;;;;;
2828;;;;;;;;;;;;;;;;;;;;;;;;;;;;;;;
2829;;;;;;;;;;;;;;;;;;;;;;;;;;;;;;;
2830;;;;;;;;;;;;;;;;;;;;;;;;;;;;;;;
2831;;;;;;;;;;;;;;;;;;;;;;;;;;;;;;;
2832;;;;;;;;;;;;;;;;;;;;;;;;;;;;;;;
2833;;;;;;;;;;;;;;;;;;;;;;;;;;;;;;;
2834;;;;;;;;;;;;;;;;;;;;;;;;;;;;;;;
2835;;;;;;;;;;;;;;;;;;;;;;;;;;;;;;;
2836;;;;;;;;;;;;;;;;;;;;;;;;;;;;;;;
2837;;;;;;;;;;;;;;;;;;;;;;;;;;;;;;;
2838;;;;;;;;;;;;;;;;;;;;;;;;;;;;;;;
2839;;;;;;;;;;;;;;;;;;;;;;;;;;;;;;;
2840;;;;;;;;;;;;;;;;;;;;;;;;;;;;;;;
2841;;;;;;;;;;;;;;;;;;;;;;;;;;;;;;;
2842;;;;;;;;;;;;;;;;;;;;;;;;;;;;;;;
2843;;;;;;;;;;;;;;;;;;;;;;;;;;;;;;;
2844;;;;;;;;;;;;;;;;;;;;;;;;;;;;;;;
2845;;;;;;;;;;;;;;;;;;;;;;;;;;;;;;;
2846;;;;;;;;;;;;;;;;;;;;;;;;;;;;;;;
2847;;;;;;;;;;;;;;;;;;;;;;;;;;;;;;;
2848;;;;;;;;;;;;;;;;;;;;;;;;;;;;;;;
2849;;;;;;;;;;;;;;;;;;;;;;;;;;;;;;;
2850;;;;;;;;;;;;;;;;;;;;;;;;;;;;;;;
2851;;;;;;;;;;;;;;;;;;;;;;;;;;;;;;;
2852;;;;;;;;;;;;;;;;;;;;;;;;;;;;;;;
2853;;;;;;;;;;;;;;;;;;;;;;;;;;;;;;;
2854;;;;;;;;;;;;;;;;;;;;;;;;;;;;;;;
2855;;;;;;;;;;;;;;;;;;;;;;;;;;;;;;;
2856;;;;;;;;;;;;;;;;;;;;;;;;;;;;;;;
2857;;;;;;;;;;;;;;;;;;;;;;;;;;;;;;;
2858;;;;;;;;;;;;;;;;;;;;;;;;;;;;;;;
2859;;;;;;;;;;;;;;;;;;;;;;;;;;;;;;;
2860;;;;;;;;;;;;;;;;;;;;;;;;;;;;;;;
2861;;;;;;;;;;;;;;;;;;;;;;;;;;;;;;;
2862;;;;;;;;;;;;;;;;;;;;;;;;;;;;;;;
2863;;;;;;;;;;;;;;;;;;;;;;;;;;;;;;;
2864;;;;;;;;;;;;;;;;;;;;;;;;;;;;;;;
2865;;;;;;;;;;;;;;;;;;;;;;;;;;;;;;;
2866;;;;;;;;;;;;;;;;;;;;;;;;;;;;;;;
2867;;;;;;;;;;;;;;;;;;;;;;;;;;;;;;;
2868;;;;;;;;;;;;;;;;;;;;;;;;;;;;;;;
2869;;;;;;;;;;;;;;;;;;;;;;;;;;;;;;;
2870;;;;;;;;;;;;;;;;;;;;;;;;;;;;;;;
2871;;;;;;;;;;;;;;;;;;;;;;;;;;;;;;;
2872;;;;;;;;;;;;;;;;;;;;;;;;;;;;;;;
2873;;;;;;;;;;;;;;;;;;;;;;;;;;;;;;;
2874;;;;;;;;;;;;;;;;;;;;;;;;;;;;;;;
2875;;;;;;;;;;;;;;;;;;;;;;;;;;;;;;;
2876;;;;;;;;;;;;;;;;;;;;;;;;;;;;;;;
2877;;;;;;;;;;;;;;;;;;;;;;;;;;;;;;;
2878;;;;;;;;;;;;;;;;;;;;;;;;;;;;;;;
2879;;;;;;;;;;;;;;;;;;;;;;;;;;;;;;;
2880;;;;;;;;;;;;;;;;;;;;;;;;;;;;;;;
2881;;;;;;;;;;;;;;;;;;;;;;;;;;;;;;;
2882;;;;;;;;;;;;;;;;;;;;;;;;;;;;;;;
2883;;;;;;;;;;;;;;;;;;;;;;;;;;;;;;;
2884;;;;;;;;;;;;;;;;;;;;;;;;;;;;;;;
2885;;;;;;;;;;;;;;;;;;;;;;;;;;;;;;;
2886;;;;;;;;;;;;;;;;;;;;;;;;;;;;;;;
2887;;;;;;;;;;;;;;;;;;;;;;;;;;;;;;;
2888;;;;;;;;;;;;;;;;;;;;;;;;;;;;;;;
2889;;;;;;;;;;;;;;;;;;;;;;;;;;;;;;;
2890;;;;;;;;;;;;;;;;;;;;;;;;;;;;;;;
2891;;;;;;;;;;;;;;;;;;;;;;;;;;;;;;;
2892;;;;;;;;;;;;;;;;;;;;;;;;;;;;;;;
2893;;;;;;;;;;;;;;;;;;;;;;;;;;;;;;;
2894;;;;;;;;;;;;;;;;;;;;;;;;;;;;;;;
2895;;;;;;;;;;;;;;;;;;;;;;;;;;;;;;;
2896;;;;;;;;;;;;;;;;;;;;;;;;;;;;;;;
2897;;;;;;;;;;;;;;;;;;;;;;;;;;;;;;;
2898;;;;;;;;;;;;;;;;;;;;;;;;;;;;;;;
2899;;;;;;;;;;;;;;;;;;;;;;;;;;;;;;;
2900;;;;;;;;;;;;;;;;;;;;;;;;;;;;;;;
2901;;;;;;;;;;;;;;;;;;;;;;;;;;;;;;;
2902;;;;;;;;;;;;;;;;;;;;;;;;;;;;;;;
2903;;;;;;;;;;;;;;;;;;;;;;;;;;;;;;;
2904;;;;;;;;;;;;;;;;;;;;;;;;;;;;;;;
2905;;;;;;;;;;;;;;;;;;;;;;;;;;;;;;;
2906;;;;;;;;;;;;;;;;;;;;;;;;;;;;;;;
2907;;;;;;;;;;;;;;;;;;;;;;;;;;;;;;;
2908;;;;;;;;;;;;;;;;;;;;;;;;;;;;;;;
2909;;;;;;;;;;;;;;;;;;;;;;;;;;;;;;;
2910;;;;;;;;;;;;;;;;;;;;;;;;;;;;;;;
2911;;;;;;;;;;;;;;;;;;;;;;;;;;;;;;;
2912;;;;;;;;;;;;;;;;;;;;;;;;;;;;;;;
2913;;;;;;;;;;;;;;;;;;;;;;;;;;;;;;;
2914;;;;;;;;;;;;;;;;;;;;;;;;;;;;;;;
2915;;;;;;;;;;;;;;;;;;;;;;;;;;;;;;;
2916;;;;;;;;;;;;;;;;;;;;;;;;;;;;;;;
2917;;;;;;;;;;;;;;;;;;;;;;;;;;;;;;;
2918;;;;;;;;;;;;;;;;;;;;;;;;;;;;;;;
2919;;;;;;;;;;;;;;;;;;;;;;;;;;;;;;;
2920;;;;;;;;;;;;;;;;;;;;;;;;;;;;;;;
2921;;;;;;;;;;;;;;;;;;;;;;;;;;;;;;;
2922;;;;;;;;;;;;;;;;;;;;;;;;;;;;;;;
2923;;;;;;;;;;;;;;;;;;;;;;;;;;;;;;;
2924;;;;;;;;;;;;;;;;;;;;;;;;;;;;;;;
2925;;;;;;;;;;;;;;;;;;;;;;;;;;;;;;;
2926;;;;;;;;;;;;;;;;;;;;;;;;;;;;;;;
2927;;;;;;;;;;;;;;;;;;;;;;;;;;;;;;;
2928;;;;;;;;;;;;;;;;;;;;;;;;;;;;;;;
2929;;;;;;;;;;;;;;;;;;;;;;;;;;;;;;;
2930;;;;;;;;;;;;;;;;;;;;;;;;;;;;;;;
2931;;;;;;;;;;;;;;;;;;;;;;;;;;;;;;;
2932;;;;;;;;;;;;;;;;;;;;;;;;;;;;;;;
2933;;;;;;;;;;;;;;;;;;;;;;;;;;;;;;;
2934;;;;;;;;;;;;;;;;;;;;;;;;;;;;;;;
2935;;;;;;;;;;;;;;;;;;;;;;;;;;;;;;;
2936;;;;;;;;;;;;;;;;;;;;;;;;;;;;;;;
2937;;;;;;;;;;;;;;;;;;;;;;;;;;;;;;;
2938;;;;;;;;;;;;;;;;;;;;;;;;;;;;;;;
2939;;;;;;;;;;;;;;;;;;;;;;;;;;;;;;;
2940;;;;;;;;;;;;;;;;;;;;;;;;;;;;;;;
2941;;;;;;;;;;;;;;;;;;;;;;;;;;;;;;;
2942;;;;;;;;;;;;;;;;;;;;;;;;;;;;;;;
2943;;;;;;;;;;;;;;;;;;;;;;;;;;;;;;;
2944;;;;;;;;;;;;;;;;;;;;;;;;;;;;;;;
2945;;;;;;;;;;;;;;;;;;;;;;;;;;;;;;;
2946;;;;;;;;;;;;;;;;;;;;;;;;;;;;;;;
2947;;;;;;;;;;;;;;;;;;;;;;;;;;;;;;;
2948;;;;;;;;;;;;;;;;;;;;;;;;;;;;;;;
2949;;;;;;;;;;;;;;;;;;;;;;;;;;;;;;;
2950;;;;;;;;;;;;;;;;;;;;;;;;;;;;;;;
2951;;;;;;;;;;;;;;;;;;;;;;;;;;;;;;;
2952;;;;;;;;;;;;;;;;;;;;;;;;;;;;;;;
2953;;;;;;;;;;;;;;;;;;;;;;;;;;;;;;;
2954;;;;;;;;;;;;;;;;;;;;;;;;;;;;;;;
2955;;;;;;;;;;;;;;;;;;;;;;;;;;;;;;;
2956;;;;;;;;;;;;;;;;;;;;;;;;;;;;;;;
2957;;;;;;;;;;;;;;;;;;;;;;;;;;;;;;;
2958;;;;;;;;;;;;;;;;;;;;;;;;;;;;;;;
2959;;;;;;;;;;;;;;;;;;;;;;;;;;;;;;;
2960;;;;;;;;;;;;;;;;;;;;;;;;;;;;;;;
2961;;;;;;;;;;;;;;;;;;;;;;;;;;;;;;;
2962;;;;;;;;;;;;;;;;;;;;;;;;;;;;;;;
2963;;;;;;;;;;;;;;;;;;;;;;;;;;;;;;;
2964;;;;;;;;;;;;;;;;;;;;;;;;;;;;;;;
2965;;;;;;;;;;;;;;;;;;;;;;;;;;;;;;;
2966;;;;;;;;;;;;;;;;;;;;;;;;;;;;;;;
2967;;;;;;;;;;;;;;;;;;;;;;;;;;;;;;;
2968;;;;;;;;;;;;;;;;;;;;;;;;;;;;;;;
2969;;;;;;;;;;;;;;;;;;;;;;;;;;;;;;;
2970;;;;;;;;;;;;;;;;;;;;;;;;;;;;;;;
2971;;;;;;;;;;;;;;;;;;;;;;;;;;;;;;;
2972;;;;;;;;;;;;;;;;;;;;;;;;;;;;;;;
2973;;;;;;;;;;;;;;;;;;;;;;;;;;;;;;;
2974;;;;;;;;;;;;;;;;;;;;;;;;;;;;;;;
2975;;;;;;;;;;;;;;;;;;;;;;;;;;;;;;;
2976;;;;;;;;;;;;;;;;;;;;;;;;;;;;;;;
2977;;;;;;;;;;;;;;;;;;;;;;;;;;;;;;;
2978;;;;;;;;;;;;;;;;;;;;;;;;;;;;;;;
2979;;;;;;;;;;;;;;;;;;;;;;;;;;;;;;;
2980;;;;;;;;;;;;;;;;;;;;;;;;;;;;;;;
2981;;;;;;;;;;;;;;;;;;;;;;;;;;;;;;;
2982;;;;;;;;;;;;;;;;;;;;;;;;;;;;;;;
2983;;;;;;;;;;;;;;;;;;;;;;;;;;;;;;;
2984;;;;;;;;;;;;;;;;;;;;;;;;;;;;;;;
2985;;;;;;;;;;;;;;;;;;;;;;;;;;;;;;;
2986;;;;;;;;;;;;;;;;;;;;;;;;;;;;;;;
2987;;;;;;;;;;;;;;;;;;;;;;;;;;;;;;;
2988;;;;;;;;;;;;;;;;;;;;;;;;;;;;;;;
2989;;;;;;;;;;;;;;;;;;;;;;;;;;;;;;;
2990;;;;;;;;;;;;;;;;;;;;;;;;;;;;;;;
2991;;;;;;;;;;;;;;;;;;;;;;;;;;;;;;;
2992;;;;;;;;;;;;;;;;;;;;;;;;;;;;;;;
2993;;;;;;;;;;;;;;;;;;;;;;;;;;;;;;;
2994;;;;;;;;;;;;;;;;;;;;;;;;;;;;;;;
2995;;;;;;;;;;;;;;;;;;;;;;;;;;;;;;;
2996;;;;;;;;;;;;;;;;;;;;;;;;;;;;;;;
2997;;;;;;;;;;;;;;;;;;;;;;;;;;;;;;;
2998;;;;;;;;;;;;;;;;;;;;;;;;;;;;;;;
2999;;;;;;;;;;;;;;;;;;;;;;;;;;;;;;;
3000;;;;;;;;;;;;;;;;;;;;;;;;;;;;;;;
3001;;;;;;;;;;;;;;;;;;;;;;;;;;;;;;;
3002;;;;;;;;;;;;;;;;;;;;;;;;;;;;;;;
3003;;;;;;;;;;;;;;;;;;;;;;;;;;;;;;;
3004;;;;;;;;;;;;;;;;;;;;;;;;;;;;;;;
3005;;;;;;;;;;;;;;;;;;;;;;;;;;;;;;;
3006;;;;;;;;;;;;;;;;;;;;;;;;;;;;;;;
3007;;;;;;;;;;;;;;;;;;;;;;;;;;;;;;;
3008;;;;;;;;;;;;;;;;;;;;;;;;;;;;;;;
3009;;;;;;;;;;;;;;;;;;;;;;;;;;;;;;;
3010;;;;;;;;;;;;;;;;;;;;;;;;;;;;;;;
3011;;;;;;;;;;;;;;;;;;;;;;;;;;;;;;;
3012;;;;;;;;;;;;;;;;;;;;;;;;;;;;;;;
3013;;;;;;;;;;;;;;;;;;;;;;;;;;;;;;;
3014;;;;;;;;;;;;;;;;;;;;;;;;;;;;;;;
3015;;;;;;;;;;;;;;;;;;;;;;;;;;;;;;;
3016;;;;;;;;;;;;;;;;;;;;;;;;;;;;;;;
3017;;;;;;;;;;;;;;;;;;;;;;;;;;;;;;;
3018;;;;;;;;;;;;;;;;;;;;;;;;;;;;;;;
3019;;;;;;;;;;;;;;;;;;;;;;;;;;;;;;;
3020;;;;;;;;;;;;;;;;;;;;;;;;;;;;;;;
3021;;;;;;;;;;;;;;;;;;;;;;;;;;;;;;;
3022;;;;;;;;;;;;;;;;;;;;;;;;;;;;;;;
3023;;;;;;;;;;;;;;;;;;;;;;;;;;;;;;;
3024;;;;;;;;;;;;;;;;;;;;;;;;;;;;;;;
3025;;;;;;;;;;;;;;;;;;;;;;;;;;;;;;;
3026;;;;;;;;;;;;;;;;;;;;;;;;;;;;;;;
3027;;;;;;;;;;;;;;;;;;;;;;;;;;;;;;;
3028;;;;;;;;;;;;;;;;;;;;;;;;;;;;;;;
3029;;;;;;;;;;;;;;;;;;;;;;;;;;;;;;;
3030;;;;;;;;;;;;;;;;;;;;;;;;;;;;;;;
3031;;;;;;;;;;;;;;;;;;;;;;;;;;;;;;;
3032;;;;;;;;;;;;;;;;;;;;;;;;;;;;;;;
3033;;;;;;;;;;;;;;;;;;;;;;;;;;;;;;;
3034;;;;;;;;;;;;;;;;;;;;;;;;;;;;;;;
3035;;;;;;;;;;;;;;;;;;;;;;;;;;;;;;;
3036;;;;;;;;;;;;;;;;;;;;;;;;;;;;;;;
3037;;;;;;;;;;;;;;;;;;;;;;;;;;;;;;;
3038;;;;;;;;;;;;;;;;;;;;;;;;;;;;;;;
3039;;;;;;;;;;;;;;;;;;;;;;;;;;;;;;;
3040;;;;;;;;;;;;;;;;;;;;;;;;;;;;;;;
3041;;;;;;;;;;;;;;;;;;;;;;;;;;;;;;;
3042;;;;;;;;;;;;;;;;;;;;;;;;;;;;;;;
3043;;;;;;;;;;;;;;;;;;;;;;;;;;;;;;;
3044;;;;;;;;;;;;;;;;;;;;;;;;;;;;;;;
3045;;;;;;;;;;;;;;;;;;;;;;;;;;;;;;;
3046;;;;;;;;;;;;;;;;;;;;;;;;;;;;;;;
3047;;;;;;;;;;;;;;;;;;;;;;;;;;;;;;;
3048;;;;;;;;;;;;;;;;;;;;;;;;;;;;;;;
3049;;;;;;;;;;;;;;;;;;;;;;;;;;;;;;;
3050;;;;;;;;;;;;;;;;;;;;;;;;;;;;;;;
3051;;;;;;;;;;;;;;;;;;;;;;;;;;;;;;;
3052;;;;;;;;;;;;;;;;;;;;;;;;;;;;;;;
3053;;;;;;;;;;;;;;;;;;;;;;;;;;;;;;;
3054;;;;;;;;;;;;;;;;;;;;;;;;;;;;;;;
3055;;;;;;;;;;;;;;;;;;;;;;;;;;;;;;;
3056;;;;;;;;;;;;;;;;;;;;;;;;;;;;;;;
3057;;;;;;;;;;;;;;;;;;;;;;;;;;;;;;;
3058;;;;;;;;;;;;;;;;;;;;;;;;;;;;;;;
3059;;;;;;;;;;;;;;;;;;;;;;;;;;;;;;;
3060;;;;;;;;;;;;;;;;;;;;;;;;;;;;;;;
3061;;;;;;;;;;;;;;;;;;;;;;;;;;;;;;;
3062;;;;;;;;;;;;;;;;;;;;;;;;;;;;;;;
3063;;;;;;;;;;;;;;;;;;;;;;;;;;;;;;;
3064;;;;;;;;;;;;;;;;;;;;;;;;;;;;;;;
3065;;;;;;;;;;;;;;;;;;;;;;;;;;;;;;;
3066;;;;;;;;;;;;;;;;;;;;;;;;;;;;;;;
3067;;;;;;;;;;;;;;;;;;;;;;;;;;;;;;;
3068;;;;;;;;;;;;;;;;;;;;;;;;;;;;;;;
3069;;;;;;;;;;;;;;;;;;;;;;;;;;;;;;;
3070;;;;;;;;;;;;;;;;;;;;;;;;;;;;;;;
3071;;;;;;;;;;;;;;;;;;;;;;;;;;;;;;;
3072;;;;;;;;;;;;;;;;;;;;;;;;;;;;;;;
3073;;;;;;;;;;;;;;;;;;;;;;;;;;;;;;;
3074;;;;;;;;;;;;;;;;;;;;;;;;;;;;;;;
3075;;;;;;;;;;;;;;;;;;;;;;;;;;;;;;;
3076;;;;;;;;;;;;;;;;;;;;;;;;;;;;;;;
3077;;;;;;;;;;;;;;;;;;;;;;;;;;;;;;;
3078;;;;;;;;;;;;;;;;;;;;;;;;;;;;;;;
3079;;;;;;;;;;;;;;;;;;;;;;;;;;;;;;;
3080;;;;;;;;;;;;;;;;;;;;;;;;;;;;;;;
3081;;;;;;;;;;;;;;;;;;;;;;;;;;;;;;;
3082;;;;;;;;;;;;;;;;;;;;;;;;;;;;;;;
3083;;;;;;;;;;;;;;;;;;;;;;;;;;;;;;;
3084;;;;;;;;;;;;;;;;;;;;;;;;;;;;;;;
3085;;;;;;;;;;;;;;;;;;;;;;;;;;;;;;;
3086;;;;;;;;;;;;;;;;;;;;;;;;;;;;;;;
3087;;;;;;;;;;;;;;;;;;;;;;;;;;;;;;;
3088;;;;;;;;;;;;;;;;;;;;;;;;;;;;;;;
3089;;;;;;;;;;;;;;;;;;;;;;;;;;;;;;;
3090;;;;;;;;;;;;;;;;;;;;;;;;;;;;;;;
3091;;;;;;;;;;;;;;;;;;;;;;;;;;;;;;;
3092;;;;;;;;;;;;;;;;;;;;;;;;;;;;;;;
3093;;;;;;;;;;;;;;;;;;;;;;;;;;;;;;;
3094;;;;;;;;;;;;;;;;;;;;;;;;;;;;;;;
3095;;;;;;;;;;;;;;;;;;;;;;;;;;;;;;;
3096;;;;;;;;;;;;;;;;;;;;;;;;;;;;;;;
3097;;;;;;;;;;;;;;;;;;;;;;;;;;;;;;;
3098;;;;;;;;;;;;;;;;;;;;;;;;;;;;;;;
3099;;;;;;;;;;;;;;;;;;;;;;;;;;;;;;;
3100;;;;;;;;;;;;;;;;;;;;;;;;;;;;;;;
3101;;;;;;;;;;;;;;;;;;;;;;;;;;;;;;;
3102;;;;;;;;;;;;;;;;;;;;;;;;;;;;;;;
3103;;;;;;;;;;;;;;;;;;;;;;;;;;;;;;;
3104;;;;;;;;;;;;;;;;;;;;;;;;;;;;;;;
3105;;;;;;;;;;;;;;;;;;;;;;;;;;;;;;;
3106;;;;;;;;;;;;;;;;;;;;;;;;;;;;;;;
3107;;;;;;;;;;;;;;;;;;;;;;;;;;;;;;;
3108;;;;;;;;;;;;;;;;;;;;;;;;;;;;;;;
3109;;;;;;;;;;;;;;;;;;;;;;;;;;;;;;;
3110;;;;;;;;;;;;;;;;;;;;;;;;;;;;;;;
3111;;;;;;;;;;;;;;;;;;;;;;;;;;;;;;;
3112;;;;;;;;;;;;;;;;;;;;;;;;;;;;;;;
3113;;;;;;;;;;;;;;;;;;;;;;;;;;;;;;;
3114;;;;;;;;;;;;;;;;;;;;;;;;;;;;;;;
3115;;;;;;;;;;;;;;;;;;;;;;;;;;;;;;;
3116;;;;;;;;;;;;;;;;;;;;;;;;;;;;;;;
3117;;;;;;;;;;;;;;;;;;;;;;;;;;;;;;;
3118;;;;;;;;;;;;;;;;;;;;;;;;;;;;;;;
3119;;;;;;;;;;;;;;;;;;;;;;;;;;;;;;;
3120;;;;;;;;;;;;;;;;;;;;;;;;;;;;;;;
3121;;;;;;;;;;;;;;;;;;;;;;;;;;;;;;;
3122;;;;;;;;;;;;;;;;;;;;;;;;;;;;;;;
3123;;;;;;;;;;;;;;;;;;;;;;;;;;;;;;;
3124;;;;;;;;;;;;;;;;;;;;;;;;;;;;;;;
3125;;;;;;;;;;;;;;;;;;;;;;;;;;;;;;;
3126;;;;;;;;;;;;;;;;;;;;;;;;;;;;;;;
3127;;;;;;;;;;;;;;;;;;;;;;;;;;;;;;;
3128;;;;;;;;;;;;;;;;;;;;;;;;;;;;;;;
3129;;;;;;;;;;;;;;;;;;;;;;;;;;;;;;;
3130;;;;;;;;;;;;;;;;;;;;;;;;;;;;;;;
3131;;;;;;;;;;;;;;;;;;;;;;;;;;;;;;;
3132;;;;;;;;;;;;;;;;;;;;;;;;;;;;;;;
3133;;;;;;;;;;;;;;;;;;;;;;;;;;;;;;;
3134;;;;;;;;;;;;;;;;;;;;;;;;;;;;;;;
3135;;;;;;;;;;;;;;;;;;;;;;;;;;;;;;;
3136;;;;;;;;;;;;;;;;;;;;;;;;;;;;;;;
3137;;;;;;;;;;;;;;;;;;;;;;;;;;;;;;;
3138;;;;;;;;;;;;;;;;;;;;;;;;;;;;;;;
3139;;;;;;;;;;;;;;;;;;;;;;;;;;;;;;;
3140;;;;;;;;;;;;;;;;;;;;;;;;;;;;;;;
3141;;;;;;;;;;;;;;;;;;;;;;;;;;;;;;;
3142;;;;;;;;;;;;;;;;;;;;;;;;;;;;;;;
3143;;;;;;;;;;;;;;;;;;;;;;;;;;;;;;;
3144;;;;;;;;;;;;;;;;;;;;;;;;;;;;;;;
3145;;;;;;;;;;;;;;;;;;;;;;;;;;;;;;;
3146;;;;;;;;;;;;;;;;;;;;;;;;;;;;;;;
3147;;;;;;;;;;;;;;;;;;;;;;;;;;;;;;;
3148;;;;;;;;;;;;;;;;;;;;;;;;;;;;;;;
3149;;;;;;;;;;;;;;;;;;;;;;;;;;;;;;;
3150;;;;;;;;;;;;;;;;;;;;;;;;;;;;;;;
3151;;;;;;;;;;;;;;;;;;;;;;;;;;;;;;;
3152;;;;;;;;;;;;;;;;;;;;;;;;;;;;;;;
3153;;;;;;;;;;;;;;;;;;;;;;;;;;;;;;;
3154;;;;;;;;;;;;;;;;;;;;;;;;;;;;;;;
3155;;;;;;;;;;;;;;;;;;;;;;;;;;;;;;;
3156;;;;;;;;;;;;;;;;;;;;;;;;;;;;;;;
3157;;;;;;;;;;;;;;;;;;;;;;;;;;;;;;;
3158;;;;;;;;;;;;;;;;;;;;;;;;;;;;;;;
3159;;;;;;;;;;;;;;;;;;;;;;;;;;;;;;;
3160;;;;;;;;;;;;;;;;;;;;;;;;;;;;;;;
3161;;;;;;;;;;;;;;;;;;;;;;;;;;;;;;;
3162;;;;;;;;;;;;;;;;;;;;;;;;;;;;;;;
3163;;;;;;;;;;;;;;;;;;;;;;;;;;;;;;;
3164;;;;;;;;;;;;;;;;;;;;;;;;;;;;;;;
3165;;;;;;;;;;;;;;;;;;;;;;;;;;;;;;;
3166;;;;;;;;;;;;;;;;;;;;;;;;;;;;;;;
3167;;;;;;;;;;;;;;;;;;;;;;;;;;;;;;;
3168;;;;;;;;;;;;;;;;;;;;;;;;;;;;;;;
3169;;;;;;;;;;;;;;;;;;;;;;;;;;;;;;;
3170;;;;;;;;;;;;;;;;;;;;;;;;;;;;;;;
3171;;;;;;;;;;;;;;;;;;;;;;;;;;;;;;;
3172;;;;;;;;;;;;;;;;;;;;;;;;;;;;;;;
3173;;;;;;;;;;;;;;;;;;;;;;;;;;;;;;;
3174;;;;;;;;;;;;;;;;;;;;;;;;;;;;;;;
3175;;;;;;;;;;;;;;;;;;;;;;;;;;;;;;;
3176;;;;;;;;;;;;;;;;;;;;;;;;;;;;;;;
3177;;;;;;;;;;;;;;;;;;;;;;;;;;;;;;;
3178;;;;;;;;;;;;;;;;;;;;;;;;;;;;;;;
3179;;;;;;;;;;;;;;;;;;;;;;;;;;;;;;;
3180;;;;;;;;;;;;;;;;;;;;;;;;;;;;;;;
3181;;;;;;;;;;;;;;;;;;;;;;;;;;;;;;;
3182;;;;;;;;;;;;;;;;;;;;;;;;;;;;;;;
3183;;;;;;;;;;;;;;;;;;;;;;;;;;;;;;;
3184;;;;;;;;;;;;;;;;;;;;;;;;;;;;;;;
3185;;;;;;;;;;;;;;;;;;;;;;;;;;;;;;;
3186;;;;;;;;;;;;;;;;;;;;;;;;;;;;;;;
3187;;;;;;;;;;;;;;;;;;;;;;;;;;;;;;;
3188;;;;;;;;;;;;;;;;;;;;;;;;;;;;;;;
3189;;;;;;;;;;;;;;;;;;;;;;;;;;;;;;;
3190;;;;;;;;;;;;;;;;;;;;;;;;;;;;;;;
3191;;;;;;;;;;;;;;;;;;;;;;;;;;;;;;;
3192;;;;;;;;;;;;;;;;;;;;;;;;;;;;;;;
3193;;;;;;;;;;;;;;;;;;;;;;;;;;;;;;;
3194;;;;;;;;;;;;;;;;;;;;;;;;;;;;;;;
3195;;;;;;;;;;;;;;;;;;;;;;;;;;;;;;;
3196;;;;;;;;;;;;;;;;;;;;;;;;;;;;;;;
3197;;;;;;;;;;;;;;;;;;;;;;;;;;;;;;;
3198;;;;;;;;;;;;;;;;;;;;;;;;;;;;;;;
3199;;;;;;;;;;;;;;;;;;;;;;;;;;;;;;;
3200;;;;;;;;;;;;;;;;;;;;;;;;;;;;;;;
3201;;;;;;;;;;;;;;;;;;;;;;;;;;;;;;;
3202;;;;;;;;;;;;;;;;;;;;;;;;;;;;;;;
3203;;;;;;;;;;;;;;;;;;;;;;;;;;;;;;;
3204;;;;;;;;;;;;;;;;;;;;;;;;;;;;;;;
3205;;;;;;;;;;;;;;;;;;;;;;;;;;;;;;;
3206;;;;;;;;;;;;;;;;;;;;;;;;;;;;;;;
3207;;;;;;;;;;;;;;;;;;;;;;;;;;;;;;;
3208;;;;;;;;;;;;;;;;;;;;;;;;;;;;;;;
3209;;;;;;;;;;;;;;;;;;;;;;;;;;;;;;;
3210;;;;;;;;;;;;;;;;;;;;;;;;;;;;;;;
3211;;;;;;;;;;;;;;;;;;;;;;;;;;;;;;;
3212;;;;;;;;;;;;;;;;;;;;;;;;;;;;;;;
3213;;;;;;;;;;;;;;;;;;;;;;;;;;;;;;;
3214;;;;;;;;;;;;;;;;;;;;;;;;;;;;;;;
3215;;;;;;;;;;;;;;;;;;;;;;;;;;;;;;;
3216;;;;;;;;;;;;;;;;;;;;;;;;;;;;;;;
3217;;;;;;;;;;;;;;;;;;;;;;;;;;;;;;;
3218;;;;;;;;;;;;;;;;;;;;;;;;;;;;;;;
3219;;;;;;;;;;;;;;;;;;;;;;;;;;;;;;;
3220;;;;;;;;;;;;;;;;;;;;;;;;;;;;;;;
3221;;;;;;;;;;;;;;;;;;;;;;;;;;;;;;;
3222;;;;;;;;;;;;;;;;;;;;;;;;;;;;;;;
3223;;;;;;;;;;;;;;;;;;;;;;;;;;;;;;;
3224;;;;;;;;;;;;;;;;;;;;;;;;;;;;;;;
3225;;;;;;;;;;;;;;;;;;;;;;;;;;;;;;;
3226;;;;;;;;;;;;;;;;;;;;;;;;;;;;;;;
3227;;;;;;;;;;;;;;;;;;;;;;;;;;;;;;;
3228;;;;;;;;;;;;;;;;;;;;;;;;;;;;;;;
3229;;;;;;;;;;;;;;;;;;;;;;;;;;;;;;;
3230;;;;;;;;;;;;;;;;;;;;;;;;;;;;;;;
3231;;;;;;;;;;;;;;;;;;;;;;;;;;;;;;;
3232;;;;;;;;;;;;;;;;;;;;;;;;;;;;;;;
3233;;;;;;;;;;;;;;;;;;;;;;;;;;;;;;;
3234;;;;;;;;;;;;;;;;;;;;;;;;;;;;;;;
3235;;;;;;;;;;;;;;;;;;;;;;;;;;;;;;;
3236;;;;;;;;;;;;;;;;;;;;;;;;;;;;;;;
3237;;;;;;;;;;;;;;;;;;;;;;;;;;;;;;;
3238;;;;;;;;;;;;;;;;;;;;;;;;;;;;;;;
3239;;;;;;;;;;;;;;;;;;;;;;;;;;;;;;;
3240;;;;;;;;;;;;;;;;;;;;;;;;;;;;;;;
3241;;;;;;;;;;;;;;;;;;;;;;;;;;;;;;;
3242;;;;;;;;;;;;;;;;;;;;;;;;;;;;;;;
3243;;;;;;;;;;;;;;;;;;;;;;;;;;;;;;;
3244;;;;;;;;;;;;;;;;;;;;;;;;;;;;;;;
3245;;;;;;;;;;;;;;;;;;;;;;;;;;;;;;;
3246;;;;;;;;;;;;;;;;;;;;;;;;;;;;;;;
3247;;;;;;;;;;;;;;;;;;;;;;;;;;;;;;;
3248;;;;;;;;;;;;;;;;;;;;;;;;;;;;;;;
3249;;;;;;;;;;;;;;;;;;;;;;;;;;;;;;;
3250;;;;;;;;;;;;;;;;;;;;;;;;;;;;;;;
3251;;;;;;;;;;;;;;;;;;;;;;;;;;;;;;;
3252;;;;;;;;;;;;;;;;;;;;;;;;;;;;;;;
3253;;;;;;;;;;;;;;;;;;;;;;;;;;;;;;;
3254;;;;;;;;;;;;;;;;;;;;;;;;;;;;;;;
3255;;;;;;;;;;;;;;;;;;;;;;;;;;;;;;;
3256;;;;;;;;;;;;;;;;;;;;;;;;;;;;;;;
3257;;;;;;;;;;;;;;;;;;;;;;;;;;;;;;;
3258;;;;;;;;;;;;;;;;;;;;;;;;;;;;;;;
3259;;;;;;;;;;;;;;;;;;;;;;;;;;;;;;;
3260;;;;;;;;;;;;;;;;;;;;;;;;;;;;;;;
3261;;;;;;;;;;;;;;;;;;;;;;;;;;;;;;;
3262;;;;;;;;;;;;;;;;;;;;;;;;;;;;;;;
3263;;;;;;;;;;;;;;;;;;;;;;;;;;;;;;;
3264;;;;;;;;;;;;;;;;;;;;;;;;;;;;;;;
3265;;;;;;;;;;;;;;;;;;;;;;;;;;;;;;;
3266;;;;;;;;;;;;;;;;;;;;;;;;;;;;;;;
3267;;;;;;;;;;;;;;;;;;;;;;;;;;;;;;;
3268;;;;;;;;;;;;;;;;;;;;;;;;;;;;;;;
3269;;;;;;;;;;;;;;;;;;;;;;;;;;;;;;;
3270;;;;;;;;;;;;;;;;;;;;;;;;;;;;;;;
3271;;;;;;;;;;;;;;;;;;;;;;;;;;;;;;;
3272;;;;;;;;;;;;;;;;;;;;;;;;;;;;;;;
3273;;;;;;;;;;;;;;;;;;;;;;;;;;;;;;;
3274;;;;;;;;;;;;;;;;;;;;;;;;;;;;;;;
3275;;;;;;;;;;;;;;;;;;;;;;;;;;;;;;;
3276;;;;;;;;;;;;;;;;;;;;;;;;;;;;;;;
3277;;;;;;;;;;;;;;;;;;;;;;;;;;;;;;;
3278;;;;;;;;;;;;;;;;;;;;;;;;;;;;;;;
3279;;;;;;;;;;;;;;;;;;;;;;;;;;;;;;;
3280;;;;;;;;;;;;;;;;;;;;;;;;;;;;;;;
3281;;;;;;;;;;;;;;;;;;;;;;;;;;;;;;;
3282;;;;;;;;;;;;;;;;;;;;;;;;;;;;;;;
3283;;;;;;;;;;;;;;;;;;;;;;;;;;;;;;;
3284;;;;;;;;;;;;;;;;;;;;;;;;;;;;;;;
3285;;;;;;;;;;;;;;;;;;;;;;;;;;;;;;;
3286;;;;;;;;;;;;;;;;;;;;;;;;;;;;;;;
3287;;;;;;;;;;;;;;;;;;;;;;;;;;;;;;;
3288;;;;;;;;;;;;;;;;;;;;;;;;;;;;;;;
3289;;;;;;;;;;;;;;;;;;;;;;;;;;;;;;;
3290;;;;;;;;;;;;;;;;;;;;;;;;;;;;;;;
3291;;;;;;;;;;;;;;;;;;;;;;;;;;;;;;;
3292;;;;;;;;;;;;;;;;;;;;;;;;;;;;;;;
3293;;;;;;;;;;;;;;;;;;;;;;;;;;;;;;;
3294;;;;;;;;;;;;;;;;;;;;;;;;;;;;;;;
3295;;;;;;;;;;;;;;;;;;;;;;;;;;;;;;;
3296;;;;;;;;;;;;;;;;;;;;;;;;;;;;;;;
3297;;;;;;;;;;;;;;;;;;;;;;;;;;;;;;;
3298;;;;;;;;;;;;;;;;;;;;;;;;;;;;;;;
3299;;;;;;;;;;;;;;;;;;;;;;;;;;;;;;;
3300;;;;;;;;;;;;;;;;;;;;;;;;;;;;;;;
3301;;;;;;;;;;;;;;;;;;;;;;;;;;;;;;;
3302;;;;;;;;;;;;;;;;;;;;;;;;;;;;;;;
3303;;;;;;;;;;;;;;;;;;;;;;;;;;;;;;;
3304;;;;;;;;;;;;;;;;;;;;;;;;;;;;;;;
3305;;;;;;;;;;;;;;;;;;;;;;;;;;;;;;;
3306;;;;;;;;;;;;;;;;;;;;;;;;;;;;;;;
3307;;;;;;;;;;;;;;;;;;;;;;;;;;;;;;;
3308;;;;;;;;;;;;;;;;;;;;;;;;;;;;;;;
3309;;;;;;;;;;;;;;;;;;;;;;;;;;;;;;;
3310;;;;;;;;;;;;;;;;;;;;;;;;;;;;;;;
3311;;;;;;;;;;;;;;;;;;;;;;;;;;;;;;;
3312;;;;;;;;;;;;;;;;;;;;;;;;;;;;;;;
3313;;;;;;;;;;;;;;;;;;;;;;;;;;;;;;;
3314;;;;;;;;;;;;;;;;;;;;;;;;;;;;;;;
3315;;;;;;;;;;;;;;;;;;;;;;;;;;;;;;;
3316;;;;;;;;;;;;;;;;;;;;;;;;;;;;;;;
3317;;;;;;;;;;;;;;;;;;;;;;;;;;;;;;;
3318;;;;;;;;;;;;;;;;;;;;;;;;;;;;;;;
3319;;;;;;;;;;;;;;;;;;;;;;;;;;;;;;;
3320;;;;;;;;;;;;;;;;;;;;;;;;;;;;;;;
3321;;;;;;;;;;;;;;;;;;;;;;;;;;;;;;;
3322;;;;;;;;;;;;;;;;;;;;;;;;;;;;;;;
3323;;;;;;;;;;;;;;;;;;;;;;;;;;;;;;;
3324;;;;;;;;;;;;;;;;;;;;;;;;;;;;;;;
3325;;;;;;;;;;;;;;;;;;;;;;;;;;;;;;;
3326;;;;;;;;;;;;;;;;;;;;;;;;;;;;;;;
3327;;;;;;;;;;;;;;;;;;;;;;;;;;;;;;;
3328;;;;;;;;;;;;;;;;;;;;;;;;;;;;;;;
3329;;;;;;;;;;;;;;;;;;;;;;;;;;;;;;;
3330;;;;;;;;;;;;;;;;;;;;;;;;;;;;;;;
3331;;;;;;;;;;;;;;;;;;;;;;;;;;;;;;;
3332;;;;;;;;;;;;;;;;;;;;;;;;;;;;;;;
3333;;;;;;;;;;;;;;;;;;;;;;;;;;;;;;;
3334;;;;;;;;;;;;;;;;;;;;;;;;;;;;;;;
3335;;;;;;;;;;;;;;;;;;;;;;;;;;;;;;;
3336;;;;;;;;;;;;;;;;;;;;;;;;;;;;;;;
3337;;;;;;;;;;;;;;;;;;;;;;;;;;;;;;;
3338;;;;;;;;;;;;;;;;;;;;;;;;;;;;;;;
3339;;;;;;;;;;;;;;;;;;;;;;;;;;;;;;;
3340;;;;;;;;;;;;;;;;;;;;;;;;;;;;;;;
3341;;;;;;;;;;;;;;;;;;;;;;;;;;;;;;;
3342;;;;;;;;;;;;;;;;;;;;;;;;;;;;;;;
3343;;;;;;;;;;;;;;;;;;;;;;;;;;;;;;;
3344;;;;;;;;;;;;;;;;;;;;;;;;;;;;;;;
3345;;;;;;;;;;;;;;;;;;;;;;;;;;;;;;;
3346;;;;;;;;;;;;;;;;;;;;;;;;;;;;;;;
3347;;;;;;;;;;;;;;;;;;;;;;;;;;;;;;;
3348;;;;;;;;;;;;;;;;;;;;;;;;;;;;;;;
3349;;;;;;;;;;;;;;;;;;;;;;;;;;;;;;;
3350;;;;;;;;;;;;;;;;;;;;;;;;;;;;;;;
3351;;;;;;;;;;;;;;;;;;;;;;;;;;;;;;;
3352;;;;;;;;;;;;;;;;;;;;;;;;;;;;;;;
3353;;;;;;;;;;;;;;;;;;;;;;;;;;;;;;;
3354;;;;;;;;;;;;;;;;;;;;;;;;;;;;;;;
3355;;;;;;;;;;;;;;;;;;;;;;;;;;;;;;;
3356;;;;;;;;;;;;;;;;;;;;;;;;;;;;;;;
3357;;;;;;;;;;;;;;;;;;;;;;;;;;;;;;;
3358;;;;;;;;;;;;;;;;;;;;;;;;;;;;;;;
3359;;;;;;;;;;;;;;;;;;;;;;;;;;;;;;;
3360;;;;;;;;;;;;;;;;;;;;;;;;;;;;;;;
3361;;;;;;;;;;;;;;;;;;;;;;;;;;;;;;;
3362;;;;;;;;;;;;;;;;;;;;;;;;;;;;;;;
3363;;;;;;;;;;;;;;;;;;;;;;;;;;;;;;;
3364;;;;;;;;;;;;;;;;;;;;;;;;;;;;;;;
3365;;;;;;;;;;;;;;;;;;;;;;;;;;;;;;;
3366;;;;;;;;;;;;;;;;;;;;;;;;;;;;;;;
3367;;;;;;;;;;;;;;;;;;;;;;;;;;;;;;;
3368;;;;;;;;;;;;;;;;;;;;;;;;;;;;;;;
3369;;;;;;;;;;;;;;;;;;;;;;;;;;;;;;;
3370;;;;;;;;;;;;;;;;;;;;;;;;;;;;;;;
3371;;;;;;;;;;;;;;;;;;;;;;;;;;;;;;;
3372;;;;;;;;;;;;;;;;;;;;;;;;;;;;;;;
3373;;;;;;;;;;;;;;;;;;;;;;;;;;;;;;;
3374;;;;;;;;;;;;;;;;;;;;;;;;;;;;;;;
3375;;;;;;;;;;;;;;;;;;;;;;;;;;;;;;;
3376;;;;;;;;;;;;;;;;;;;;;;;;;;;;;;;
3377;;;;;;;;;;;;;;;;;;;;;;;;;;;;;;;
3378;;;;;;;;;;;;;;;;;;;;;;;;;;;;;;;
3379;;;;;;;;;;;;;;;;;;;;;;;;;;;;;;;
3380;;;;;;;;;;;;;;;;;;;;;;;;;;;;;;;
3381;;;;;;;;;;;;;;;;;;;;;;;;;;;;;;;
3382;;;;;;;;;;;;;;;;;;;;;;;;;;;;;;;
3383;;;;;;;;;;;;;;;;;;;;;;;;;;;;;;;
3384;;;;;;;;;;;;;;;;;;;;;;;;;;;;;;;
3385;;;;;;;;;;;;;;;;;;;;;;;;;;;;;;;
3386;;;;;;;;;;;;;;;;;;;;;;;;;;;;;;;
3387;;;;;;;;;;;;;;;;;;;;;;;;;;;;;;;
3388;;;;;;;;;;;;;;;;;;;;;;;;;;;;;;;
3389;;;;;;;;;;;;;;;;;;;;;;;;;;;;;;;
3390;;;;;;;;;;;;;;;;;;;;;;;;;;;;;;;
3391;;;;;;;;;;;;;;;;;;;;;;;;;;;;;;;
3392;;;;;;;;;;;;;;;;;;;;;;;;;;;;;;;
3393;;;;;;;;;;;;;;;;;;;;;;;;;;;;;;;
3394;;;;;;;;;;;;;;;;;;;;;;;;;;;;;;;
3395;;;;;;;;;;;;;;;;;;;;;;;;;;;;;;;
3396;;;;;;;;;;;;;;;;;;;;;;;;;;;;;;;
3397;;;;;;;;;;;;;;;;;;;;;;;;;;;;;;;
3398;;;;;;;;;;;;;;;;;;;;;;;;;;;;;;;
3399;;;;;;;;;;;;;;;;;;;;;;;;;;;;;;;
3400;;;;;;;;;;;;;;;;;;;;;;;;;;;;;;;
3401;;;;;;;;;;;;;;;;;;;;;;;;;;;;;;;
3402;;;;;;;;;;;;;;;;;;;;;;;;;;;;;;;
3403;;;;;;;;;;;;;;;;;;;;;;;;;;;;;;;
3404;;;;;;;;;;;;;;;;;;;;;;;;;;;;;;;
3405;;;;;;;;;;;;;;;;;;;;;;;;;;;;;;;
3406;;;;;;;;;;;;;;;;;;;;;;;;;;;;;;;
3407;;;;;;;;;;;;;;;;;;;;;;;;;;;;;;;
3408;;;;;;;;;;;;;;;;;;;;;;;;;;;;;;;
3409;;;;;;;;;;;;;;;;;;;;;;;;;;;;;;;
3410;;;;;;;;;;;;;;;;;;;;;;;;;;;;;;;
3411;;;;;;;;;;;;;;;;;;;;;;;;;;;;;;;
3412;;;;;;;;;;;;;;;;;;;;;;;;;;;;;;;
3413;;;;;;;;;;;;;;;;;;;;;;;;;;;;;;;
3414;;;;;;;;;;;;;;;;;;;;;;;;;;;;;;;
3415;;;;;;;;;;;;;;;;;;;;;;;;;;;;;;;
3416;;;;;;;;;;;;;;;;;;;;;;;;;;;;;;;
3417;;;;;;;;;;;;;;;;;;;;;;;;;;;;;;;
3418;;;;;;;;;;;;;;;;;;;;;;;;;;;;;;;
3419;;;;;;;;;;;;;;;;;;;;;;;;;;;;;;;
3420;;;;;;;;;;;;;;;;;;;;;;;;;;;;;;;
3421;;;;;;;;;;;;;;;;;;;;;;;;;;;;;;;
3422;;;;;;;;;;;;;;;;;;;;;;;;;;;;;;;
3423;;;;;;;;;;;;;;;;;;;;;;;;;;;;;;;
3424;;;;;;;;;;;;;;;;;;;;;;;;;;;;;;;
3425;;;;;;;;;;;;;;;;;;;;;;;;;;;;;;;
3426;;;;;;;;;;;;;;;;;;;;;;;;;;;;;;;
3427;;;;;;;;;;;;;;;;;;;;;;;;;;;;;;;
3428;;;;;;;;;;;;;;;;;;;;;;;;;;;;;;;
3429;;;;;;;;;;;;;;;;;;;;;;;;;;;;;;;
3430;;;;;;;;;;;;;;;;;;;;;;;;;;;;;;;
3431;;;;;;;;;;;;;;;;;;;;;;;;;;;;;;;
3432;;;;;;;;;;;;;;;;;;;;;;;;;;;;;;;
3433;;;;;;;;;;;;;;;;;;;;;;;;;;;;;;;
3434;;;;;;;;;;;;;;;;;;;;;;;;;;;;;;;
3435;;;;;;;;;;;;;;;;;;;;;;;;;;;;;;;
3436;;;;;;;;;;;;;;;;;;;;;;;;;;;;;;;
3437;;;;;;;;;;;;;;;;;;;;;;;;;;;;;;;
3438;;;;;;;;;;;;;;;;;;;;;;;;;;;;;;;
3439;;;;;;;;;;;;;;;;;;;;;;;;;;;;;;;
3440;;;;;;;;;;;;;;;;;;;;;;;;;;;;;;;
3441;;;;;;;;;;;;;;;;;;;;;;;;;;;;;;;
3442;;;;;;;;;;;;;;;;;;;;;;;;;;;;;;;
3443;;;;;;;;;;;;;;;;;;;;;;;;;;;;;;;
3444;;;;;;;;;;;;;;;;;;;;;;;;;;;;;;;
3445;;;;;;;;;;;;;;;;;;;;;;;;;;;;;;;
3446;;;;;;;;;;;;;;;;;;;;;;;;;;;;;;;
3447;;;;;;;;;;;;;;;;;;;;;;;;;;;;;;;
3448;;;;;;;;;;;;;;;;;;;;;;;;;;;;;;;
3449;;;;;;;;;;;;;;;;;;;;;;;;;;;;;;;
3450;;;;;;;;;;;;;;;;;;;;;;;;;;;;;;;
3451;;;;;;;;;;;;;;;;;;;;;;;;;;;;;;;
3452;;;;;;;;;;;;;;;;;;;;;;;;;;;;;;;
3453;;;;;;;;;;;;;;;;;;;;;;;;;;;;;;;
3454;;;;;;;;;;;;;;;;;;;;;;;;;;;;;;;
3455;;;;;;;;;;;;;;;;;;;;;;;;;;;;;;;
3456;;;;;;;;;;;;;;;;;;;;;;;;;;;;;;;
3457;;;;;;;;;;;;;;;;;;;;;;;;;;;;;;;
3458;;;;;;;;;;;;;;;;;;;;;;;;;;;;;;;
3459;;;;;;;;;;;;;;;;;;;;;;;;;;;;;;;
3460;;;;;;;;;;;;;;;;;;;;;;;;;;;;;;;
3461;;;;;;;;;;;;;;;;;;;;;;;;;;;;;;;
3462;;;;;;;;;;;;;;;;;;;;;;;;;;;;;;;
3463;;;;;;;;;;;;;;;;;;;;;;;;;;;;;;;
3464;;;;;;;;;;;;;;;;;;;;;;;;;;;;;;;
3465;;;;;;;;;;;;;;;;;;;;;;;;;;;;;;;
3466;;;;;;;;;;;;;;;;;;;;;;;;;;;;;;;
3467;;;;;;;;;;;;;;;;;;;;;;;;;;;;;;;
3468;;;;;;;;;;;;;;;;;;;;;;;;;;;;;;;
3469;;;;;;;;;;;;;;;;;;;;;;;;;;;;;;;
3470;;;;;;;;;;;;;;;;;;;;;;;;;;;;;;;
3471;;;;;;;;;;;;;;;;;;;;;;;;;;;;;;;
3472;;;;;;;;;;;;;;;;;;;;;;;;;;;;;;;
3473;;;;;;;;;;;;;;;;;;;;;;;;;;;;;;;
3474;;;;;;;;;;;;;;;;;;;;;;;;;;;;;;;
3475;;;;;;;;;;;;;;;;;;;;;;;;;;;;;;;
3476;;;;;;;;;;;;;;;;;;;;;;;;;;;;;;;
3477;;;;;;;;;;;;;;;;;;;;;;;;;;;;;;;
3478;;;;;;;;;;;;;;;;;;;;;;;;;;;;;;;
3479;;;;;;;;;;;;;;;;;;;;;;;;;;;;;;;
3480;;;;;;;;;;;;;;;;;;;;;;;;;;;;;;;
3481;;;;;;;;;;;;;;;;;;;;;;;;;;;;;;;
3482;;;;;;;;;;;;;;;;;;;;;;;;;;;;;;;
3483;;;;;;;;;;;;;;;;;;;;;;;;;;;;;;;
3484;;;;;;;;;;;;;;;;;;;;;;;;;;;;;;;
3485;;;;;;;;;;;;;;;;;;;;;;;;;;;;;;;
3486;;;;;;;;;;;;;;;;;;;;;;;;;;;;;;;
3487;;;;;;;;;;;;;;;;;;;;;;;;;;;;;;;
3488;;;;;;;;;;;;;;;;;;;;;;;;;;;;;;;
3489;;;;;;;;;;;;;;;;;;;;;;;;;;;;;;;
3490;;;;;;;;;;;;;;;;;;;;;;;;;;;;;;;
3491;;;;;;;;;;;;;;;;;;;;;;;;;;;;;;;
3492;;;;;;;;;;;;;;;;;;;;;;;;;;;;;;;
3493;;;;;;;;;;;;;;;;;;;;;;;;;;;;;;;
3494;;;;;;;;;;;;;;;;;;;;;;;;;;;;;;;
3495;;;;;;;;;;;;;;;;;;;;;;;;;;;;;;;
3496;;;;;;;;;;;;;;;;;;;;;;;;;;;;;;;
3497;;;;;;;;;;;;;;;;;;;;;;;;;;;;;;;
3498;;;;;;;;;;;;;;;;;;;;;;;;;;;;;;;
3499;;;;;;;;;;;;;;;;;;;;;;;;;;;;;;;
3500;;;;;;;;;;;;;;;;;;;;;;;;;;;;;;;
3501;;;;;;;;;;;;;;;;;;;;;;;;;;;;;;;
3502;;;;;;;;;;;;;;;;;;;;;;;;;;;;;;;
3503;;;;;;;;;;;;;;;;;;;;;;;;;;;;;;;
3504;;;;;;;;;;;;;;;;;;;;;;;;;;;;;;;
3505;;;;;;;;;;;;;;;;;;;;;;;;;;;;;;;
3506;;;;;;;;;;;;;;;;;;;;;;;;;;;;;;;
3507;;;;;;;;;;;;;;;;;;;;;;;;;;;;;;;
3508;;;;;;;;;;;;;;;;;;;;;;;;;;;;;;;
3509;;;;;;;;;;;;;;;;;;;;;;;;;;;;;;;
3510;;;;;;;;;;;;;;;;;;;;;;;;;;;;;;;
3511;;;;;;;;;;;;;;;;;;;;;;;;;;;;;;;
3512;;;;;;;;;;;;;;;;;;;;;;;;;;;;;;;
3513;;;;;;;;;;;;;;;;;;;;;;;;;;;;;;;
3514;;;;;;;;;;;;;;;;;;;;;;;;;;;;;;;
3515;;;;;;;;;;;;;;;;;;;;;;;;;;;;;;;
3516;;;;;;;;;;;;;;;;;;;;;;;;;;;;;;;
3517;;;;;;;;;;;;;;;;;;;;;;;;;;;;;;;
3518;;;;;;;;;;;;;;;;;;;;;;;;;;;;;;;
3519;;;;;;;;;;;;;;;;;;;;;;;;;;;;;;;
3520;;;;;;;;;;;;;;;;;;;;;;;;;;;;;;;
3521;;;;;;;;;;;;;;;;;;;;;;;;;;;;;;;
3522;;;;;;;;;;;;;;;;;;;;;;;;;;;;;;;
3523;;;;;;;;;;;;;;;;;;;;;;;;;;;;;;;
3524;;;;;;;;;;;;;;;;;;;;;;;;;;;;;;;
3525;;;;;;;;;;;;;;;;;;;;;;;;;;;;;;;
3526;;;;;;;;;;;;;;;;;;;;;;;;;;;;;;;
3527;;;;;;;;;;;;;;;;;;;;;;;;;;;;;;;
3528;;;;;;;;;;;;;;;;;;;;;;;;;;;;;;;
3529;;;;;;;;;;;;;;;;;;;;;;;;;;;;;;;
3530;;;;;;;;;;;;;;;;;;;;;;;;;;;;;;;
3531;;;;;;;;;;;;;;;;;;;;;;;;;;;;;;;
3532;;;;;;;;;;;;;;;;;;;;;;;;;;;;;;;
3533;;;;;;;;;;;;;;;;;;;;;;;;;;;;;;;
3534;;;;;;;;;;;;;;;;;;;;;;;;;;;;;;;
3535;;;;;;;;;;;;;;;;;;;;;;;;;;;;;;;
3536;;;;;;;;;;;;;;;;;;;;;;;;;;;;;;;
3537;;;;;;;;;;;;;;;;;;;;;;;;;;;;;;;
3538;;;;;;;;;;;;;;;;;;;;;;;;;;;;;;;
3539;;;;;;;;;;;;;;;;;;;;;;;;;;;;;;;
3540;;;;;;;;;;;;;;;;;;;;;;;;;;;;;;;
3541;;;;;;;;;;;;;;;;;;;;;;;;;;;;;;;
3542;;;;;;;;;;;;;;;;;;;;;;;;;;;;;;;
3543;;;;;;;;;;;;;;;;;;;;;;;;;;;;;;;
3544;;;;;;;;;;;;;;;;;;;;;;;;;;;;;;;
3545;;;;;;;;;;;;;;;;;;;;;;;;;;;;;;;
3546;;;;;;;;;;;;;;;;;;;;;;;;;;;;;;;
3547;;;;;;;;;;;;;;;;;;;;;;;;;;;;;;;
3548;;;;;;;;;;;;;;;;;;;;;;;;;;;;;;;
3549;;;;;;;;;;;;;;;;;;;;;;;;;;;;;;;
3550;;;;;;;;;;;;;;;;;;;;;;;;;;;;;;;
3551;;;;;;;;;;;;;;;;;;;;;;;;;;;;;;;
3552;;;;;;;;;;;;;;;;;;;;;;;;;;;;;;;
3553;;;;;;;;;;;;;;;;;;;;;;;;;;;;;;;
3554;;;;;;;;;;;;;;;;;;;;;;;;;;;;;;;
3555;;;;;;;;;;;;;;;;;;;;;;;;;;;;;;;
3556;;;;;;;;;;;;;;;;;;;;;;;;;;;;;;;
3557;;;;;;;;;;;;;;;;;;;;;;;;;;;;;;;
3558;;;;;;;;;;;;;;;;;;;;;;;;;;;;;;;
3559;;;;;;;;;;;;;;;;;;;;;;;;;;;;;;;
3560;;;;;;;;;;;;;;;;;;;;;;;;;;;;;;;
3561;;;;;;;;;;;;;;;;;;;;;;;;;;;;;;;
3562;;;;;;;;;;;;;;;;;;;;;;;;;;;;;;;
3563;;;;;;;;;;;;;;;;;;;;;;;;;;;;;;;
3564;;;;;;;;;;;;;;;;;;;;;;;;;;;;;;;
3565;;;;;;;;;;;;;;;;;;;;;;;;;;;;;;;
3566;;;;;;;;;;;;;;;;;;;;;;;;;;;;;;;
3567;;;;;;;;;;;;;;;;;;;;;;;;;;;;;;;
3568;;;;;;;;;;;;;;;;;;;;;;;;;;;;;;;
3569;;;;;;;;;;;;;;;;;;;;;;;;;;;;;;;
3570;;;;;;;;;;;;;;;;;;;;;;;;;;;;;;;
3571;;;;;;;;;;;;;;;;;;;;;;;;;;;;;;;
3572;;;;;;;;;;;;;;;;;;;;;;;;;;;;;;;
3573;;;;;;;;;;;;;;;;;;;;;;;;;;;;;;;
3574;;;;;;;;;;;;;;;;;;;;;;;;;;;;;;;
3575;;;;;;;;;;;;;;;;;;;;;;;;;;;;;;;
3576;;;;;;;;;;;;;;;;;;;;;;;;;;;;;;;
3577;;;;;;;;;;;;;;;;;;;;;;;;;;;;;;;
3578;;;;;;;;;;;;;;;;;;;;;;;;;;;;;;;
3579;;;;;;;;;;;;;;;;;;;;;;;;;;;;;;;
3580;;;;;;;;;;;;;;;;;;;;;;;;;;;;;;;
3581;;;;;;;;;;;;;;;;;;;;;;;;;;;;;;;
3582;;;;;;;;;;;;;;;;;;;;;;;;;;;;;;;
3583;;;;;;;;;;;;;;;;;;;;;;;;;;;;;;;
3584;;;;;;;;;;;;;;;;;;;;;;;;;;;;;;;
3585;;;;;;;;;;;;;;;;;;;;;;;;;;;;;;;
3586;;;;;;;;;;;;;;;;;;;;;;;;;;;;;;;
3587;;;;;;;;;;;;;;;;;;;;;;;;;;;;;;;
3588;;;;;;;;;;;;;;;;;;;;;;;;;;;;;;;
3589;;;;;;;;;;;;;;;;;;;;;;;;;;;;;;;
3590;;;;;;;;;;;;;;;;;;;;;;;;;;;;;;;
3591;;;;;;;;;;;;;;;;;;;;;;;;;;;;;;;
3592;;;;;;;;;;;;;;;;;;;;;;;;;;;;;;;
3593;;;;;;;;;;;;;;;;;;;;;;;;;;;;;;;
3594;;;;;;;;;;;;;;;;;;;;;;;;;;;;;;;
3595;;;;;;;;;;;;;;;;;;;;;;;;;;;;;;;
3596;;;;;;;;;;;;;;;;;;;;;;;;;;;;;;;
3597;;;;;;;;;;;;;;;;;;;;;;;;;;;;;;;
3598;;;;;;;;;;;;;;;;;;;;;;;;;;;;;;;
3599;;;;;;;;;;;;;;;;;;;;;;;;;;;;;;;
3600;;;;;;;;;;;;;;;;;;;;;;;;;;;;;;;
3601;;;;;;;;;;;;;;;;;;;;;;;;;;;;;;;
3602;;;;;;;;;;;;;;;;;;;;;;;;;;;;;;;
3603;;;;;;;;;;;;;;;;;;;;;;;;;;;;;;;
3604;;;;;;;;;;;;;;;;;;;;;;;;;;;;;;;
3605;;;;;;;;;;;;;;;;;;;;;;;;;;;;;;;
3606;;;;;;;;;;;;;;;;;;;;;;;;;;;;;;;
3607;;;;;;;;;;;;;;;;;;;;;;;;;;;;;;;
3608;;;;;;;;;;;;;;;;;;;;;;;;;;;;;;;
3609;;;;;;;;;;;;;;;;;;;;;;;;;;;;;;;
3610;;;;;;;;;;;;;;;;;;;;;;;;;;;;;;;
3611;;;;;;;;;;;;;;;;;;;;;;;;;;;;;;;
3612;;;;;;;;;;;;;;;;;;;;;;;;;;;;;;;
3613;;;;;;;;;;;;;;;;;;;;;;;;;;;;;;;
3614;;;;;;;;;;;;;;;;;;;;;;;;;;;;;;;
3615;;;;;;;;;;;;;;;;;;;;;;;;;;;;;;;
3616;;;;;;;;;;;;;;;;;;;;;;;;;;;;;;;
3617;;;;;;;;;;;;;;;;;;;;;;;;;;;;;;;
3618;;;;;;;;;;;;;;;;;;;;;;;;;;;;;;;
3619;;;;;;;;;;;;;;;;;;;;;;;;;;;;;;;
3620;;;;;;;;;;;;;;;;;;;;;;;;;;;;;;;
3621;;;;;;;;;;;;;;;;;;;;;;;;;;;;;;;
3622;;;;;;;;;;;;;;;;;;;;;;;;;;;;;;;
3623;;;;;;;;;;;;;;;;;;;;;;;;;;;;;;;
3624;;;;;;;;;;;;;;;;;;;;;;;;;;;;;;;
3625;;;;;;;;;;;;;;;;;;;;;;;;;;;;;;;
3626;;;;;;;;;;;;;;;;;;;;;;;;;;;;;;;
3627;;;;;;;;;;;;;;;;;;;;;;;;;;;;;;;
3628;;;;;;;;;;;;;;;;;;;;;;;;;;;;;;;
3629;;;;;;;;;;;;;;;;;;;;;;;;;;;;;;;
3630;;;;;;;;;;;;;;;;;;;;;;;;;;;;;;;
3631;;;;;;;;;;;;;;;;;;;;;;;;;;;;;;;
3632;;;;;;;;;;;;;;;;;;;;;;;;;;;;;;;
3633;;;;;;;;;;;;;;;;;;;;;;;;;;;;;;;
3634;;;;;;;;;;;;;;;;;;;;;;;;;;;;;;;
3635;;;;;;;;;;;;;;;;;;;;;;;;;;;;;;;
3636;;;;;;;;;;;;;;;;;;;;;;;;;;;;;;;
3637;;;;;;;;;;;;;;;;;;;;;;;;;;;;;;;
3638;;;;;;;;;;;;;;;;;;;;;;;;;;;;;;;
3639;;;;;;;;;;;;;;;;;;;;;;;;;;;;;;;
3640;;;;;;;;;;;;;;;;;;;;;;;;;;;;;;;
3641;;;;;;;;;;;;;;;;;;;;;;;;;;;;;;;
3642;;;;;;;;;;;;;;;;;;;;;;;;;;;;;;;
3643;;;;;;;;;;;;;;;;;;;;;;;;;;;;;;;
3644;;;;;;;;;;;;;;;;;;;;;;;;;;;;;;;
3645;;;;;;;;;;;;;;;;;;;;;;;;;;;;;;;
3646;;;;;;;;;;;;;;;;;;;;;;;;;;;;;;;
3647;;;;;;;;;;;;;;;;;;;;;;;;;;;;;;;
3648;;;;;;;;;;;;;;;;;;;;;;;;;;;;;;;
3649;;;;;;;;;;;;;;;;;;;;;;;;;;;;;;;
3650;;;;;;;;;;;;;;;;;;;;;;;;;;;;;;;
3651;;;;;;;;;;;;;;;;;;;;;;;;;;;;;;;
3652;;;;;;;;;;;;;;;;;;;;;;;;;;;;;;;
3653;;;;;;;;;;;;;;;;;;;;;;;;;;;;;;;
3654;;;;;;;;;;;;;;;;;;;;;;;;;;;;;;;
3655;;;;;;;;;;;;;;;;;;;;;;;;;;;;;;;
3656;;;;;;;;;;;;;;;;;;;;;;;;;;;;;;;
3657;;;;;;;;;;;;;;;;;;;;;;;;;;;;;;;
3658;;;;;;;;;;;;;;;;;;;;;;;;;;;;;;;
3659;;;;;;;;;;;;;;;;;;;;;;;;;;;;;;;
3660;;;;;;;;;;;;;;;;;;;;;;;;;;;;;;;
3661;;;;;;;;;;;;;;;;;;;;;;;;;;;;;;;
3662;;;;;;;;;;;;;;;;;;;;;;;;;;;;;;;
3663;;;;;;;;;;;;;;;;;;;;;;;;;;;;;;;
3664;;;;;;;;;;;;;;;;;;;;;;;;;;;;;;;
3665;;;;;;;;;;;;;;;;;;;;;;;;;;;;;;;
3666;;;;;;;;;;;;;;;;;;;;;;;;;;;;;;;
3667;;;;;;;;;;;;;;;;;;;;;;;;;;;;;;;
3668;;;;;;;;;;;;;;;;;;;;;;;;;;;;;;;
3669;;;;;;;;;;;;;;;;;;;;;;;;;;;;;;;
3670;;;;;;;;;;;;;;;;;;;;;;;;;;;;;;;
3671;;;;;;;;;;;;;;;;;;;;;;;;;;;;;;;
3672;;;;;;;;;;;;;;;;;;;;;;;;;;;;;;;
3673;;;;;;;;;;;;;;;;;;;;;;;;;;;;;;;
3674;;;;;;;;;;;;;;;;;;;;;;;;;;;;;;;
3675;;;;;;;;;;;;;;;;;;;;;;;;;;;;;;;
3676;;;;;;;;;;;;;;;;;;;;;;;;;;;;;;;
3677;;;;;;;;;;;;;;;;;;;;;;;;;;;;;;;
3678;;;;;;;;;;;;;;;;;;;;;;;;;;;;;;;
3679;;;;;;;;;;;;;;;;;;;;;;;;;;;;;;;
3680;;;;;;;;;;;;;;;;;;;;;;;;;;;;;;;
3681;;;;;;;;;;;;;;;;;;;;;;;;;;;;;;;
3682;;;;;;;;;;;;;;;;;;;;;;;;;;;;;;;
3683;;;;;;;;;;;;;;;;;;;;;;;;;;;;;;;
3684;;;;;;;;;;;;;;;;;;;;;;;;;;;;;;;
3685;;;;;;;;;;;;;;;;;;;;;;;;;;;;;;;
3686;;;;;;;;;;;;;;;;;;;;;;;;;;;;;;;
3687;;;;;;;;;;;;;;;;;;;;;;;;;;;;;;;
3688;;;;;;;;;;;;;;;;;;;;;;;;;;;;;;;
3689;;;;;;;;;;;;;;;;;;;;;;;;;;;;;;;
3690;;;;;;;;;;;;;;;;;;;;;;;;;;;;;;;
3691;;;;;;;;;;;;;;;;;;;;;;;;;;;;;;;
3692;;;;;;;;;;;;;;;;;;;;;;;;;;;;;;;
3693;;;;;;;;;;;;;;;;;;;;;;;;;;;;;;;
3694;;;;;;;;;;;;;;;;;;;;;;;;;;;;;;;
3695;;;;;;;;;;;;;;;;;;;;;;;;;;;;;;;
3696;;;;;;;;;;;;;;;;;;;;;;;;;;;;;;;
3697;;;;;;;;;;;;;;;;;;;;;;;;;;;;;;;
3698;;;;;;;;;;;;;;;;;;;;;;;;;;;;;;;
3699;;;;;;;;;;;;;;;;;;;;;;;;;;;;;;;
3700;;;;;;;;;;;;;;;;;;;;;;;;;;;;;;;
3701;;;;;;;;;;;;;;;;;;;;;;;;;;;;;;;
3702;;;;;;;;;;;;;;;;;;;;;;;;;;;;;;;
3703;;;;;;;;;;;;;;;;;;;;;;;;;;;;;;;
3704;;;;;;;;;;;;;;;;;;;;;;;;;;;;;;;
3705;;;;;;;;;;;;;;;;;;;;;;;;;;;;;;;
3706;;;;;;;;;;;;;;;;;;;;;;;;;;;;;;;
3707;;;;;;;;;;;;;;;;;;;;;;;;;;;;;;;
3708;;;;;;;;;;;;;;;;;;;;;;;;;;;;;;;
3709;;;;;;;;;;;;;;;;;;;;;;;;;;;;;;;
3710;;;;;;;;;;;;;;;;;;;;;;;;;;;;;;;
3711;;;;;;;;;;;;;;;;;;;;;;;;;;;;;;;
3712;;;;;;;;;;;;;;;;;;;;;;;;;;;;;;;
3713;;;;;;;;;;;;;;;;;;;;;;;;;;;;;;;
3714;;;;;;;;;;;;;;;;;;;;;;;;;;;;;;;
3715;;;;;;;;;;;;;;;;;;;;;;;;;;;;;;;
3716;;;;;;;;;;;;;;;;;;;;;;;;;;;;;;;
3717;;;;;;;;;;;;;;;;;;;;;;;;;;;;;;;
3718;;;;;;;;;;;;;;;;;;;;;;;;;;;;;;;
3719;;;;;;;;;;;;;;;;;;;;;;;;;;;;;;;
3720;;;;;;;;;;;;;;;;;;;;;;;;;;;;;;;
3721;;;;;;;;;;;;;;;;;;;;;;;;;;;;;;;
3722;;;;;;;;;;;;;;;;;;;;;;;;;;;;;;;
3723;;;;;;;;;;;;;;;;;;;;;;;;;;;;;;;
3724;;;;;;;;;;;;;;;;;;;;;;;;;;;;;;;
3725;;;;;;;;;;;;;;;;;;;;;;;;;;;;;;;
3726;;;;;;;;;;;;;;;;;;;;;;;;;;;;;;;
3727;;;;;;;;;;;;;;;;;;;;;;;;;;;;;;;
3728;;;;;;;;;;;;;;;;;;;;;;;;;;;;;;;
3729;;;;;;;;;;;;;;;;;;;;;;;;;;;;;;;
3730;;;;;;;;;;;;;;;;;;;;;;;;;;;;;;;
3731;;;;;;;;;;;;;;;;;;;;;;;;;;;;;;;
3732;;;;;;;;;;;;;;;;;;;;;;;;;;;;;;;
3733;;;;;;;;;;;;;;;;;;;;;;;;;;;;;;;
3734;;;;;;;;;;;;;;;;;;;;;;;;;;;;;;;
3735;;;;;;;;;;;;;;;;;;;;;;;;;;;;;;;
3736;;;;;;;;;;;;;;;;;;;;;;;;;;;;;;;
3737;;;;;;;;;;;;;;;;;;;;;;;;;;;;;;;
3738;;;;;;;;;;;;;;;;;;;;;;;;;;;;;;;
3739;;;;;;;;;;;;;;;;;;;;;;;;;;;;;;;
3740;;;;;;;;;;;;;;;;;;;;;;;;;;;;;;;
3741;;;;;;;;;;;;;;;;;;;;;;;;;;;;;;;
3742;;;;;;;;;;;;;;;;;;;;;;;;;;;;;;;
3743;;;;;;;;;;;;;;;;;;;;;;;;;;;;;;;
3744;;;;;;;;;;;;;;;;;;;;;;;;;;;;;;;
3745;;;;;;;;;;;;;;;;;;;;;;;;;;;;;;;
3746;;;;;;;;;;;;;;;;;;;;;;;;;;;;;;;
3747;;;;;;;;;;;;;;;;;;;;;;;;;;;;;;;
3748;;;;;;;;;;;;;;;;;;;;;;;;;;;;;;;
3749;;;;;;;;;;;;;;;;;;;;;;;;;;;;;;;
3750;;;;;;;;;;;;;;;;;;;;;;;;;;;;;;;
3751;;;;;;;;;;;;;;;;;;;;;;;;;;;;;;;
3752;;;;;;;;;;;;;;;;;;;;;;;;;;;;;;;
3753;;;;;;;;;;;;;;;;;;;;;;;;;;;;;;;
3754;;;;;;;;;;;;;;;;;;;;;;;;;;;;;;;
3755;;;;;;;;;;;;;;;;;;;;;;;;;;;;;;;
3756;;;;;;;;;;;;;;;;;;;;;;;;;;;;;;;
3757;;;;;;;;;;;;;;;;;;;;;;;;;;;;;;;
3758;;;;;;;;;;;;;;;;;;;;;;;;;;;;;;;
3759;;;;;;;;;;;;;;;;;;;;;;;;;;;;;;;
3760;;;;;;;;;;;;;;;;;;;;;;;;;;;;;;;
3761;;;;;;;;;;;;;;;;;;;;;;;;;;;;;;;
3762;;;;;;;;;;;;;;;;;;;;;;;;;;;;;;;
3763;;;;;;;;;;;;;;;;;;;;;;;;;;;;;;;
3764;;;;;;;;;;;;;;;;;;;;;;;;;;;;;;;
3765;;;;;;;;;;;;;;;;;;;;;;;;;;;;;;;
3766;;;;;;;;;;;;;;;;;;;;;;;;;;;;;;;
3767;;;;;;;;;;;;;;;;;;;;;;;;;;;;;;;
3768;;;;;;;;;;;;;;;;;;;;;;;;;;;;;;;
3769;;;;;;;;;;;;;;;;;;;;;;;;;;;;;;;
3770;;;;;;;;;;;;;;;;;;;;;;;;;;;;;;;
3771;;;;;;;;;;;;;;;;;;;;;;;;;;;;;;;
3772;;;;;;;;;;;;;;;;;;;;;;;;;;;;;;;
3773;;;;;;;;;;;;;;;;;;;;;;;;;;;;;;;
3774;;;;;;;;;;;;;;;;;;;;;;;;;;;;;;;
3775;;;;;;;;;;;;;;;;;;;;;;;;;;;;;;;
3776;;;;;;;;;;;;;;;;;;;;;;;;;;;;;;;
3777;;;;;;;;;;;;;;;;;;;;;;;;;;;;;;;
3778;;;;;;;;;;;;;;;;;;;;;;;;;;;;;;;
3779;;;;;;;;;;;;;;;;;;;;;;;;;;;;;;;
3780;;;;;;;;;;;;;;;;;;;;;;;;;;;;;;;
3781;;;;;;;;;;;;;;;;;;;;;;;;;;;;;;;
3782;;;;;;;;;;;;;;;;;;;;;;;;;;;;;;;
3783;;;;;;;;;;;;;;;;;;;;;;;;;;;;;;;
3784;;;;;;;;;;;;;;;;;;;;;;;;;;;;;;;
3785;;;;;;;;;;;;;;;;;;;;;;;;;;;;;;;
3786;;;;;;;;;;;;;;;;;;;;;;;;;;;;;;;
3787;;;;;;;;;;;;;;;;;;;;;;;;;;;;;;;
3788;;;;;;;;;;;;;;;;;;;;;;;;;;;;;;;
3789;;;;;;;;;;;;;;;;;;;;;;;;;;;;;;;
3790;;;;;;;;;;;;;;;;;;;;;;;;;;;;;;;
3791;;;;;;;;;;;;;;;;;;;;;;;;;;;;;;;
3792;;;;;;;;;;;;;;;;;;;;;;;;;;;;;;;
3793;;;;;;;;;;;;;;;;;;;;;;;;;;;;;;;
3794;;;;;;;;;;;;;;;;;;;;;;;;;;;;;;;
3795;;;;;;;;;;;;;;;;;;;;;;;;;;;;;;;
3796;;;;;;;;;;;;;;;;;;;;;;;;;;;;;;;
3797;;;;;;;;;;;;;;;;;;;;;;;;;;;;;;;
3798;;;;;;;;;;;;;;;;;;;;;;;;;;;;;;;
3799;;;;;;;;;;;;;;;;;;;;;;;;;;;;;;;
3800;;;;;;;;;;;;;;;;;;;;;;;;;;;;;;;
3801;;;;;;;;;;;;;;;;;;;;;;;;;;;;;;;
3802;;;;;;;;;;;;;;;;;;;;;;;;;;;;;;;
3803;;;;;;;;;;;;;;;;;;;;;;;;;;;;;;;
3804;;;;;;;;;;;;;;;;;;;;;;;;;;;;;;;
3805;;;;;;;;;;;;;;;;;;;;;;;;;;;;;;;
3806;;;;;;;;;;;;;;;;;;;;;;;;;;;;;;;
3807;;;;;;;;;;;;;;;;;;;;;;;;;;;;;;;
3808;;;;;;;;;;;;;;;;;;;;;;;;;;;;;;;
3809;;;;;;;;;;;;;;;;;;;;;;;;;;;;;;;
3810;;;;;;;;;;;;;;;;;;;;;;;;;;;;;;;
3811;;;;;;;;;;;;;;;;;;;;;;;;;;;;;;;
3812;;;;;;;;;;;;;;;;;;;;;;;;;;;;;;;
3813;;;;;;;;;;;;;;;;;;;;;;;;;;;;;;;
3814;;;;;;;;;;;;;;;;;;;;;;;;;;;;;;;
3815;;;;;;;;;;;;;;;;;;;;;;;;;;;;;;;
3816;;;;;;;;;;;;;;;;;;;;;;;;;;;;;;;
3817;;;;;;;;;;;;;;;;;;;;;;;;;;;;;;;
3818;;;;;;;;;;;;;;;;;;;;;;;;;;;;;;;
3819;;;;;;;;;;;;;;;;;;;;;;;;;;;;;;;
3820;;;;;;;;;;;;;;;;;;;;;;;;;;;;;;;
3821;;;;;;;;;;;;;;;;;;;;;;;;;;;;;;;
3822;;;;;;;;;;;;;;;;;;;;;;;;;;;;;;;
3823;;;;;;;;;;;;;;;;;;;;;;;;;;;;;;;
3824;;;;;;;;;;;;;;;;;;;;;;;;;;;;;;;
3825;;;;;;;;;;;;;;;;;;;;;;;;;;;;;;;
3826;;;;;;;;;;;;;;;;;;;;;;;;;;;;;;;
3827;;;;;;;;;;;;;;;;;;;;;;;;;;;;;;;
3828;;;;;;;;;;;;;;;;;;;;;;;;;;;;;;;
3829;;;;;;;;;;;;;;;;;;;;;;;;;;;;;;;
3830;;;;;;;;;;;;;;;;;;;;;;;;;;;;;;;
3831;;;;;;;;;;;;;;;;;;;;;;;;;;;;;;;
3832;;;;;;;;;;;;;;;;;;;;;;;;;;;;;;;
3833;;;;;;;;;;;;;;;;;;;;;;;;;;;;;;;
3834;;;;;;;;;;;;;;;;;;;;;;;;;;;;;;;
3835;;;;;;;;;;;;;;;;;;;;;;;;;;;;;;;
3836;;;;;;;;;;;;;;;;;;;;;;;;;;;;;;;
3837;;;;;;;;;;;;;;;;;;;;;;;;;;;;;;;
3838;;;;;;;;;;;;;;;;;;;;;;;;;;;;;;;
3839;;;;;;;;;;;;;;;;;;;;;;;;;;;;;;;
3840;;;;;;;;;;;;;;;;;;;;;;;;;;;;;;;
3841;;;;;;;;;;;;;;;;;;;;;;;;;;;;;;;
3842;;;;;;;;;;;;;;;;;;;;;;;;;;;;;;;
3843;;;;;;;;;;;;;;;;;;;;;;;;;;;;;;;
3844;;;;;;;;;;;;;;;;;;;;;;;;;;;;;;;
3845;;;;;;;;;;;;;;;;;;;;;;;;;;;;;;;
3846;;;;;;;;;;;;;;;;;;;;;;;;;;;;;;;
3847;;;;;;;;;;;;;;;;;;;;;;;;;;;;;;;
3848;;;;;;;;;;;;;;;;;;;;;;;;;;;;;;;
3849;;;;;;;;;;;;;;;;;;;;;;;;;;;;;;;
3850;;;;;;;;;;;;;;;;;;;;;;;;;;;;;;;
3851;;;;;;;;;;;;;;;;;;;;;;;;;;;;;;;
3852;;;;;;;;;;;;;;;;;;;;;;;;;;;;;;;
3853;;;;;;;;;;;;;;;;;;;;;;;;;;;;;;;
3854;;;;;;;;;;;;;;;;;;;;;;;;;;;;;;;
3855;;;;;;;;;;;;;;;;;;;;;;;;;;;;;;;
3856;;;;;;;;;;;;;;;;;;;;;;;;;;;;;;;
3857;;;;;;;;;;;;;;;;;;;;;;;;;;;;;;;
3858;;;;;;;;;;;;;;;;;;;;;;;;;;;;;;;
3859;;;;;;;;;;;;;;;;;;;;;;;;;;;;;;;
3860;;;;;;;;;;;;;;;;;;;;;;;;;;;;;;;
3861;;;;;;;;;;;;;;;;;;;;;;;;;;;;;;;
3862;;;;;;;;;;;;;;;;;;;;;;;;;;;;;;;
3863;;;;;;;;;;;;;;;;;;;;;;;;;;;;;;;
3864;;;;;;;;;;;;;;;;;;;;;;;;;;;;;;;
3865;;;;;;;;;;;;;;;;;;;;;;;;;;;;;;;
3866;;;;;;;;;;;;;;;;;;;;;;;;;;;;;;;
3867;;;;;;;;;;;;;;;;;;;;;;;;;;;;;;;
3868;;;;;;;;;;;;;;;;;;;;;;;;;;;;;;;
3869;;;;;;;;;;;;;;;;;;;;;;;;;;;;;;;
3870;;;;;;;;;;;;;;;;;;;;;;;;;;;;;;;
3871;;;;;;;;;;;;;;;;;;;;;;;;;;;;;;;
3872;;;;;;;;;;;;;;;;;;;;;;;;;;;;;;;
3873;;;;;;;;;;;;;;;;;;;;;;;;;;;;;;;
3874;;;;;;;;;;;;;;;;;;;;;;;;;;;;;;;
3875;;;;;;;;;;;;;;;;;;;;;;;;;;;;;;;
3876;;;;;;;;;;;;;;;;;;;;;;;;;;;;;;;
3877;;;;;;;;;;;;;;;;;;;;;;;;;;;;;;;
3878;;;;;;;;;;;;;;;;;;;;;;;;;;;;;;;
3879;;;;;;;;;;;;;;;;;;;;;;;;;;;;;;;
3880;;;;;;;;;;;;;;;;;;;;;;;;;;;;;;;
3881;;;;;;;;;;;;;;;;;;;;;;;;;;;;;;;
3882;;;;;;;;;;;;;;;;;;;;;;;;;;;;;;;
3883;;;;;;;;;;;;;;;;;;;;;;;;;;;;;;;
3884;;;;;;;;;;;;;;;;;;;;;;;;;;;;;;;
3885;;;;;;;;;;;;;;;;;;;;;;;;;;;;;;;
3886;;;;;;;;;;;;;;;;;;;;;;;;;;;;;;;
3887;;;;;;;;;;;;;;;;;;;;;;;;;;;;;;;
3888;;;;;;;;;;;;;;;;;;;;;;;;;;;;;;;
3889;;;;;;;;;;;;;;;;;;;;;;;;;;;;;;;
3890;;;;;;;;;;;;;;;;;;;;;;;;;;;;;;;
3891;;;;;;;;;;;;;;;;;;;;;;;;;;;;;;;
3892;;;;;;;;;;;;;;;;;;;;;;;;;;;;;;;
3893;;;;;;;;;;;;;;;;;;;;;;;;;;;;;;;
3894;;;;;;;;;;;;;;;;;;;;;;;;;;;;;;;
3895;;;;;;;;;;;;;;;;;;;;;;;;;;;;;;;
3896;;;;;;;;;;;;;;;;;;;;;;;;;;;;;;;
3897;;;;;;;;;;;;;;;;;;;;;;;;;;;;;;;
3898;;;;;;;;;;;;;;;;;;;;;;;;;;;;;;;
3899;;;;;;;;;;;;;;;;;;;;;;;;;;;;;;;
3900;;;;;;;;;;;;;;;;;;;;;;;;;;;;;;;
3901;;;;;;;;;;;;;;;;;;;;;;;;;;;;;;;
3902;;;;;;;;;;;;;;;;;;;;;;;;;;;;;;;
3903;;;;;;;;;;;;;;;;;;;;;;;;;;;;;;;
3904;;;;;;;;;;;;;;;;;;;;;;;;;;;;;;;
3905;;;;;;;;;;;;;;;;;;;;;;;;;;;;;;;
3906;;;;;;;;;;;;;;;;;;;;;;;;;;;;;;;
3907;;;;;;;;;;;;;;;;;;;;;;;;;;;;;;;
3908;;;;;;;;;;;;;;;;;;;;;;;;;;;;;;;
3909;;;;;;;;;;;;;;;;;;;;;;;;;;;;;;;
3910;;;;;;;;;;;;;;;;;;;;;;;;;;;;;;;
3911;;;;;;;;;;;;;;;;;;;;;;;;;;;;;;;
3912;;;;;;;;;;;;;;;;;;;;;;;;;;;;;;;
3913;;;;;;;;;;;;;;;;;;;;;;;;;;;;;;;
3914;;;;;;;;;;;;;;;;;;;;;;;;;;;;;;;
3915;;;;;;;;;;;;;;;;;;;;;;;;;;;;;;;
3916;;;;;;;;;;;;;;;;;;;;;;;;;;;;;;;
3917;;;;;;;;;;;;;;;;;;;;;;;;;;;;;;;
3918;;;;;;;;;;;;;;;;;;;;;;;;;;;;;;;
3919;;;;;;;;;;;;;;;;;;;;;;;;;;;;;;;
3920;;;;;;;;;;;;;;;;;;;;;;;;;;;;;;;
3921;;;;;;;;;;;;;;;;;;;;;;;;;;;;;;;
3922;;;;;;;;;;;;;;;;;;;;;;;;;;;;;;;
3923;;;;;;;;;;;;;;;;;;;;;;;;;;;;;;;
3924;;;;;;;;;;;;;;;;;;;;;;;;;;;;;;;
3925;;;;;;;;;;;;;;;;;;;;;;;;;;;;;;;
3926;;;;;;;;;;;;;;;;;;;;;;;;;;;;;;;
3927;;;;;;;;;;;;;;;;;;;;;;;;;;;;;;;
3928;;;;;;;;;;;;;;;;;;;;;;;;;;;;;;;
3929;;;;;;;;;;;;;;;;;;;;;;;;;;;;;;;
3930;;;;;;;;;;;;;;;;;;;;;;;;;;;;;;;
3931;;;;;;;;;;;;;;;;;;;;;;;;;;;;;;;
3932;;;;;;;;;;;;;;;;;;;;;;;;;;;;;;;
3933;;;;;;;;;;;;;;;;;;;;;;;;;;;;;;;
3934;;;;;;;;;;;;;;;;;;;;;;;;;;;;;;;
3935;;;;;;;;;;;;;;;;;;;;;;;;;;;;;;;
3936;;;;;;;;;;;;;;;;;;;;;;;;;;;;;;;
3937;;;;;;;;;;;;;;;;;;;;;;;;;;;;;;;
3938;;;;;;;;;;;;;;;;;;;;;;;;;;;;;;;
3939;;;;;;;;;;;;;;;;;;;;;;;;;;;;;;;
3940;;;;;;;;;;;;;;;;;;;;;;;;;;;;;;;
3941;;;;;;;;;;;;;;;;;;;;;;;;;;;;;;;
3942;;;;;;;;;;;;;;;;;;;;;;;;;;;;;;;
3943;;;;;;;;;;;;;;;;;;;;;;;;;;;;;;;
3944;;;;;;;;;;;;;;;;;;;;;;;;;;;;;;;
3945;;;;;;;;;;;;;;;;;;;;;;;;;;;;;;;
3946;;;;;;;;;;;;;;;;;;;;;;;;;;;;;;;
3947;;;;;;;;;;;;;;;;;;;;;;;;;;;;;;;
3948;;;;;;;;;;;;;;;;;;;;;;;;;;;;;;;
3949;;;;;;;;;;;;;;;;;;;;;;;;;;;;;;;
3950;;;;;;;;;;;;;;;;;;;;;;;;;;;;;;;
3951;;;;;;;;;;;;;;;;;;;;;;;;;;;;;;;
3952;;;;;;;;;;;;;;;;;;;;;;;;;;;;;;;
3953;;;;;;;;;;;;;;;;;;;;;;;;;;;;;;;
3954;;;;;;;;;;;;;;;;;;;;;;;;;;;;;;;
3955;;;;;;;;;;;;;;;;;;;;;;;;;;;;;;;
3956;;;;;;;;;;;;;;;;;;;;;;;;;;;;;;;
3957;;;;;;;;;;;;;;;;;;;;;;;;;;;;;;;
3958;;;;;;;;;;;;;;;;;;;;;;;;;;;;;;;
3959;;;;;;;;;;;;;;;;;;;;;;;;;;;;;;;
3960;;;;;;;;;;;;;;;;;;;;;;;;;;;;;;;
3961;;;;;;;;;;;;;;;;;;;;;;;;;;;;;;;
3962;;;;;;;;;;;;;;;;;;;;;;;;;;;;;;;
3963;;;;;;;;;;;;;;;;;;;;;;;;;;;;;;;
3964;;;;;;;;;;;;;;;;;;;;;;;;;;;;;;;
3965;;;;;;;;;;;;;;;;;;;;;;;;;;;;;;;
3966;;;;;;;;;;;;;;;;;;;;;;;;;;;;;;;
3967;;;;;;;;;;;;;;;;;;;;;;;;;;;;;;;
3968;;;;;;;;;;;;;;;;;;;;;;;;;;;;;;;
3969;;;;;;;;;;;;;;;;;;;;;;;;;;;;;;;
3970;;;;;;;;;;;;;;;;;;;;;;;;;;;;;;;
3971;;;;;;;;;;;;;;;;;;;;;;;;;;;;;;;
3972;;;;;;;;;;;;;;;;;;;;;;;;;;;;;;;
3973;;;;;;;;;;;;;;;;;;;;;;;;;;;;;;;
3974;;;;;;;;;;;;;;;;;;;;;;;;;;;;;;;
3975;;;;;;;;;;;;;;;;;;;;;;;;;;;;;;;
3976;;;;;;;;;;;;;;;;;;;;;;;;;;;;;;;
3977;;;;;;;;;;;;;;;;;;;;;;;;;;;;;;;
3978;;;;;;;;;;;;;;;;;;;;;;;;;;;;;;;
3979;;;;;;;;;;;;;;;;;;;;;;;;;;;;;;;
3980;;;;;;;;;;;;;;;;;;;;;;;;;;;;;;;
3981;;;;;;;;;;;;;;;;;;;;;;;;;;;;;;;
3982;;;;;;;;;;;;;;;;;;;;;;;;;;;;;;;
3983;;;;;;;;;;;;;;;;;;;;;;;;;;;;;;;
3984;;;;;;;;;;;;;;;;;;;;;;;;;;;;;;;
3985;;;;;;;;;;;;;;;;;;;;;;;;;;;;;;;
3986;;;;;;;;;;;;;;;;;;;;;;;;;;;;;;;
3987;;;;;;;;;;;;;;;;;;;;;;;;;;;;;;;
3988;;;;;;;;;;;;;;;;;;;;;;;;;;;;;;;
3989;;;;;;;;;;;;;;;;;;;;;;;;;;;;;;;
3990;;;;;;;;;;;;;;;;;;;;;;;;;;;;;;;
3991;;;;;;;;;;;;;;;;;;;;;;;;;;;;;;;
3992;;;;;;;;;;;;;;;;;;;;;;;;;;;;;;;
3993;;;;;;;;;;;;;;;;;;;;;;;;;;;;;;;
3994;;;;;;;;;;;;;;;;;;;;;;;;;;;;;;;
3995;;;;;;;;;;;;;;;;;;;;;;;;;;;;;;;
3996;;;;;;;;;;;;;;;;;;;;;;;;;;;;;;;
3997;;;;;;;;;;;;;;;;;;;;;;;;;;;;;;;
3998;;;;;;;;;;;;;;;;;;;;;;;;;;;;;;;
3999;;;;;;;;;;;;;;;;;;;;;;;;;;;;;;;
